{
"type": "FeatureCollection",
"name": "kitui_subcounties",
"crs": { "type": "name", "properties": { "name": "urn:ogc:def:crs:OGC:1.3:CRS84" } },
"features": [
{ "type": "Feature", "properties": { "Shape_Area": 0.05920542541, "name": "Kitui Central", "ADM1_EN": "Kitui", "ADM0_EN": "Kenya" }, "geometry": { "type": "MultiPolygon", "coordinates": [ [ [ [ 38.152664185000049, -1.203400492999947 ], [ 38.152345657000069, -1.204479127999946 ], [ 38.152095795000037, -1.206023245999972 ], [ 38.151868820000061, -1.207135974999971 ], [ 38.151699066000049, -1.208112358999927 ], [ 38.151527405000024, -1.209225117999949 ], [ 38.151622772000053, -1.210337797999955 ], [ 38.152173996000045, -1.211802482999929 ], [ 38.152595520000034, -1.21267676399998 ], [ 38.152810097000042, -1.213636189999932 ], [ 38.152629852000075, -1.214731871999959 ], [ 38.152389526000036, -1.215481161999946 ], [ 38.152595520000034, -1.216321348999941 ], [ 38.153230667000059, -1.21740004399993 ], [ 38.15354919400005, -1.218251585999951 ], [ 38.153718948000062, -1.219080447999943 ], [ 38.153808594000054, -1.220034181999949 ], [ 38.153774261000081, -1.221044718999963 ], [ 38.153640747000054, -1.221884905999957 ], [ 38.153264999000044, -1.222656964999942 ], [ 38.152866364000033, -1.223650454999927 ], [ 38.153114319000053, -1.22484830999997 ], [ 38.153072357000042, -1.22568851699998 ], [ 38.152720133000059, -1.226505994999968 ], [ 38.152515411000024, -1.227584629999967 ], [ 38.152614593000067, -1.228678424999941 ], [ 38.15253830000006, -1.22953754699995 ], [ 38.152412415000072, -1.230854629999953 ], [ 38.152423859000066, -1.231626688999938 ], [ 38.152515411000024, -1.232784807999963 ], [ 38.152635574000044, -1.234079151999936 ], [ 38.152753830000051, -1.235044300999959 ], [ 38.153123855000047, -1.236168324999937 ], [ 38.15346908600003, -1.237439989999928 ], [ 38.153560638000044, -1.238620817999958 ], [ 38.153696060000073, -1.239676713999927 ], [ 38.153991699000073, -1.240630506999935 ], [ 38.154333115000043, -1.24137985699997 ], [ 38.154701233000026, -1.242662846999963 ], [ 38.154876709000064, -1.24392318699995 ], [ 38.154991150000058, -1.244808792999947 ], [ 38.155059814000026, -1.245626091999952 ], [ 38.155128479000041, -1.246557294999945 ], [ 38.155172348000065, -1.247567831999959 ], [ 38.155342102000077, -1.248601018999977 ], [ 38.15553665200008, -1.249713777999943 ], [ 38.155870438000079, -1.251189738999926 ], [ 38.15632534000008, -1.252393274999974 ], [ 38.156965256000035, -1.253517388999967 ], [ 38.157590866000078, -1.254527806999931 ], [ 38.158203125000057, -1.255436181999926 ], [ 38.158496857000046, -1.256238579999945 ], [ 38.158535004000044, -1.257377743999939 ], [ 38.158622742000034, -1.258581280999977 ], [ 38.158782959000064, -1.259591817999933 ], [ 38.15900993300005, -1.260556876999942 ], [ 38.159397125000055, -1.261726378999924 ], [ 38.159782410000048, -1.262839078999946 ], [ 38.159988403000057, -1.26367926599994 ], [ 38.160144806000062, -1.264701127999956 ], [ 38.160474777000047, -1.266290664999929 ], [ 38.16054153400006, -1.267278491999946 ], [ 38.16054153400006, -1.268323063999958 ], [ 38.160512924000045, -1.269645750999928 ], [ 38.160804749000079, -1.270798265999929 ], [ 38.16128158600003, -1.271502196999961 ], [ 38.161643982000044, -1.27259781999993 ], [ 38.161804199000073, -1.273784279999973 ], [ 38.162086487000067, -1.274851619999936 ], [ 38.16226959200003, -1.275918960999945 ], [ 38.161672592000059, -1.276906728999961 ], [ 38.16128158600003, -1.277928590999977 ], [ 38.161293030000024, -1.278734743999962 ], [ 38.161495209000066, -1.279836058999933 ], [ 38.161792755000079, -1.280948757999965 ], [ 38.162189484000066, -1.281959294999979 ], [ 38.162728310000034, -1.282981186999962 ], [ 38.163278580000053, -1.284093915999961 ], [ 38.163654327000074, -1.285115718999975 ], [ 38.163867950000053, -1.285978674999967 ], [ 38.163970947000053, -1.287023245999933 ], [ 38.164131165000072, -1.288101851999954 ], [ 38.165510268000048, -1.296800959999928 ], [ 38.165377426000077, -1.297947157999943 ], [ 38.16634496100005, -1.298514325999975 ], [ 38.167304357000035, -1.298716854999952 ], [ 38.168399811000029, -1.298684034999951 ], [ 38.169033051000042, -1.299633293999932 ], [ 38.16928318600003, -1.300743766999972 ], [ 38.169785227000034, -1.301887409999949 ], [ 38.169824812000059, -1.303415271999938 ], [ 38.169926780000026, -1.304593221999937 ], [ 38.170241038000029, -1.30544582999994 ], [ 38.170344761000024, -1.30635678799996 ], [ 38.170732498000064, -1.307204663999926 ], [ 38.171210819000066, -1.308015041999965 ], [ 38.171747684000024, -1.309084742999971 ], [ 38.171970367000029, -1.310053160999928 ], [ 38.172332001000029, -1.310899495999934 ], [ 38.172477341000047, -1.311834811999972 ], [ 38.17315355900007, -1.314171065999972 ], [ 38.173194885000044, -1.315817564999975 ], [ 38.173871613000074, -1.324745511999936 ], [ 38.173960368000053, -1.325590292999948 ], [ 38.173995209000054, -1.326415967999935 ], [ 38.173891544000071, -1.327516719999949 ], [ 38.173993683000049, -1.328533744999959 ], [ 38.174240748000045, -1.329303641999957 ], [ 38.174694824000028, -1.330463917999964 ], [ 38.174835682000037, -1.331852917999925 ], [ 38.174980164000033, -1.33318991699997 ], [ 38.175402959000053, -1.334152141999937 ], [ 38.175579071000072, -1.335152764999975 ], [ 38.175690333000034, -1.33615169899997 ], [ 38.176201502000026, -1.337184746999981 ], [ 38.17654800400004, -1.338263689999962 ], [ 38.177103043000045, -1.339066961999947 ], [ 38.177873993000048, -1.339737128999957 ], [ 38.178000132000079, -1.340681790999952 ], [ 38.178190613000027, -1.34150485999993 ], [ 38.178343031000054, -1.342622279999944 ], [ 38.178635406000069, -1.343636750999963 ], [ 38.17936420400008, -1.343992620999927 ], [ 38.179972649000035, -1.344617336999931 ], [ 38.18083858500006, -1.345216974999971 ], [ 38.181763649000061, -1.345908209999948 ], [ 38.181538264000039, -1.346786081999937 ], [ 38.181440735000081, -1.34768435999996 ], [ 38.181877136000026, -1.348472833999949 ], [ 38.182699680000042, -1.34964115899993 ], [ 38.182617823000044, -1.350646992999941 ], [ 38.182620457000041, -1.351568715999974 ], [ 38.182384915000057, -1.352742353999929 ], [ 38.181793976000051, -1.353487467999969 ], [ 38.181534290000059, -1.354515909999975 ], [ 38.181613922000054, -1.355493485999943 ], [ 38.181637900000055, -1.356287836999968 ], [ 38.180677414000058, -1.355663358999948 ], [ 38.179626465000069, -1.354948460999935 ], [ 38.178544998000064, -1.354429065999966 ], [ 38.17764091500004, -1.354147970999975 ], [ 38.176511765000043, -1.354062437999971 ], [ 38.175016403000029, -1.354157179999959 ], [ 38.17392540000003, -1.354349612999954 ], [ 38.172921181000049, -1.354413806999958 ], [ 38.172233582000047, -1.353891372999954 ], [ 38.170600891000049, -1.35214990399993 ], [ 38.169860840000069, -1.351557015999958 ], [ 38.168443680000053, -1.350227136999933 ], [ 38.16807301800003, -1.349300384999935 ], [ 38.167252011000073, -1.346670137999979 ], [ 38.166252136000026, -1.346974372999966 ], [ 38.165487289000055, -1.347463130999927 ], [ 38.164472580000051, -1.347945928999934 ], [ 38.163444519000052, -1.348281979999967 ], [ 38.16266822800003, -1.348453044999928 ], [ 38.161479950000057, -1.348660826999946 ], [ 38.160158157000069, -1.348764717999927 ], [ 38.159015656000065, -1.348972439999955 ], [ 38.158113480000054, -1.349464356999931 ], [ 38.15699386600005, -1.34977281099998 ], [ 38.155999502000043, -1.349634408999975 ], [ 38.15496158600007, -1.348893016999966 ], [ 38.153929392000066, -1.348123112999929 ], [ 38.152837753000028, -1.34789088399998 ], [ 38.151597977000051, -1.347652613999969 ], [ 38.150724411000056, -1.347316503999934 ], [ 38.14953994800004, -1.346729874999937 ], [ 38.148653030000048, -1.346363305999944 ], [ 38.147477150000043, -1.346234976999938 ], [ 38.146532059000037, -1.346564948999969 ], [ 38.144577026000036, -1.347512006999978 ], [ 38.143522898000072, -1.347868491999975 ], [ 38.141805013000067, -1.347964266999952 ], [ 38.14015579200003, -1.34769234099997 ], [ 38.139004707000026, -1.347777872999927 ], [ 38.137355804000038, -1.347829818999969 ], [ 38.136266708000051, -1.347829818999969 ], [ 38.134755333000044, -1.347802101999946 ], [ 38.132779439000046, -1.34769535099997 ], [ 38.131708145000061, -1.347478389999935 ], [ 38.130921682000064, -1.347336887999973 ], [ 38.129136086000074, -1.347072004999973 ], [ 38.128648758000054, -1.345833211999945 ], [ 38.127876282000045, -1.344925283999942 ], [ 38.127269745000035, -1.344360947999974 ], [ 38.12642097500003, -1.343774973999928 ], [ 38.125602722000053, -1.343304752999927 ], [ 38.124817848000077, -1.342709987999967 ], [ 38.124374390000071, -1.341776728999946 ], [ 38.124259949000077, -1.340362071999948 ], [ 38.12428665200008, -1.339320301999976 ], [ 38.124032974000045, -1.338474481999924 ], [ 38.123173714000075, -1.338129102999972 ], [ 38.121975422000048, -1.33841425199995 ], [ 38.121870995000052, -1.339742332999947 ], [ 38.121700287000067, -1.340830027999971 ], [ 38.12140846300008, -1.34163665799997 ], [ 38.121051788000045, -1.342511176999949 ], [ 38.120850881000024, -1.343771337999954 ], [ 38.12066459700003, -1.344724654999936 ], [ 38.120405197000025, -1.345490514999938 ], [ 38.119979858000079, -1.346174954999981 ], [ 38.119493484000031, -1.346794127999942 ], [ 38.119028091000075, -1.347682266999925 ], [ 38.118535996000048, -1.34898790699998 ], [ 38.117093086000068, -1.350350617999936 ], [ 38.117051697000079, -1.351371502999939 ], [ 38.117969195000057, -1.352189272999965 ], [ 38.118801117000032, -1.353147744999944 ], [ 38.118669510000075, -1.354143380999972 ], [ 38.118725141000027, -1.35517677699994 ], [ 38.118932088000065, -1.356356858999959 ], [ 38.118898710000053, -1.357462216999977 ], [ 38.11804199200003, -1.359317182999973 ], [ 38.117642403000048, -1.360115617999952 ], [ 38.117145538000045, -1.361248135999972 ], [ 38.116542816000049, -1.362706601999946 ], [ 38.116216660000077, -1.363716840999928 ], [ 38.115932465000071, -1.364922731999968 ], [ 38.115682983000056, -1.36606018599997 ], [ 38.114974976000042, -1.366399144999946 ], [ 38.114472707000061, -1.367068290999953 ], [ 38.11437606800007, -1.367921173999946 ], [ 38.114635468000074, -1.368692397999951 ], [ 38.115076065000039, -1.369485496999971 ], [ 38.115239461000044, -1.370311061999928 ], [ 38.11473369600003, -1.371347188999948 ], [ 38.113772074000053, -1.372022111999968 ], [ 38.112726212000041, -1.372860997999965 ], [ 38.112333934000048, -1.37391241399996 ], [ 38.111907005000035, -1.374585926999941 ], [ 38.110513210000079, -1.374946474999945 ], [ 38.109731674000045, -1.375799953999945 ], [ 38.109079361000056, -1.376410990999943 ], [ 38.108309746000032, -1.377042471999971 ], [ 38.108008385000062, -1.378222534999964 ], [ 38.107269287000065, -1.379311561999941 ], [ 38.10673141500007, -1.379947065999943 ], [ 38.105922699000075, -1.380753874999925 ], [ 38.105052948000036, -1.380535661999943 ], [ 38.104214096000078, -1.38001247099993 ], [ 38.103271484000061, -1.379755615999954 ], [ 38.10230509400003, -1.379823008999949 ], [ 38.101351738000062, -1.379964529999938 ], [ 38.100460688000055, -1.379977225999937 ], [ 38.09959602400005, -1.379822968999974 ], [ 38.098429108000062, -1.379807686999925 ], [ 38.097557068000071, -1.379917358999933 ], [ 38.096714020000036, -1.37995688899997 ], [ 38.09593854600007, -1.379595262999942 ], [ 38.095108032000041, -1.379537850999952 ], [ 38.094183604000079, -1.379863460999957 ], [ 38.092735290000064, -1.380297600999938 ], [ 38.091799781000077, -1.380937084999971 ], [ 38.090643746000069, -1.381198013999949 ], [ 38.089670181000031, -1.381336628999975 ], [ 38.08891391800006, -1.381498306999958 ], [ 38.087639173000071, -1.381520757999965 ], [ 38.08627414700004, -1.381601556999954 ], [ 38.084278107000046, -1.382006457999978 ], [ 38.083287557000062, -1.381893514999945 ], [ 38.082487488000027, -1.381620430999931 ], [ 38.081662496000035, -1.381468335999955 ], [ 38.080842972000028, -1.381543188999956 ], [ 38.080106626000031, -1.38233159899994 ], [ 38.079910278000057, -1.383360663999952 ], [ 38.079021454000042, -1.383638411999925 ], [ 38.078011104000041, -1.383692587999974 ], [ 38.076863216000049, -1.383701864999978 ], [ 38.077350616000047, -1.382911490999959 ], [ 38.077567101000056, -1.382150709999962 ], [ 38.077269888000046, -1.381071710999947 ], [ 38.076110840000069, -1.380855883999971 ], [ 38.074760437000066, -1.381345697999961 ], [ 38.073848301000055, -1.381069699999955 ], [ 38.073811340000077, -1.380028140999968 ], [ 38.073018138000066, -1.380303871999956 ], [ 38.072284699000079, -1.381199682999977 ], [ 38.07166163100004, -1.380755006999948 ], [ 38.071280585000068, -1.379692580999972 ], [ 38.070443153000042, -1.379707097999926 ], [ 38.069836299000031, -1.380485236999959 ], [ 38.06886825600003, -1.381338846999938 ], [ 38.068212509000034, -1.382295786999975 ], [ 38.067327118000037, -1.381966018999947 ], [ 38.066350555000042, -1.381876384999941 ], [ 38.065397263000079, -1.381009295999945 ], [ 38.064531962000046, -1.38040673699993 ], [ 38.063745499000049, -1.379923715999951 ], [ 38.062963486000058, -1.379346231999932 ], [ 38.062088490000065, -1.37901954299997 ], [ 38.061295827000038, -1.379448651999951 ], [ 38.060688019000054, -1.380008005999969 ], [ 38.058953603000077, -1.380680520999931 ], [ 38.058164215000033, -1.38086175899997 ], [ 38.055908203000058, -1.381662408999944 ], [ 38.05480289500008, -1.381966610999939 ], [ 38.053322686000058, -1.381855010999971 ], [ 38.05269088700004, -1.380915855999945 ], [ 38.050662994000049, -1.379016279999973 ], [ 38.049348831000032, -1.377608338999949 ], [ 38.04862403900006, -1.376801490999981 ], [ 38.047915141000033, -1.376009066999927 ], [ 38.047354017000032, -1.375217948999932 ], [ 38.046278, -1.374720235999973 ], [ 38.044938087000048, -1.374730199999931 ], [ 38.043480873000078, -1.375144958999954 ], [ 38.042398453000033, -1.375311493999959 ], [ 38.041587830000026, -1.375228881999931 ], [ 38.040608088000056, -1.37460637099997 ], [ 38.039357503000076, -1.373802065999939 ], [ 38.038564682000072, -1.373477100999935 ], [ 38.037687302000052, -1.373328387999948 ], [ 38.036764145000063, -1.37321275499994 ], [ 38.035970688000077, -1.373295366999969 ], [ 38.035045624000077, -1.373603164999963 ], [ 38.034054756000046, -1.373891293999975 ], [ 38.033435822000058, -1.374418059999925 ], [ 38.03234481800007, -1.374165117999951 ], [ 38.030452728000057, -1.373316406999948 ], [ 38.029495239000028, -1.372838496999975 ], [ 38.028542836000042, -1.372300028999973 ], [ 38.02776908900006, -1.37170427999996 ], [ 38.027156830000024, -1.37111568499995 ], [ 38.026659393000045, -1.370282577999944 ], [ 38.025822957000059, -1.369419415999971 ], [ 38.02484258000004, -1.368892867999932 ], [ 38.023979950000069, -1.36866803199996 ], [ 38.022686005000025, -1.369208335999929 ], [ 38.021846771000071, -1.36954402899994 ], [ 38.020778656000061, -1.369940757999927 ], [ 38.007831573000033, -1.374470591999966 ], [ 38.007640839000032, -1.375241338999956 ], [ 38.00694446600005, -1.376611804999925 ], [ 38.006237030000079, -1.37769901799993 ], [ 38.005723953000029, -1.378322600999979 ], [ 38.004868507000026, -1.379141807999929 ], [ 38.004117966000024, -1.379874824999945 ], [ 38.003296852000062, -1.380481779999968 ], [ 38.001847267000073, -1.380957175999924 ], [ 38.000745773000062, -1.381637930999943 ], [ 37.99980000100004, -1.382114256999955 ], [ 37.999135971000044, -1.38281130799993 ], [ 37.998523077000073, -1.383817374999978 ], [ 37.998443604000045, -1.384819954999955 ], [ 37.998585383000034, -1.386091303999933 ], [ 37.998721531000058, -1.387302721999959 ], [ 37.998291969000036, -1.388485449999962 ], [ 37.997431437000046, -1.389221131999932 ], [ 37.996723720000034, -1.389927284999942 ], [ 37.995387759000039, -1.390302206999934 ], [ 37.994415760000038, -1.391072213999962 ], [ 37.993911743000069, -1.392075687999977 ], [ 37.993066788000078, -1.392564296999979 ], [ 37.992428916000051, -1.393424782999944 ], [ 37.991812229000061, -1.394429116999959 ], [ 37.991327286000057, -1.395151346999967 ], [ 37.990682602000049, -1.395659282999929 ], [ 37.990791321000074, -1.396895805999975 ], [ 37.991004944000053, -1.39798086899998 ], [ 37.991802216000053, -1.398818536999954 ], [ 37.99312210100004, -1.399236519999931 ], [ 37.99387200700005, -1.400060206999967 ], [ 37.993372726000075, -1.401232885999946 ], [ 37.992321014000026, -1.401578187999974 ], [ 37.991594461000034, -1.402003700999956 ], [ 37.992349243000035, -1.402793120999945 ], [ 37.993309445000079, -1.402827831999957 ], [ 37.994210561000045, -1.40231287499995 ], [ 37.995102882000026, -1.401896029999932 ], [ 37.996079878000046, -1.401172171999974 ], [ 37.99670573700007, -1.400172233999967 ], [ 37.997506142000077, -1.39961945999994 ], [ 37.998151779000068, -1.398866474999977 ], [ 37.998566437000079, -1.398222636999947 ], [ 37.999902998000039, -1.397032822999961 ], [ 38.000577109000062, -1.396349616999942 ], [ 38.001387278000038, -1.395940462999931 ], [ 38.002141135000045, -1.395652566999956 ], [ 38.002593994000051, -1.394943197999964 ], [ 38.00371500600005, -1.39445184899995 ], [ 38.004703522000057, -1.394108354999958 ], [ 38.005409241000052, -1.393693565999968 ], [ 38.006113688000028, -1.393179714999974 ], [ 38.006874085000049, -1.39226184599994 ], [ 38.007767814000033, -1.391276699999935 ], [ 38.008621216000051, -1.39065071899995 ], [ 38.009662628000058, -1.390026640999963 ], [ 38.01052246100005, -1.390455483999972 ], [ 38.011553764000041, -1.390966534999961 ], [ 38.012170792000063, -1.39150798299994 ], [ 38.012433052000063, -1.392264514999965 ], [ 38.012222290000068, -1.39361420299997 ], [ 38.012232208000057, -1.396261453999955 ], [ 38.012561035000033, -1.397417377999943 ], [ 38.013063431000035, -1.398387193999952 ], [ 38.013542175000055, -1.399027625999963 ], [ 38.014053345000036, -1.39972609299997 ], [ 38.014544169000033, -1.400431791999949 ], [ 38.015081406000036, -1.401130258999956 ], [ 38.015708923000034, -1.401886760999957 ], [ 38.01666386900007, -1.402583310999944 ], [ 38.018157959000064, -1.403007804999959 ], [ 38.019148509000047, -1.403294523999932 ], [ 38.020017624000047, -1.403710007999962 ], [ 38.02094459500006, -1.404216050999935 ], [ 38.023857117000034, -1.405941656999971 ], [ 38.024980545000062, -1.406177043999946 ], [ 38.026353836000055, -1.406406362999974 ], [ 38.027610779000042, -1.406875252999953 ], [ 38.028441111000063, -1.407273848999978 ], [ 38.029537201000039, -1.407680898999956 ], [ 38.030968666000035, -1.408284991999949 ], [ 38.031991959000038, -1.408967673999939 ], [ 38.032797496000057, -1.409683783999981 ], [ 38.033416748000036, -1.410284757999932 ], [ 38.034228325000072, -1.410817175999966 ], [ 38.035661698000069, -1.411489769999946 ], [ 38.036850929000025, -1.412152945999935 ], [ 38.037723541000048, -1.412771761999977 ], [ 38.038851738000062, -1.413334577999933 ], [ 38.039699554000038, -1.41381871699997 ], [ 38.040414810000073, -1.414450823999971 ], [ 38.041011810000043, -1.41533815899993 ], [ 38.04134496100005, -1.416328370999963 ], [ 38.041438103000075, -1.41757070999995 ], [ 38.041352590000031, -1.418728986999952 ], [ 38.041251183000043, -1.419651418999933 ], [ 38.041337967000061, -1.420994102999941 ], [ 38.041269779000061, -1.422485097999925 ], [ 38.040599823000036, -1.423875927999973 ], [ 38.040054321000071, -1.424873023999965 ], [ 38.039794922000056, -1.425622701999941 ], [ 38.039430237000033, -1.42674915799995 ], [ 38.039276123000036, -1.427918165999927 ], [ 38.039151192000077, -1.429111510999974 ], [ 38.039062500000057, -1.430157720999944 ], [ 38.039389610000057, -1.431215583999972 ], [ 38.040055275000043, -1.432422846999941 ], [ 38.040486336000072, -1.433578828999941 ], [ 38.040562948000058, -1.434593120999978 ], [ 38.040456772000027, -1.436490892999927 ], [ 38.04035568200004, -1.437572836999948 ], [ 38.040334701000063, -1.438970922999943 ], [ 38.040552351000031, -1.440104921999932 ], [ 38.040870857000073, -1.440916422999976 ], [ 38.041213035000055, -1.441664397999944 ], [ 38.041208267000059, -1.443086260999962 ], [ 38.041097641000079, -1.444266676999973 ], [ 38.040560150000033, -1.445195149999961 ], [ 38.040175120000072, -1.44613118999996 ], [ 38.039164225000036, -1.44824512799994 ], [ 38.038504283000066, -1.449340044999929 ], [ 38.03763437300006, -1.450390397999968 ], [ 38.037042618000044, -1.451651304999928 ], [ 38.03697586100003, -1.452476262999937 ], [ 38.037074089000043, -1.453335851999952 ], [ 38.037405014000058, -1.454544692999946 ], [ 38.037815094000052, -1.455561239999952 ], [ 38.038047791000054, -1.456615685999964 ], [ 38.037981669000033, -1.457473635999975 ], [ 38.037746429000038, -1.458376973999975 ], [ 38.037489891000064, -1.460118442999942 ], [ 38.037387848000037, -1.461011091999978 ], [ 38.037342072000058, -1.46251392399995 ], [ 38.03735860200004, -1.463703055999929 ], [ 38.037338257000044, -1.464604615999974 ], [ 38.037169774000063, -1.465628047999928 ], [ 38.036787669000034, -1.466596205999963 ], [ 38.036229706000029, -1.467385387999968 ], [ 38.03578109700004, -1.468361568999967 ], [ 38.035410881000075, -1.46972969199993 ], [ 38.035183907000032, -1.471126555999945 ], [ 38.035131455000055, -1.472430854999971 ], [ 38.03530216200005, -1.473770737999928 ], [ 38.035544396000034, -1.475135147999936 ], [ 38.035508156000049, -1.476064949999966 ], [ 38.035402298000065, -1.476930796999966 ], [ 38.035280228000033, -1.477909802999932 ], [ 38.035036087000037, -1.479090630999963 ], [ 38.03473663300008, -1.480242927999939 ], [ 38.033691406000059, -1.483122586999968 ], [ 38.033432961000074, -1.484021990999963 ], [ 38.033110301000079, -1.48520278899997 ], [ 38.032894135000049, -1.486304083999926 ], [ 38.032655716000079, -1.487215756999944 ], [ 38.031076431000031, -1.491266011999926 ], [ 38.030609131000062, -1.492663025999946 ], [ 38.030454636000059, -1.493740945999946 ], [ 38.030427933000055, -1.495157300999949 ], [ 38.030445099000076, -1.498565196999948 ], [ 38.018356323000035, -1.494765221999955 ], [ 37.997070312000062, -1.488074421999954 ], [ 37.995864105000067, -1.487550639999938 ], [ 37.994955699000059, -1.48716791499993 ], [ 37.993729782000059, -1.486736451999946 ], [ 37.992480384000032, -1.486107216999926 ], [ 37.991729381000027, -1.485301505999928 ], [ 37.991322835000062, -1.484322805999966 ], [ 37.990240733000064, -1.483997553999927 ], [ 37.989006678000067, -1.48350135499993 ], [ 37.98772103500005, -1.483246411999971 ], [ 37.986543083000072, -1.482821607999938 ], [ 37.985235214000056, -1.482790529999932 ], [ 37.984391954000046, -1.482732401999954 ], [ 37.983386040000028, -1.482845261999955 ], [ 37.982510885000067, -1.483750561999955 ], [ 37.98148182500006, -1.485320788999957 ], [ 37.980653381000025, -1.486524366999959 ], [ 37.97958135600004, -1.486921583999958 ], [ 37.978476207000028, -1.487200736999966 ], [ 37.977621078000027, -1.487473368999929 ], [ 37.976504326000054, -1.48776918599998 ], [ 37.975530624000044, -1.488003253999977 ], [ 37.974751791000074, -1.488427161999937 ], [ 37.974184036000054, -1.489199280999969 ], [ 37.973605156000076, -1.49024772599995 ], [ 37.97304153400006, -1.491243203999943 ], [ 37.972132683000041, -1.491829901999949 ], [ 37.971430461000068, -1.492636084999958 ], [ 37.971185412000068, -1.493738139999948 ], [ 37.971006775000035, -1.494555806999927 ], [ 37.970686913000065, -1.495679983999935 ], [ 37.970254625000052, -1.497221077999939 ], [ 37.969394811000029, -1.498478249999948 ], [ 37.968421173000024, -1.499492525999926 ], [ 37.967675209000049, -1.500642184999947 ], [ 37.967365810000047, -1.501783659999944 ], [ 37.967054095000037, -1.50284043399995 ], [ 37.966173935000029, -1.504120537999938 ], [ 37.965604510000048, -1.505128689999935 ], [ 37.96511840800008, -1.505913767999971 ], [ 37.964895630000058, -1.506812357999934 ], [ 37.964509010000029, -1.508002489999967 ], [ 37.963986079000051, -1.509315510999954 ], [ 37.964138031000061, -1.510309516999939 ], [ 37.964750078000066, -1.511105338999926 ], [ 37.965130488000057, -1.51237283599994 ], [ 37.964380900000037, -1.513809614999957 ], [ 37.96367454500006, -1.514246612999955 ], [ 37.963488579000057, -1.515065714999935 ], [ 37.963273366000067, -1.515985766999961 ], [ 37.963176219000047, -1.517087846999971 ], [ 37.963412285000061, -1.518411710999942 ], [ 37.963477834000059, -1.519671807999941 ], [ 37.963830131000066, -1.520926645999964 ], [ 37.96448405600006, -1.52188010499998 ], [ 37.964703242000041, -1.523167271999966 ], [ 37.964547838000044, -1.524199025999962 ], [ 37.964841843000045, -1.525104790999933 ], [ 37.965165520000028, -1.525958042999946 ], [ 37.965542384000059, -1.527044840999963 ], [ 37.966538620000051, -1.527710824999929 ], [ 37.967991829000027, -1.528229039999928 ], [ 37.968920027000024, -1.528801389999956 ], [ 37.969929695000076, -1.529137983999931 ], [ 37.970675468000024, -1.529622703999962 ], [ 37.97110557600007, -1.530492946999971 ], [ 37.970984459000078, -1.531585424999946 ], [ 37.97186606300005, -1.532391632999975 ], [ 37.972148895000032, -1.53315970899996 ], [ 37.971868303000065, -1.534125671999959 ], [ 37.972101423000026, -1.535184581999943 ], [ 37.971947261000025, -1.536504896999929 ], [ 37.97182973200006, -1.537627060999966 ], [ 37.971672535000039, -1.538796588999958 ], [ 37.971521759000041, -1.539658688999964 ], [ 37.971489043000076, -1.540714984999966 ], [ 37.971034241000041, -1.541505908999966 ], [ 37.970611225000027, -1.54244687299996 ], [ 37.970681508000041, -1.543491442999937 ], [ 37.970979945000067, -1.544383195999956 ], [ 37.970767212000055, -1.545383691999973 ], [ 37.970676676000039, -1.546240233999924 ], [ 37.970575333000056, -1.547138014999973 ], [ 37.969743729000072, -1.547580658999948 ], [ 37.968688965000069, -1.548079907999977 ], [ 37.967544556000064, -1.548812865999935 ], [ 37.966876984000066, -1.549476801999958 ], [ 37.966362, -1.550199150999958 ], [ 37.965608597000028, -1.55133038799994 ], [ 37.965075175000038, -1.552022615999931 ], [ 37.963768196000046, -1.553376575999948 ], [ 37.963316917000043, -1.554498552999974 ], [ 37.96274948100006, -1.555260776999944 ], [ 37.962123871000074, -1.556009649999964 ], [ 37.961586761000035, -1.556702231999964 ], [ 37.961096446000056, -1.557330329999957 ], [ 37.960545540000055, -1.558181941999976 ], [ 37.959971619000044, -1.559111403999964 ], [ 37.959552765000069, -1.560048847999951 ], [ 37.959176636000052, -1.560961842999973 ], [ 37.958760262000055, -1.561937003999958 ], [ 37.958362579000038, -1.562812232999931 ], [ 37.957815552000056, -1.563394402999961 ], [ 37.957382202000076, -1.564139405999924 ], [ 37.957023621000076, -1.56529586299996 ], [ 37.956821442000034, -1.566236972999945 ], [ 37.956825256000059, -1.567467808999936 ], [ 37.956785202000049, -1.568257390999975 ], [ 37.956432887000062, -1.569438249999962 ], [ 37.95514392900003, -1.569655552999961 ], [ 37.953691101000061, -1.569636225999943 ], [ 37.952907562000064, -1.569308995999961 ], [ 37.952185631000077, -1.568735420999928 ], [ 37.951025009000034, -1.568261369999959 ], [ 37.949978828000042, -1.568228184999953 ], [ 37.949143092000043, -1.569000958999936 ], [ 37.948898315000065, -1.570105695999928 ], [ 37.949306488000047, -1.570769607999978 ], [ 37.950098038000078, -1.570730626999932 ], [ 37.950918198000068, -1.571369796999932 ], [ 37.95114135700004, -1.572131961999958 ], [ 37.950710297000057, -1.57280379499997 ], [ 37.950128937000045, -1.573411440999962 ], [ 37.949605942000062, -1.574366658999963 ], [ 37.948545615000057, -1.575314700999968 ], [ 37.947565079000071, -1.575711756999965 ], [ 37.946683502000042, -1.576132940999969 ], [ 37.947248363000028, -1.577817135999965 ], [ 37.947186152000029, -1.579228678999925 ], [ 37.946628571000076, -1.580363551999937 ], [ 37.945948283000064, -1.581015069999978 ], [ 37.944777595000062, -1.581688973999974 ], [ 37.946276093000051, -1.584456705999969 ], [ 37.94683647200003, -1.585587977999978 ], [ 37.947320938000075, -1.58677780599993 ], [ 37.947976006000033, -1.588533427999948 ], [ 37.948284912000076, -1.589555549999943 ], [ 37.948649270000033, -1.590475150999964 ], [ 37.948831558000052, -1.591563194999935 ], [ 37.949328105000063, -1.593554009999934 ], [ 37.949091593000048, -1.594682653999939 ], [ 37.948520660000042, -1.596253096999931 ], [ 37.94831212400004, -1.597203750999938 ], [ 37.948736827000062, -1.599983274999943 ], [ 37.94927139300006, -1.601110720999941 ], [ 37.950381597000046, -1.602189262999957 ], [ 37.951169014000072, -1.60354448399994 ], [ 37.951232910000044, -1.605499982999959 ], [ 37.951211929000067, -1.606615304999934 ], [ 37.951114655000026, -1.607394297999974 ], [ 37.95108668000006, -1.608367998999938 ], [ 37.951296806000073, -1.609472751999931 ], [ 37.951713562000066, -1.611059808999926 ], [ 37.949129105000054, -1.61431958299994 ], [ 37.947481155000048, -1.616271197999936 ], [ 37.946969986000056, -1.617177605999927 ], [ 37.94639778100003, -1.618605315999957 ], [ 37.945674896000071, -1.619951366999942 ], [ 37.94443130500008, -1.621927618999962 ], [ 37.943557739000028, -1.623106359999952 ], [ 37.885993958000029, -1.617571114999976 ], [ 37.886043549000078, -1.616175174999967 ], [ 37.885941315000025, -1.615379571999938 ], [ 37.884604136000064, -1.61360607499995 ], [ 37.88535753900004, -1.611891030999971 ], [ 37.88523101800007, -1.611053168999945 ], [ 37.88410822600008, -1.61028553999995 ], [ 37.88311767600004, -1.609626799999944 ], [ 37.882984161000024, -1.608702539999967 ], [ 37.884529114000031, -1.606668710999941 ], [ 37.88486290000003, -1.605783760999941 ], [ 37.884687106000058, -1.604634408999971 ], [ 37.884203911000043, -1.603560953999931 ], [ 37.884050369000079, -1.602802425999926 ], [ 37.883852005000051, -1.60169209999998 ], [ 37.883107185000028, -1.600390016999938 ], [ 37.882663727000079, -1.599358995999978 ], [ 37.882539749000046, -1.598535894999941 ], [ 37.88259124800004, -1.597536396999942 ], [ 37.882715861000065, -1.596072901999946 ], [ 37.882515907000027, -1.594821392999961 ], [ 37.881773949000035, -1.594035475999931 ], [ 37.880907567000065, -1.592931198999963 ], [ 37.88151454900003, -1.591709464999951 ], [ 37.88234329200003, -1.590613841999925 ], [ 37.88290214500006, -1.589701547999937 ], [ 37.884195964000071, -1.588272332999964 ], [ 37.884157181000035, -1.587179560999971 ], [ 37.882793427000024, -1.586804508999933 ], [ 37.88215092300004, -1.586298856999974 ], [ 37.881996155000024, -1.585199057999944 ], [ 37.881989479000026, -1.584208785999976 ], [ 37.881977081000059, -1.583283900999959 ], [ 37.881534576000035, -1.582628607999936 ], [ 37.880817413000045, -1.582054097999958 ], [ 37.880188942000075, -1.581282227999964 ], [ 37.879835510000078, -1.580495547999931 ], [ 37.879844121000076, -1.579315917999963 ], [ 37.880475044000036, -1.578553795999937 ], [ 37.881406784000035, -1.578025916999934 ], [ 37.881679535000046, -1.57705786799994 ], [ 37.881249746000037, -1.576090772999976 ], [ 37.880641937000064, -1.574963569999966 ], [ 37.880204519000074, -1.574036557999932 ], [ 37.879867872000034, -1.572952503999943 ], [ 37.880540212000028, -1.572088121999968 ], [ 37.880829811000069, -1.571377574999929 ], [ 37.880943298000034, -1.569654106999963 ], [ 37.880922318000046, -1.566784440999925 ], [ 37.880877177000059, -1.565908014999934 ], [ 37.880605425000056, -1.564639618999934 ], [ 37.880334037000068, -1.56344527899995 ], [ 37.880422592000059, -1.561660438999979 ], [ 37.880537669000034, -1.56056201499996 ], [ 37.880812963000039, -1.55934137099996 ], [ 37.88092613200007, -1.558230339999966 ], [ 37.881055832000072, -1.557187407999947 ], [ 37.881212234000031, -1.556220352999958 ], [ 37.881072998000036, -1.555258358999936 ], [ 37.880157471000075, -1.554723023999941 ], [ 37.879406611000036, -1.554255286999933 ], [ 37.879385948000049, -1.552933523999968 ], [ 37.881152344000043, -1.55121760399993 ], [ 37.881572723000033, -1.550508021999974 ], [ 37.881738390000066, -1.549606969999957 ], [ 37.881334305000053, -1.548917769999946 ], [ 37.880596161000028, -1.548513173999936 ], [ 37.87948063400006, -1.54798281199993 ], [ 37.879530334000037, -1.547101544999975 ], [ 37.880557251000027, -1.54659419099994 ], [ 37.881352234000076, -1.54578472399993 ], [ 37.881242752000048, -1.544908225999961 ], [ 37.880783081000061, -1.544101237999939 ], [ 37.880420685000047, -1.543294339999932 ], [ 37.880376180000042, -1.542462090999948 ], [ 37.881115913000031, -1.541958540999929 ], [ 37.881979942000044, -1.541716247999943 ], [ 37.882970428000078, -1.541680836999944 ], [ 37.883984248000047, -1.54157437899994 ], [ 37.884611130000053, -1.540768116999971 ], [ 37.884843445000058, -1.539823364999961 ], [ 37.884625276000065, -1.53862959099996 ], [ 37.883920034000027, -1.53739984799995 ], [ 37.883758545000035, -1.536438375999978 ], [ 37.884228516000064, -1.535545467999953 ], [ 37.88475647000007, -1.53454592199995 ], [ 37.88480529800006, -1.533669447999955 ], [ 37.88420295700007, -1.533130526999969 ], [ 37.883462906000034, -1.532565801999965 ], [ 37.883424759000036, -1.531752556999948 ], [ 37.883955956000079, -1.530968754999947 ], [ 37.884638786000039, -1.530020653999941 ], [ 37.885127258000068, -1.529219603999934 ], [ 37.885416985000063, -1.528453111999966 ], [ 37.885889053000028, -1.527707248999945 ], [ 37.886495972000034, -1.526735114999951 ], [ 37.887306213000045, -1.526108055999941 ], [ 37.888191223000035, -1.526190661999976 ], [ 37.888528824000048, -1.526896059999956 ], [ 37.888938904000042, -1.527714980999974 ], [ 37.889707947000034, -1.527272748999962 ], [ 37.889949799000078, -1.526063123999961 ], [ 37.890249570000037, -1.525065828999971 ], [ 37.891229630000055, -1.525138914999957 ], [ 37.892162323000036, -1.525318661999961 ], [ 37.892871857000046, -1.524464691999981 ], [ 37.892836571000032, -1.523516594999933 ], [ 37.892690659000039, -1.522586682999929 ], [ 37.893202464000069, -1.521978497999953 ], [ 37.894129435000025, -1.521853466999971 ], [ 37.895113945000048, -1.522305070999948 ], [ 37.896444702000053, -1.522688555999935 ], [ 37.897510529000044, -1.522147058999963 ], [ 37.898597082000038, -1.521155356999941 ], [ 37.899686813000073, -1.520474150999974 ], [ 37.899683634000041, -1.519641239999942 ], [ 37.898068428000045, -1.51685585599995 ], [ 37.899664561000066, -1.515227913999979 ], [ 37.900263309000024, -1.513933240999961 ], [ 37.899986267000031, -1.512999557999933 ], [ 37.898932457000058, -1.51261739399996 ], [ 37.898284912000065, -1.511888443999965 ], [ 37.89812024400004, -1.510897476999958 ], [ 37.898300171000074, -1.509895920999952 ], [ 37.89864301700004, -1.508836552999981 ], [ 37.897955577000062, -1.508114933999934 ], [ 37.897644806000073, -1.507031380999933 ], [ 37.898567963000062, -1.506306313999971 ], [ 37.899623108000071, -1.50604674799996 ], [ 37.900154114000031, -1.505300068999929 ], [ 37.899830954000038, -1.504403096999965 ], [ 37.898498535000044, -1.504339247999951 ], [ 37.897340775000032, -1.504326581999976 ], [ 37.896474838000074, -1.50423395599995 ], [ 37.895620982000025, -1.504078030999949 ], [ 37.894585609000046, -1.503823101999956 ], [ 37.89348125500004, -1.503660886999967 ], [ 37.892652512000041, -1.503496527999971 ], [ 37.891483307000044, -1.50334412899997 ], [ 37.890184402000045, -1.503454386999977 ], [ 37.88894399000003, -1.50345718899996 ], [ 37.888309479000043, -1.502999265999961 ], [ 37.887395859000037, -1.502221146999943 ], [ 37.886400223000066, -1.501598596999941 ], [ 37.886383057000046, -1.500393668999948 ], [ 37.887115479000045, -1.499555189999967 ], [ 37.886972427000046, -1.498688165999965 ], [ 37.885663350000073, -1.498208790999968 ], [ 37.885686874000044, -1.496914505999939 ], [ 37.885861969000075, -1.496147536999956 ], [ 37.88710233900008, -1.49425507899997 ], [ 37.88616016900005, -1.493413345999954 ], [ 37.88552379600003, -1.492422490999957 ], [ 37.88554096200005, -1.491412206999939 ], [ 37.885648155000069, -1.48995569899995 ], [ 37.884799957000041, -1.489647370999933 ], [ 37.88375568400005, -1.487385868999979 ], [ 37.88522481900003, -1.485195705999956 ], [ 37.884896596000033, -1.48399337099994 ], [ 37.884558201000061, -1.482740111999931 ], [ 37.885416031000034, -1.481841504999977 ], [ 37.886590958000056, -1.480872272999932 ], [ 37.887229919000049, -1.479835718999936 ], [ 37.886260986000025, -1.479525982999974 ], [ 37.885372162000067, -1.47933003299994 ], [ 37.884391785000048, -1.478980275999959 ], [ 37.88335800200008, -1.47863900699997 ], [ 37.882622019000053, -1.477963621999947 ], [ 37.882875443000046, -1.477147221999928 ], [ 37.883150037000064, -1.476155177999942 ], [ 37.882095337000067, -1.475929418999954 ], [ 37.88120587700007, -1.475450475999935 ], [ 37.880865097000026, -1.474082678999935 ], [ 37.880957286000069, -1.473007877999976 ], [ 37.881263733000026, -1.472297131999937 ], [ 37.88157018000004, -1.471524516999978 ], [ 37.881720734000055, -1.470552563999945 ], [ 37.881529649000072, -1.469194645999949 ], [ 37.880453110000076, -1.468491990999951 ], [ 37.880181630000038, -1.467448393999973 ], [ 37.879943848000039, -1.466484099999946 ], [ 37.879640102000053, -1.465295791999949 ], [ 37.879423141000075, -1.464189648999934 ], [ 37.87934017200007, -1.463153033999959 ], [ 37.879397801000039, -1.461887682999929 ], [ 37.880021413000065, -1.460857172999965 ], [ 37.881328310000072, -1.460717090999935 ], [ 37.881598790000055, -1.459759473999952 ], [ 37.88074970200006, -1.458694755999943 ], [ 37.88009007800008, -1.45793064399993 ], [ 37.880088170000079, -1.456738113999961 ], [ 37.880200522000052, -1.455700465999939 ], [ 37.880255805000047, -1.454541762999952 ], [ 37.879379272000051, -1.453667625999969 ], [ 37.878836822000039, -1.452562760999967 ], [ 37.878960609000046, -1.451642870999933 ], [ 37.87931569400007, -1.45084849999995 ], [ 37.879839579000077, -1.450205245999939 ], [ 37.880664253000077, -1.44956039799996 ], [ 37.881743295000035, -1.44855500999995 ], [ 37.880270004000067, -1.44698313899994 ], [ 37.879337311000029, -1.446270226999957 ], [ 37.878896078000025, -1.445502578999935 ], [ 37.879435221000051, -1.444862047999948 ], [ 37.880189896000047, -1.444447695999941 ], [ 37.881081899000037, -1.443801601999951 ], [ 37.88174533800003, -1.442469298999924 ], [ 37.881815910000057, -1.441567569999961 ], [ 37.881571960000031, -1.440797638999925 ], [ 37.881004333000078, -1.439741874999925 ], [ 37.880726624000033, -1.438496851999957 ], [ 37.88076248200008, -1.43759849099996 ], [ 37.881923040000061, -1.435997465999947 ], [ 37.881988525000054, -1.435136516999933 ], [ 37.88184814400006, -1.434229111999969 ], [ 37.881722768000031, -1.43298882199997 ], [ 37.881654739000055, -1.432067393999944 ], [ 37.881465912000067, -1.431233858999974 ], [ 37.881229401000041, -1.430306016999964 ], [ 37.881057739000028, -1.429480105999971 ], [ 37.880798340000069, -1.42866259799996 ], [ 37.88078002900005, -1.427672337999979 ], [ 37.881232580000074, -1.426646927999968 ], [ 37.880998135000027, -1.425900414999944 ], [ 37.880076090000045, -1.426085113999932 ], [ 37.879107475000069, -1.426344915999948 ], [ 37.878580093000039, -1.425542930999939 ], [ 37.878451029000075, -1.424538631999951 ], [ 37.87859392200005, -1.423276245999944 ], [ 37.878829956000061, -1.420230626999967 ], [ 37.878738403000057, -1.417516946999967 ], [ 37.878759384000034, -1.416551947999949 ], [ 37.878863017000072, -1.415338356999939 ], [ 37.878860474000078, -1.41191244099997 ], [ 37.878784180000025, -1.408709883999961 ], [ 37.87882105500006, -1.406999835999954 ], [ 37.878704071000072, -1.405737796999972 ], [ 37.878566742000032, -1.404803692999963 ], [ 37.878433228000063, -1.403383641999937 ], [ 37.87823899600005, -1.402193198999953 ], [ 37.878045763000046, -1.400781886999937 ], [ 37.877326965000066, -1.399860882999974 ], [ 37.876773834000062, -1.399124800999971 ], [ 37.876821518000042, -1.398251175999974 ], [ 37.876659393000068, -1.397454773999925 ], [ 37.875842094000063, -1.396547704999932 ], [ 37.876558208000063, -1.395632654999929 ], [ 37.87689971900005, -1.394703149999941 ], [ 37.87686920200008, -1.393759190999958 ], [ 37.876781464000032, -1.392728209999973 ], [ 37.876614888000063, -1.391694425999958 ], [ 37.876294708000046, -1.390816163999943 ], [ 37.876134237000031, -1.389866987999937 ], [ 37.876041412000063, -1.388862609999933 ], [ 37.876027425000075, -1.388092914999959 ], [ 37.876086235000059, -1.387240349999956 ], [ 37.876200040000072, -1.386182675999976 ], [ 37.875919342000032, -1.38490162599993 ], [ 37.874986648000061, -1.384122073999947 ], [ 37.874217987000065, -1.383481621999977 ], [ 37.873503367000069, -1.382755398999961 ], [ 37.872698466000031, -1.381402750999939 ], [ 37.87204132100004, -1.380155181999953 ], [ 37.872083283000052, -1.379283713999939 ], [ 37.872694288000048, -1.378526670999975 ], [ 37.873582363000025, -1.377844824999954 ], [ 37.873109182000064, -1.376628437999955 ], [ 37.871592204000081, -1.374378243999956 ], [ 37.871292114000028, -1.373642205999943 ], [ 37.871235657000057, -1.372772454999961 ], [ 37.871448517000033, -1.37173473799993 ], [ 37.871350288000031, -1.370528891999925 ], [ 37.870234172000039, -1.370341340999971 ], [ 37.869253159000039, -1.37043969299998 ], [ 37.868636608000031, -1.369579001999966 ], [ 37.868729591000033, -1.368376969999929 ], [ 37.868618584000046, -1.367253583999968 ], [ 37.868071874000066, -1.366138775999957 ], [ 37.868106842000032, -1.365189194999971 ], [ 37.868643443000053, -1.36401270999994 ], [ 37.868062020000025, -1.362658798999973 ], [ 37.86771469100006, -1.361698436999973 ], [ 37.867732600000068, -1.360551814999951 ], [ 37.868453026000054, -1.359877615999949 ], [ 37.869214630000045, -1.35939433599998 ], [ 37.870230198000058, -1.35903674399998 ], [ 37.870877353000026, -1.360420638999926 ], [ 37.872383118000073, -1.360455658999967 ], [ 37.873713357000042, -1.360900708999964 ], [ 37.874214935000055, -1.360279225999932 ], [ 37.873330879000036, -1.359674947999963 ], [ 37.872481664000077, -1.358486373999938 ], [ 37.872553825000068, -1.357289269999967 ], [ 37.873051453000073, -1.356217073999971 ], [ 37.873310725000067, -1.355087180999931 ], [ 37.873203278000062, -1.354199480999966 ], [ 37.872474670000031, -1.35349757299997 ], [ 37.871384621000061, -1.352760443999955 ], [ 37.872175598000069, -1.352009987999963 ], [ 37.874014854000052, -1.351906120999956 ], [ 37.875031471000057, -1.351607918999946 ], [ 37.875518799000076, -1.350982904999967 ], [ 37.876304245000028, -1.350392239999962 ], [ 37.878295263000041, -1.350383122999972 ], [ 37.879061018000073, -1.351096885999937 ], [ 37.880230331000064, -1.351356791999933 ], [ 37.880718776000037, -1.350533416999951 ], [ 37.881595135000055, -1.350790440999958 ], [ 37.882598877000078, -1.351471701999969 ], [ 37.883757400000036, -1.351990556999965 ], [ 37.885319233000075, -1.35148996099997 ], [ 37.88596868500008, -1.352506557999959 ], [ 37.887222290000068, -1.352728813999931 ], [ 37.888107300000058, -1.352459132999968 ], [ 37.88894653300008, -1.352289723999945 ], [ 37.890222549000043, -1.352256863999969 ], [ 37.891441345000032, -1.35229897499994 ], [ 37.89271545400004, -1.352385401999925 ], [ 37.893906593000054, -1.352326422999965 ], [ 37.894909859000052, -1.352210431999936 ], [ 37.895821163000051, -1.352098566999928 ], [ 37.89677658100004, -1.352264451999929 ], [ 37.897726059000036, -1.352067271999942 ], [ 37.898810795000031, -1.351438794999979 ], [ 37.89927864100008, -1.350524981999968 ], [ 37.899537086000066, -1.349500484999965 ], [ 37.900602613000046, -1.349693042999945 ], [ 37.900646687000062, -1.350636660999953 ], [ 37.900051117000032, -1.351794406999943 ], [ 37.900711060000049, -1.352572930999941 ], [ 37.901115962000063, -1.35360835299997 ], [ 37.901686055000027, -1.354823114999931 ], [ 37.90286016500005, -1.354389714999968 ], [ 37.902791977000049, -1.353213428999936 ], [ 37.90222854600006, -1.352389144999961 ], [ 37.901926517000049, -1.35143414099997 ], [ 37.902797699000075, -1.351069378999966 ], [ 37.903763771000058, -1.351097017999962 ], [ 37.904479504000051, -1.35036802299993 ], [ 37.903653463000069, -1.349510152999926 ], [ 37.902583531000062, -1.348363892999942 ], [ 37.903315735000035, -1.348047232999932 ], [ 37.904032571000073, -1.348481876999926 ], [ 37.904963684000052, -1.34843320899995 ], [ 37.905870438000079, -1.347830205999969 ], [ 37.906314850000058, -1.346948010999938 ], [ 37.906183243000044, -1.345645327999932 ], [ 37.906381035000038, -1.344763373999967 ], [ 37.907342911000057, -1.34488472299995 ], [ 37.90834903700005, -1.345307185999957 ], [ 37.908920288000047, -1.346156616999963 ], [ 37.908286031000046, -1.347041824999963 ], [ 37.907460894000053, -1.347537959999954 ], [ 37.907661438000048, -1.348344295999937 ], [ 37.908486366000034, -1.348677217999978 ], [ 37.909294128000056, -1.348936378999952 ], [ 37.910086314000068, -1.349106351999978 ], [ 37.911416531000043, -1.349076494999963 ], [ 37.912119865000079, -1.348274766999964 ], [ 37.912417730000072, -1.34736881699996 ], [ 37.912949456000035, -1.346318628999938 ], [ 37.913973999000063, -1.346176266999976 ], [ 37.914601644000072, -1.346641182999974 ], [ 37.91555677100007, -1.346872175999977 ], [ 37.916336059000059, -1.346941518999927 ], [ 37.916980743000067, -1.346119388999966 ], [ 37.917673384000068, -1.345557382999971 ], [ 37.918752943000072, -1.345614024999975 ], [ 37.919824328000061, -1.345778975999963 ], [ 37.920891625000024, -1.345147708999946 ], [ 37.920870972000046, -1.343932747999929 ], [ 37.922417232000043, -1.344076564999966 ], [ 37.922745841000051, -1.345096332999958 ], [ 37.92377567300008, -1.345984567999949 ], [ 37.924759006000045, -1.345393889999968 ], [ 37.923781940000026, -1.344493014999955 ], [ 37.924096107000025, -1.343422531999977 ], [ 37.924839020000036, -1.343180208999968 ], [ 37.925930786000038, -1.343228291999935 ], [ 37.92687443300008, -1.343644345999962 ], [ 37.927692413000045, -1.343100149999941 ], [ 37.927921295000033, -1.342301651999946 ], [ 37.927051544000051, -1.341780170999925 ], [ 37.926442146000056, -1.340839430999949 ], [ 37.927148819000024, -1.34048753999997 ], [ 37.927900696000052, -1.340725230999965 ], [ 37.928698540000028, -1.340455978999955 ], [ 37.92946624800004, -1.340014825999958 ], [ 37.930339813000046, -1.34088608199994 ], [ 37.931177775000037, -1.34124040599994 ], [ 37.931964874000073, -1.341556214999969 ], [ 37.93303273500004, -1.341982654999924 ], [ 37.933997472000044, -1.342564820999939 ], [ 37.934464931000036, -1.343923449999977 ], [ 37.935296377000043, -1.343726634999939 ], [ 37.936188289000029, -1.34350711999997 ], [ 37.93708801300005, -1.343258171999935 ], [ 37.940046310000071, -1.341408609999974 ], [ 37.940211826000052, -1.342370695999932 ], [ 37.939551544000039, -1.343029331999958 ], [ 37.939085960000057, -1.343654244999925 ], [ 37.939967155000033, -1.344536671999947 ], [ 37.940988159000028, -1.34460370499994 ], [ 37.941948482000043, -1.344162037999979 ], [ 37.942637507000029, -1.342863221999949 ], [ 37.943687916000044, -1.341928705999976 ], [ 37.944429397000079, -1.340933143999962 ], [ 37.945321655000043, -1.340282211999977 ], [ 37.945732117000034, -1.341262936999954 ], [ 37.947040013000048, -1.340810230999978 ], [ 37.947947502000034, -1.340824663999967 ], [ 37.948853970000073, -1.34115126699993 ], [ 37.948905945000035, -1.342232090999971 ], [ 37.948613303000059, -1.343236224999941 ], [ 37.948542595000049, -1.344457208999927 ], [ 37.949343204000058, -1.344672664999962 ], [ 37.950528622000036, -1.34450998899996 ], [ 37.951662064000061, -1.344480916999942 ], [ 37.952668704000075, -1.34396570499996 ], [ 37.951481819000037, -1.343164423999951 ], [ 37.951491547000046, -1.34220707399993 ], [ 37.952222824000046, -1.341277032999926 ], [ 37.954407692000075, -1.340475469999944 ], [ 37.955017090000069, -1.339810463999925 ], [ 37.955518995000034, -1.338903171999959 ], [ 37.956514359000039, -1.33880974799996 ], [ 37.957466602000068, -1.338292518999936 ], [ 37.958156480000071, -1.336903975999974 ], [ 37.959147644000041, -1.336967658999924 ], [ 37.960039411000025, -1.337274482999931 ], [ 37.961260005000042, -1.33741456599995 ], [ 37.962018331000024, -1.338222622999979 ], [ 37.962532043000067, -1.338877379999929 ], [ 37.964297431000034, -1.339815901999941 ], [ 37.965304565000054, -1.339188670999931 ], [ 37.968260193000049, -1.339097403999972 ], [ 37.96941471100007, -1.338214635999975 ], [ 37.970424175000062, -1.337366654999926 ], [ 37.97014045700007, -1.336128627999926 ], [ 37.970772879000037, -1.33518946199996 ], [ 37.971565247000058, -1.33488411899998 ], [ 37.972328186000027, -1.334707895999941 ], [ 37.973188400000026, -1.334546768999928 ], [ 37.973381587000063, -1.333493726999961 ], [ 37.974404907000064, -1.332931613999961 ], [ 37.975217819000079, -1.332884728999943 ], [ 37.975942135000025, -1.332515179999973 ], [ 37.976654900000028, -1.331691198999977 ], [ 37.977965764000032, -1.331544892999943 ], [ 37.978567123000062, -1.330939888999978 ], [ 37.978207588000032, -1.330058753999936 ], [ 37.978704834000041, -1.329354214999967 ], [ 37.97965393100003, -1.329536723999979 ], [ 37.980782032000036, -1.329088836999972 ], [ 37.982094356000061, -1.328129018999959 ], [ 37.983015696000052, -1.32810399899995 ], [ 37.983941396000034, -1.32800722099995 ], [ 37.984540304000063, -1.327233989999968 ], [ 37.984792764000076, -1.326036101999932 ], [ 37.985926501000051, -1.325428960999943 ], [ 37.986199856000042, -1.323987925999973 ], [ 37.987422816000048, -1.322502692999933 ], [ 37.988511767000034, -1.322274922999952 ], [ 37.989388275000067, -1.322178768999947 ], [ 37.990324497000074, -1.322062059999951 ], [ 37.991160870000044, -1.32151652899995 ], [ 37.991467158000034, -1.320694644999946 ], [ 37.991883596000037, -1.319923956999958 ], [ 37.992778431000033, -1.320102409999947 ], [ 37.993904591000046, -1.319452473999945 ], [ 37.994899750000059, -1.319133430999955 ], [ 37.995777893000025, -1.318955206999931 ], [ 37.996475983000039, -1.318503975999931 ], [ 37.997252510000067, -1.318639882999946 ], [ 37.997191293000071, -1.319607563999966 ], [ 37.997969733000048, -1.320319095999935 ], [ 37.99893134000007, -1.320511153999973 ], [ 37.99996929200006, -1.320318716999964 ], [ 38.001174927000079, -1.31976577599994 ], [ 38.002145386000052, -1.319578694999961 ], [ 38.003083038000057, -1.31960334799993 ], [ 38.004184723000037, -1.319604992999928 ], [ 38.005645116000039, -1.318324644999961 ], [ 38.006556702000069, -1.318132924999929 ], [ 38.007674081000062, -1.31762841799997 ], [ 38.007649013000048, -1.316598670999952 ], [ 38.00759220100008, -1.315767466999944 ], [ 38.008309046000079, -1.315006990999962 ], [ 38.009565989000066, -1.314779151999971 ], [ 38.010864258000026, -1.315106820999972 ], [ 38.011870384000076, -1.315403714999945 ], [ 38.01242256200004, -1.314873814999942 ], [ 38.012922605000028, -1.313988546999951 ], [ 38.012982178000073, -1.312755035999942 ], [ 38.012557030000039, -1.311681895999925 ], [ 38.01201629600007, -1.310838669999953 ], [ 38.012014866000072, -1.310013353999977 ], [ 38.012988832000076, -1.309617446999937 ], [ 38.014041356000064, -1.309833832999971 ], [ 38.015070915000024, -1.309429823999949 ], [ 38.015782165000076, -1.308781790999944 ], [ 38.016341400000044, -1.308068489999926 ], [ 38.017014821000032, -1.307236233999959 ], [ 38.017098745000055, -1.306133468999974 ], [ 38.017288208000025, -1.305325984999968 ], [ 38.017220497000039, -1.304434820999973 ], [ 38.017899513000032, -1.303607105999959 ], [ 38.018019994000042, -1.302822549999973 ], [ 38.019150310000043, -1.302680760999976 ], [ 38.019249810000076, -1.301342963999957 ], [ 38.019509288000052, -1.300144344999978 ], [ 38.019714900000054, -1.299020953999957 ], [ 38.020156860000043, -1.297857689999944 ], [ 38.01966985100006, -1.296780506999937 ], [ 38.019519806000062, -1.295995513999969 ], [ 38.019411723000076, -1.295059084999934 ], [ 38.019438267000055, -1.293823807999956 ], [ 38.020533880000073, -1.292905528999938 ], [ 38.021350384000073, -1.291991859999939 ], [ 38.021409815000027, -1.290912985999967 ], [ 38.022166252000034, -1.290429561999929 ], [ 38.023049355000069, -1.29005211599997 ], [ 38.023935, -1.289179831999945 ], [ 38.025450389000071, -1.288568615999964 ], [ 38.026578903000029, -1.287974277999979 ], [ 38.02761586500003, -1.287592966999966 ], [ 38.028472900000054, -1.287480830999925 ], [ 38.029674530000079, -1.28745418799997 ], [ 38.030956268000068, -1.287344812999947 ], [ 38.031968435000067, -1.287054697999963 ], [ 38.032972336000057, -1.286478489999979 ], [ 38.033697128000028, -1.28585606799993 ], [ 38.034327189000066, -1.285246292999943 ], [ 38.035254955000028, -1.285130634999973 ], [ 38.036426544000051, -1.285108375999926 ], [ 38.037109375000057, -1.284539794999944 ], [ 38.037549973000068, -1.283637642999963 ], [ 38.037474950000046, -1.282828191999954 ], [ 38.037112236000041, -1.282113223999943 ], [ 38.037119184000062, -1.281180228999972 ], [ 38.037277858000039, -1.280073542999958 ], [ 38.036961555000062, -1.278958459999956 ], [ 38.03705596900005, -1.277879754999958 ], [ 38.036704063000059, -1.27692159999998 ], [ 38.035814285000072, -1.276149202999932 ], [ 38.034574509000038, -1.275384544999952 ], [ 38.033498764000058, -1.274865090999924 ], [ 38.032646179000039, -1.274581253999941 ], [ 38.031921387000068, -1.27421120799994 ], [ 38.031279564000045, -1.273647576999963 ], [ 38.030947876000027, -1.272936081999944 ], [ 38.030675888000076, -1.272215693999954 ], [ 38.030394418000071, -1.27119285699996 ], [ 38.030525843000078, -1.269607930999939 ], [ 38.030976613000064, -1.26846790299993 ], [ 38.031016350000073, -1.267696916999967 ], [ 38.030755179000039, -1.26683000099996 ], [ 38.030979156000058, -1.265946626999948 ], [ 38.03150749200006, -1.265151977999949 ], [ 38.031081517000075, -1.264457642999957 ], [ 38.030648804000066, -1.263674616999936 ], [ 38.029866219000041, -1.263234650999948 ], [ 38.028522015000078, -1.263146891999952 ], [ 38.026096725000059, -1.262871384999926 ], [ 38.025694529000077, -1.262053489999971 ], [ 38.024901920000048, -1.261296695999931 ], [ 38.025213242000063, -1.260139017999961 ], [ 38.025716146000036, -1.259403943999928 ], [ 38.02614440900004, -1.258758258999933 ], [ 38.026562161000072, -1.257653567999967 ], [ 38.026758466000047, -1.256728955999961 ], [ 38.026425680000045, -1.256033857999967 ], [ 38.026576900000066, -1.254042344999959 ], [ 38.026570002000028, -1.252948045999972 ], [ 38.026709747000041, -1.252130484999952 ], [ 38.027004242000032, -1.251339703999975 ], [ 38.026737213000047, -1.250561087999927 ], [ 38.026562500000068, -1.249647998999933 ], [ 38.027184963000025, -1.248618353999973 ], [ 38.02770290400008, -1.247425490999944 ], [ 38.027713108000057, -1.246051316999967 ], [ 38.027899170000069, -1.244805812999971 ], [ 38.028168678000043, -1.243785052999954 ], [ 38.02809419600004, -1.242633628999954 ], [ 38.027638753000076, -1.241683562999924 ], [ 38.027543749000074, -1.240851367999937 ], [ 38.027734756000029, -1.239870547999942 ], [ 38.027682622000043, -1.238985955999965 ], [ 38.027639008000051, -1.236497115999953 ], [ 38.028219604000071, -1.23566122099993 ], [ 38.028784752000035, -1.235011726999971 ], [ 38.029161072000079, -1.234216880999952 ], [ 38.030784607000044, -1.233961939999972 ], [ 38.030874252000046, -1.23208165799997 ], [ 38.031385422000028, -1.23095712099996 ], [ 38.031798840000079, -1.229908823999949 ], [ 38.03216171300005, -1.228640853999934 ], [ 38.032354991000034, -1.227748790999954 ], [ 38.032024384000067, -1.226683437999952 ], [ 38.031703949000075, -1.225750624999932 ], [ 38.031343460000073, -1.224680155999977 ], [ 38.031240781000065, -1.223263094999936 ], [ 38.032334646000038, -1.222274183999957 ], [ 38.032767296000031, -1.221412747999977 ], [ 38.033638, -1.220348610999963 ], [ 38.033982790000039, -1.218979207999951 ], [ 38.033170700000028, -1.218165635999981 ], [ 38.032649994000053, -1.217584490999968 ], [ 38.031925201000035, -1.216646601999969 ], [ 38.031051636000029, -1.213432728999976 ], [ 38.030693054000039, -1.211635857999966 ], [ 38.030555725000056, -1.210550069999954 ], [ 38.030555725000056, -1.209754883999949 ], [ 38.030677795000031, -1.208959698999934 ], [ 38.030784607000044, -1.207828044999928 ], [ 38.030853271000069, -1.206505268999933 ], [ 38.030799866000052, -1.205381273999933 ], [ 38.030570984000065, -1.204616724999937 ], [ 38.030174255000077, -1.203760325999951 ], [ 38.029808044000049, -1.203056930999935 ], [ 38.029193878000058, -1.202093481999952 ], [ 38.030550941000058, -1.201106916999947 ], [ 38.032861404000073, -1.201848814999948 ], [ 38.035037971000065, -1.202392895999935 ], [ 38.036706672000037, -1.202356622999957 ], [ 38.039157755000076, -1.201697675999981 ], [ 38.040274267000029, -1.201561529999935 ], [ 38.041821603000074, -1.20061556099995 ], [ 38.04305499000003, -1.200071478999973 ], [ 38.045485489000043, -1.200325382999949 ], [ 38.047662056000036, -1.200543014999937 ], [ 38.049693518000026, -1.19985384499995 ], [ 38.051390842000046, -1.199817572999962 ], [ 38.052559331000054, -1.199817571999972 ], [ 38.053865271000063, -1.199962659999926 ], [ 38.054881001000069, -1.199708753999971 ], [ 38.056011645000069, -1.199482650999926 ], [ 38.056885588000057, -1.199390949999952 ], [ 38.057710538000038, -1.199491120999937 ], [ 38.058436061000066, -1.200252834999958 ], [ 38.059415516000058, -1.201014548999979 ], [ 38.060576352000055, -1.201232180999966 ], [ 38.061664635000056, -1.201522356999931 ], [ 38.063369612000031, -1.202646791999939 ], [ 38.065147141000068, -1.202900694999926 ], [ 38.067359984000063, -1.203190870999947 ], [ 38.068992410000078, -1.203807495999968 ], [ 38.070022264000045, -1.204150742999957 ], [ 38.070717479000052, -1.199781290999965 ], [ 38.071332168000026, -1.195991127999946 ], [ 38.071675577000065, -1.19363657699995 ], [ 38.072049303000028, -1.191074159999971 ], [ 38.072226088000036, -1.188820397999962 ], [ 38.071990967000033, -1.187083363999932 ], [ 38.07149217500006, -1.184250668999937 ], [ 38.069524475000037, -1.173075875999928 ], [ 38.068290647000026, -1.168448575999946 ], [ 38.068384933000061, -1.167296754999938 ], [ 38.068545447000076, -1.166287169999976 ], [ 38.068226284000048, -1.165181636999932 ], [ 38.068013668000049, -1.164097249999941 ], [ 38.067966461000026, -1.163301795999928 ], [ 38.067590714000062, -1.162358492999942 ], [ 38.067626953000058, -1.161169800999971 ], [ 38.067637761000071, -1.160160382999948 ], [ 38.06772486400007, -1.159080253999946 ], [ 38.127101898000035, -1.153474330999927 ], [ 38.137039185000049, -1.152630686999942 ], [ 38.156070709000062, -1.151015281999946 ], [ 38.156047821000072, -1.153006274999939 ], [ 38.156159719000073, -1.154226541999947 ], [ 38.156208038000045, -1.155312656999968 ], [ 38.156154633000028, -1.156968652999979 ], [ 38.156078339000032, -1.15788102099998 ], [ 38.156017303000056, -1.158755023999959 ], [ 38.156105042000036, -1.16005456399995 ], [ 38.156055450000053, -1.161438405999945 ], [ 38.156055450000053, -1.162220477999938 ], [ 38.153675079000038, -1.180090546999963 ], [ 38.153537750000055, -1.180908083999952 ], [ 38.153343201000041, -1.181963979999978 ], [ 38.153095245000031, -1.183428644999935 ], [ 38.152877808000028, -1.185006856999962 ], [ 38.152797699000075, -1.186278521999952 ], [ 38.15288925200008, -1.187448024999981 ], [ 38.152923584000064, -1.188833176999935 ], [ 38.152923584000064, -1.18999129499997 ], [ 38.153009415000042, -1.191194861999975 ], [ 38.152833939000061, -1.19239830999993 ], [ 38.152458191000051, -1.193499743999951 ], [ 38.152244568000071, -1.194339930999945 ], [ 38.152244568000071, -1.195282279999958 ], [ 38.152378082000041, -1.196463107999932 ], [ 38.15253830000006, -1.197371482999927 ], [ 38.152698517000033, -1.19827973799994 ], [ 38.152854919000049, -1.199256240999944 ], [ 38.153146744000026, -1.20053920099997 ], [ 38.153163910000046, -1.201742767999974 ], [ 38.152912140000069, -1.202642877999949 ], [ 38.152664185000049, -1.203400492999947 ] ] ] ] } },
{ "type": "Feature", "properties": { "Shape_Area": 0.38409057026, "name": "Kitui East", "ADM1_EN": "Kitui", "ADM0_EN": "Kenya" }, "geometry": { "type": "MultiPolygon", "coordinates": [ [ [ [ 38.957117353000058, -1.076448508999931 ], [ 38.957351685000049, -1.077231426999958 ], [ 38.958589622000034, -1.077191976999927 ], [ 38.959783554000069, -1.077083020999964 ], [ 38.960459709000077, -1.077477871999974 ], [ 38.961318970000036, -1.07796516999997 ], [ 38.962591489000033, -1.078320532999953 ], [ 38.963211287000036, -1.07771848699997 ], [ 38.968941387000029, -1.168615837999937 ], [ 38.969538943000032, -1.178555291999942 ], [ 38.974422450000077, -1.25980199299994 ], [ 38.977497096000036, -1.310948846999963 ], [ 38.98057175200006, -1.362095880999959 ], [ 38.982852937000075, -1.400046877999955 ], [ 38.985134127000038, -1.437997979999977 ], [ 38.676261902000078, -1.438297509999927 ], [ 38.663445609000064, -1.454324313999962 ], [ 38.662281418000077, -1.454876774999946 ], [ 38.661100387000033, -1.455414910999934 ], [ 38.65952173900007, -1.456816672999935 ], [ 38.658631897000078, -1.457521748999966 ], [ 38.656938553000032, -1.458954381999945 ], [ 38.655235291000054, -1.460344790999955 ], [ 38.575496674000078, -1.562403320999977 ], [ 38.500831604000041, -1.657971620999945 ], [ 38.498647436000056, -1.660400566999954 ], [ 38.497912816000053, -1.661464162999948 ], [ 38.497393799000065, -1.662229227999944 ], [ 38.497105916000066, -1.663117209999939 ], [ 38.496617317000073, -1.663742661999947 ], [ 38.49564266200008, -1.664078548999953 ], [ 38.494842529000039, -1.664839314999938 ], [ 38.494490051000071, -1.665585517999943 ], [ 38.493648529000041, -1.666196550999928 ], [ 38.492828369000051, -1.666720658999964 ], [ 38.491396586000064, -1.667413154999963 ], [ 38.490340551000031, -1.667607147999945 ], [ 38.489557266000077, -1.667993644999967 ], [ 38.488627116000032, -1.66839015499994 ], [ 38.487548192000077, -1.668331702999978 ], [ 38.486540113000046, -1.667762568999933 ], [ 38.485487620000072, -1.66643331399996 ], [ 38.484584808000079, -1.666294991999962 ], [ 38.483719508000036, -1.666082441999947 ], [ 38.482741220000037, -1.665767413999959 ], [ 38.481857300000058, -1.665715598999952 ], [ 38.481037140000069, -1.665420650999977 ], [ 38.480344454000033, -1.664660463999951 ], [ 38.47969945300008, -1.663538693999953 ], [ 38.478879547000076, -1.662824868999962 ], [ 38.479002380000054, -1.662006711999936 ], [ 38.478989919000071, -1.661228835999964 ], [ 38.478300912000066, -1.660171968999975 ], [ 38.477317810000045, -1.659689882999942 ], [ 38.476403554000058, -1.65957581999993 ], [ 38.475551605000078, -1.659491044999925 ], [ 38.474779129000069, -1.659913092999943 ], [ 38.473987579000038, -1.659866749999935 ], [ 38.472968388000027, -1.659279641999944 ], [ 38.471941376000075, -1.659008120999943 ], [ 38.471239726000078, -1.65938039599996 ], [ 38.47081852000008, -1.660050034999927 ], [ 38.470714569000052, -1.661977648999937 ], [ 38.470554829000037, -1.662758513999961 ], [ 38.470557403000043, -1.663749050999968 ], [ 38.470415497000033, -1.664597963999938 ], [ 38.47017211900004, -1.66542465699996 ], [ 38.469686508000052, -1.666260763999958 ], [ 38.469429779000052, -1.667592963999937 ], [ 38.469003889000078, -1.668826592999949 ], [ 38.468317032000073, -1.669472693999978 ], [ 38.467837742000029, -1.670405710999944 ], [ 38.467441983000072, -1.671499424999979 ], [ 38.467153549000045, -1.672696935999966 ], [ 38.467077528000061, -1.673883778999937 ], [ 38.46633625000004, -1.67418730199995 ], [ 38.465263367000034, -1.674284764999925 ], [ 38.464293480000038, -1.674800514999959 ], [ 38.46319743600003, -1.674876433999941 ], [ 38.46238848400003, -1.675721090999957 ], [ 38.461792416000037, -1.676792832999979 ], [ 38.460776193000072, -1.677259155999934 ], [ 38.460158094000064, -1.678248158999963 ], [ 38.460102717000041, -1.679393847999961 ], [ 38.460558319000029, -1.680090760999974 ], [ 38.46032381100008, -1.681132882999975 ], [ 38.459948404000045, -1.68225804399998 ], [ 38.459671021000077, -1.683414925999955 ], [ 38.459742069000072, -1.684630795999965 ], [ 38.459776402000045, -1.685760408999954 ], [ 38.459175873000049, -1.686591147999934 ], [ 38.458241463000036, -1.687197 ], [ 38.457197475000044, -1.687747516999934 ], [ 38.456415176000064, -1.688876479999976 ], [ 38.455866496000056, -1.689707278999947 ], [ 38.454818344000046, -1.690429234999954 ], [ 38.453549385000031, -1.690933152999946 ], [ 38.452445030000035, -1.691080063999948 ], [ 38.451639448000037, -1.691470963999961 ], [ 38.450578308000047, -1.691321825999978 ], [ 38.449728012000037, -1.691069364999976 ], [ 38.448964437000029, -1.691358943999944 ], [ 38.448139954000055, -1.692222658999981 ], [ 38.447544098000037, -1.693277259999945 ], [ 38.447770800000058, -1.694354874999931 ], [ 38.447550092000029, -1.695175204999941 ], [ 38.446817398000064, -1.69587880399996 ], [ 38.446256638000079, -1.696760196999946 ], [ 38.446111407000046, -1.697693602999948 ], [ 38.445783234000032, -1.698650598999961 ], [ 38.445033264000074, -1.699516629999948 ], [ 38.444475174000047, -1.700219630999925 ], [ 38.444443067000066, -1.701132445999974 ], [ 38.444736481000064, -1.70190596599997 ], [ 38.444757843000048, -1.702778815999977 ], [ 38.444310760000064, -1.703449654999929 ], [ 38.443739537000056, -1.704427987999964 ], [ 38.444379534000063, -1.705316015999927 ], [ 38.443490601000065, -1.705888652999931 ], [ 38.442707062000068, -1.706550180999955 ], [ 38.442186737000043, -1.707182597999974 ], [ 38.441997051000044, -1.708179339999958 ], [ 38.441311264000035, -1.70904556499994 ], [ 38.43890476200005, -1.708928475999926 ], [ 38.43828811700007, -1.707880877999969 ], [ 38.437507629000038, -1.707293251999943 ], [ 38.436670303000028, -1.707020818999979 ], [ 38.435623169000053, -1.706456024999966 ], [ 38.434473753000077, -1.705871983999941 ], [ 38.433353969000052, -1.706865142999959 ], [ 38.432290395000052, -1.707103549999943 ], [ 38.431353760000036, -1.707516324999972 ], [ 38.43180234600004, -1.708528056999967 ], [ 38.430740356000058, -1.70938412299995 ], [ 38.429562887000031, -1.708904961999963 ], [ 38.42910766600005, -1.709580990999939 ], [ 38.428691864000029, -1.710588727999948 ], [ 38.428173610000044, -1.711251360999938 ], [ 38.427230835000046, -1.711043397999958 ], [ 38.426179068000067, -1.711086357999932 ], [ 38.425403799000037, -1.711901755999975 ], [ 38.424109936000036, -1.712597235999965 ], [ 38.423600197000042, -1.713370590999943 ], [ 38.422793797000054, -1.713862691999964 ], [ 38.422002157000065, -1.714446007999925 ], [ 38.421536636000042, -1.715363704999959 ], [ 38.420655251000028, -1.715550660999952 ], [ 38.41961333900008, -1.715632489999962 ], [ 38.418725695000035, -1.715126786999974 ], [ 38.418270111000027, -1.714343172999975 ], [ 38.418535233000057, -1.713466912999934 ], [ 38.418962638000039, -1.712372242999948 ], [ 38.418016910000063, -1.711036517999958 ], [ 38.416809082000043, -1.710363318999953 ], [ 38.415567398000064, -1.709846972999969 ], [ 38.414370855000072, -1.709338505999938 ], [ 38.413500786000043, -1.708839356999931 ], [ 38.412480354000024, -1.708725958999935 ], [ 38.411481857000069, -1.708916365999926 ], [ 38.410129547000054, -1.710098742999946 ], [ 38.40937709800005, -1.709720760999971 ], [ 38.408967018000055, -1.708854287999941 ], [ 38.408411026000067, -1.708299144999955 ], [ 38.407119751000039, -1.708231716999933 ], [ 38.405645752000055, -1.709102916999939 ], [ 38.404344286000025, -1.709400482999968 ], [ 38.40323559400008, -1.70873629099998 ], [ 38.40196689000004, -1.708513815999936 ], [ 38.400446320000071, -1.708386623999957 ], [ 38.399814606000064, -1.708993291999946 ], [ 38.398990631000061, -1.709324985999956 ], [ 38.397680283000057, -1.709883361999971 ], [ 38.396591663000038, -1.71027597799997 ], [ 38.395607948000077, -1.710933833999945 ], [ 38.395011902000078, -1.711726108999926 ], [ 38.394712721000076, -1.712692754999978 ], [ 38.394433975000027, -1.713481842999954 ], [ 38.394168854000043, -1.714214607999963 ], [ 38.394057274000033, -1.715139925999949 ], [ 38.394041061000053, -1.715967833999969 ], [ 38.393844605000027, -1.71708079299998 ], [ 38.393244171000049, -1.718167209999933 ], [ 38.392890167000076, -1.718942498999979 ], [ 38.392951393000033, -1.720009852999965 ], [ 38.391949081000064, -1.720362221999949 ], [ 38.391355303000068, -1.721583591999945 ], [ 38.390943146000041, -1.722505902999956 ], [ 38.390631358000064, -1.723723947999929 ], [ 38.389294147000044, -1.724006706999944 ], [ 38.388414171000079, -1.724790811999981 ], [ 38.387402852000037, -1.72564226399993 ], [ 38.386802673000034, -1.726177125999925 ], [ 38.386610985000061, -1.72750571399996 ], [ 38.385899067000025, -1.728086575999953 ], [ 38.385522048000041, -1.729300687999967 ], [ 38.386428833000025, -1.730274581999936 ], [ 38.386979239000027, -1.730948651999938 ], [ 38.387143453000078, -1.731879392999929 ], [ 38.386750857000038, -1.733106712999927 ], [ 38.385663986000054, -1.73338554299994 ], [ 38.38514963800003, -1.734004536999976 ], [ 38.384687805000056, -1.734745048999969 ], [ 38.383824666000066, -1.735329044999958 ], [ 38.38280160100004, -1.735716478999962 ], [ 38.382042885000033, -1.73645171499993 ], [ 38.381112417000054, -1.737012584999945 ], [ 38.380297661000043, -1.737582355999962 ], [ 38.37931605700004, -1.737797242999932 ], [ 38.378772259000073, -1.738677739999957 ], [ 38.377852236000081, -1.739766503999931 ], [ 38.37682660400003, -1.739916443999959 ], [ 38.375886281000078, -1.74012466299996 ], [ 38.374750900000038, -1.740235661999975 ], [ 38.373191833000078, -1.739731415999927 ], [ 38.372304644000053, -1.739096794999966 ], [ 38.371902119000026, -1.738323568999931 ], [ 38.370300987000064, -1.738923375999946 ], [ 38.368849981000039, -1.739269769999964 ], [ 38.368603177000068, -1.740168915999959 ], [ 38.368609905000028, -1.741527452999946 ], [ 38.367748260000042, -1.742045918999963 ], [ 38.367139180000038, -1.742537140999957 ], [ 38.366158867000024, -1.742874183999959 ], [ 38.364734173000045, -1.742968290999954 ], [ 38.36351165800005, -1.743607353999948 ], [ 38.36270999900006, -1.743937879999976 ], [ 38.361703873000067, -1.744327932999965 ], [ 38.360042572000054, -1.744713646999969 ], [ 38.358913422000057, -1.744323640999937 ], [ 38.357871585000055, -1.744421110999951 ], [ 38.357012939000072, -1.744746970999927 ], [ 38.34262085000006, -1.739982127999951 ], [ 38.335849762000066, -1.739724039999942 ], [ 38.307762146000073, -1.738652944999956 ], [ 38.241405487000065, -1.736122726999952 ], [ 38.238430023000035, -1.731427788999952 ], [ 38.219680786000026, -1.701858281999932 ], [ 38.218227386000081, -1.697672843999953 ], [ 38.21470260600006, -1.692134737999936 ], [ 38.210510254000042, -1.687342881999939 ], [ 38.20821380600006, -1.683110713999952 ], [ 38.207345962000034, -1.681146844999944 ], [ 38.206772804000025, -1.680191903999969 ], [ 38.206020355000078, -1.679428457999961 ], [ 38.205753327000025, -1.678691982999965 ], [ 38.205457687000035, -1.677552937999963 ], [ 38.204998016000047, -1.676626642999963 ], [ 38.204519907000076, -1.675841092999974 ], [ 38.201694489000033, -1.672884225999951 ], [ 38.180953979000037, -1.647441744999981 ], [ 38.180109978000075, -1.646273791999931 ], [ 38.175056458000029, -1.642770051999946 ], [ 38.172271729000045, -1.636324762999948 ], [ 38.171745300000055, -1.63563269399998 ], [ 38.170902252000076, -1.634666621999941 ], [ 38.170269012000063, -1.63385915799995 ], [ 38.165022850000071, -1.627212076999967 ], [ 38.164259593000054, -1.625991284999941 ], [ 38.163225174000047, -1.625258326999926 ], [ 38.162592570000072, -1.624679167999943 ], [ 38.160331726000038, -1.620622753999953 ], [ 38.159568787000069, -1.619469165999931 ], [ 38.158935547000056, -1.618604063999953 ], [ 38.158443451000039, -1.617998480999972 ], [ 38.157932281000058, -1.617090105999978 ], [ 38.155574799000078, -1.612036227999965 ], [ 38.155113220000032, -1.610810696999977 ], [ 38.15497016900008, -1.610010444999944 ], [ 38.154869080000026, -1.609030007999934 ], [ 38.15473938000008, -1.608085572999926 ], [ 38.154506683000079, -1.607213258999934 ], [ 38.154262543000073, -1.606412946999967 ], [ 38.153240204000042, -1.604498624999962 ], [ 38.15319824200003, -1.603668570999957 ], [ 38.152793884000062, -1.602633416999936 ], [ 38.152706146000071, -1.601510405999932 ], [ 38.152776718000041, -1.600475191999976 ], [ 38.153285980000078, -1.599439978999953 ], [ 38.153705597000055, -1.598282038999969 ], [ 38.153968811000027, -1.597141503999978 ], [ 38.154411316000051, -1.595326184999976 ], [ 38.15515136700003, -1.593954038999925 ], [ 38.155389786000057, -1.592823922999969 ], [ 38.155256271000042, -1.591710328999966 ], [ 38.154959679000058, -1.590289800999926 ], [ 38.154925028000036, -1.58927138599995 ], [ 38.154721260000031, -1.58729165799997 ], [ 38.154253960000062, -1.586006789999942 ], [ 38.153793335000046, -1.584764718999963 ], [ 38.15343856800007, -1.583979486999965 ], [ 38.15301704400008, -1.583265602999973 ], [ 38.152580261000026, -1.582523226999967 ], [ 38.152186076000078, -1.581638097999928 ], [ 38.152107239000031, -1.58064341499994 ], [ 38.152023315000065, -1.579782127999977 ], [ 38.151731491000078, -1.578818380999962 ], [ 38.151409149000074, -1.577826201999926 ], [ 38.151151657000071, -1.576819657999977 ], [ 38.150716782000075, -1.575598954999975 ], [ 38.150495529000068, -1.574849485999948 ], [ 38.150074005000079, -1.573907196999926 ], [ 38.149681091000048, -1.572957753999958 ], [ 38.148754120000035, -1.570230960999936 ], [ 38.147918701000037, -1.568895816999941 ], [ 38.147026062000066, -1.569772421999971 ], [ 38.146133423000038, -1.570707916999936 ], [ 38.145233154000039, -1.571361541999977 ], [ 38.14455795300006, -1.571834921999937 ], [ 38.143836975000056, -1.572150587999943 ], [ 38.142799377000074, -1.57253372699995 ], [ 38.141595840000036, -1.572830537999948 ], [ 38.140678406000063, -1.572173118999956 ], [ 38.140182495000033, -1.571181296999953 ], [ 38.139801025000054, -1.570414900999936 ], [ 38.13949585000006, -1.569513201999939 ], [ 38.139169693000042, -1.568442522999931 ], [ 38.138671875000057, -1.567552089999936 ], [ 38.137939453000058, -1.566966115999946 ], [ 38.137142181000058, -1.56676304299998 ], [ 38.135906219000049, -1.566689967999935 ], [ 38.134750366000048, -1.566087007999954 ], [ 38.133918762000064, -1.565636157999961 ], [ 38.132881165000072, -1.565230369999938 ], [ 38.131752968000058, -1.564762621999932 ], [ 38.13105392500006, -1.563968061999958 ], [ 38.130489349000072, -1.563269376999926 ], [ 38.129791260000047, -1.562559306999958 ], [ 38.128982544000053, -1.561849235999944 ], [ 38.128225327000052, -1.560947566999971 ], [ 38.127651215000071, -1.559730410999975 ], [ 38.127311707000047, -1.55891883399994 ], [ 38.12693977400005, -1.557927071999927 ], [ 38.126489639000056, -1.556991636999953 ], [ 38.126106262000064, -1.555887102999975 ], [ 38.125688553000032, -1.554771303999928 ], [ 38.125047684000037, -1.553644299999974 ], [ 38.124410629000067, -1.552370696999958 ], [ 38.124079895000079, -1.551213669999925 ], [ 38.123962402000075, -1.550330161999966 ], [ 38.123633385000062, -1.549347400999977 ], [ 38.123338699000044, -1.548069 ], [ 38.123062134000065, -1.546965598999975 ], [ 38.122772217000033, -1.546032845999946 ], [ 38.122373581000033, -1.545058428999937 ], [ 38.121913910000046, -1.544292270999961 ], [ 38.121606827000051, -1.543534397999963 ], [ 38.121507645000065, -1.542626618999975 ], [ 38.121498108000026, -1.54182708299993 ], [ 38.121258418000025, -1.540644525999937 ], [ 38.120548248000034, -1.53999489499995 ], [ 38.119615555000053, -1.53950357399998 ], [ 38.118925095000066, -1.538903951999941 ], [ 38.118391037000038, -1.537996172999954 ], [ 38.117391586000053, -1.537205039999947 ], [ 38.116683960000046, -1.536597072999939 ], [ 38.11594677000005, -1.535664349999934 ], [ 38.11538124100008, -1.534356832999947 ], [ 38.115135193000071, -1.533282458999963 ], [ 38.114786148000064, -1.53244131799994 ], [ 38.114467621000074, -1.531741737999937 ], [ 38.114177704000042, -1.531017243999941 ], [ 38.113769531000059, -1.530309318999969 ], [ 38.113285065000071, -1.529584764999925 ], [ 38.112707138000076, -1.528622954999946 ], [ 38.111974716000077, -1.527423649999946 ], [ 38.11139488200007, -1.526578366999956 ], [ 38.111013412000034, -1.52561643699994 ], [ 38.110694885000044, -1.524554609999939 ], [ 38.110410055000045, -1.523702382999943 ], [ 38.10948181200007, -1.523013829999968 ], [ 38.108697891000077, -1.522497534999957 ], [ 38.108222961000024, -1.52188962699995 ], [ 38.107539177000035, -1.521098434999942 ], [ 38.106113116000074, -1.520250389999944 ], [ 38.104858398000033, -1.519720106999955 ], [ 38.103886922000072, -1.518816550999929 ], [ 38.103368759000034, -1.517950415999962 ], [ 38.102993011000081, -1.51721757699994 ], [ 38.102654457000028, -1.516388862999975 ], [ 38.101673126000037, -1.515589385999931 ], [ 38.100727081000059, -1.514935612999977 ], [ 38.100135803000057, -1.51421940299997 ], [ 38.099628448000033, -1.513536571999964 ], [ 38.098972321000076, -1.512575973999958 ], [ 38.098128319000068, -1.51130038499997 ], [ 38.097370148000039, -1.510496794999938 ], [ 38.096694946000071, -1.510005354999976 ], [ 38.09589767500006, -1.509563981999975 ], [ 38.094739914000058, -1.508989333999978 ], [ 38.093688965000069, -1.508452236999972 ], [ 38.092782974000045, -1.507740258999945 ], [ 38.092048645000034, -1.507207154999946 ], [ 38.091400146000069, -1.506724178999946 ], [ 38.090491295000049, -1.506045400999938 ], [ 38.089651108000055, -1.505337118999932 ], [ 38.088933945000065, -1.504883646999929 ], [ 38.088102341000024, -1.504408955999963 ], [ 38.087419510000075, -1.503909229999977 ], [ 38.086843491000025, -1.503084718999958 ], [ 38.086318970000036, -1.502285241999971 ], [ 38.085811615000068, -1.501610636999942 ], [ 38.085054398000068, -1.500969796999925 ], [ 38.084530830000062, -1.500251501999969 ], [ 38.08417892500006, -1.499399661999973 ], [ 38.083740234000061, -1.498333572999968 ], [ 38.083330154000066, -1.497343778999948 ], [ 38.082986832000074, -1.496477692999974 ], [ 38.082542419000049, -1.495427528999926 ], [ 38.082059224000034, -1.494678774999954 ], [ 38.081073761000027, -1.493879317999927 ], [ 38.080460866000067, -1.493168631999936 ], [ 38.080219269000054, -1.492356419999965 ], [ 38.079456329000038, -1.491357057999949 ], [ 38.078928630000064, -1.49034500099998 ], [ 38.078493754000078, -1.48772446299995 ], [ 38.077629089000027, -1.486845612999957 ], [ 38.076545715000066, -1.486017465999964 ], [ 38.075811386000055, -1.485465526999974 ], [ 38.074907303000032, -1.484870612999941 ], [ 38.074213028000031, -1.484104454999965 ], [ 38.073793411000054, -1.483333587999937 ], [ 38.073364258000026, -1.482229470999926 ], [ 38.073024750000059, -1.481239556999981 ], [ 38.072652817000062, -1.480040370999973 ], [ 38.072328568000046, -1.479021906999947 ], [ 38.071848551000073, -1.478231946999927 ], [ 38.071157455000048, -1.477803706999964 ], [ 38.070119858000055, -1.477660893999939 ], [ 38.069177628000034, -1.477470457999971 ], [ 38.068397522000055, -1.476880430999927 ], [ 38.06781101200005, -1.475966631999938 ], [ 38.067348480000078, -1.475148200999968 ], [ 38.066722870000035, -1.474005996999949 ], [ 38.066169739000031, -1.472787737999965 ], [ 38.06557846100003, -1.471464693999962 ], [ 38.064924240000039, -1.469903826999939 ], [ 38.064485550000029, -1.469151913999951 ], [ 38.063837051000064, -1.468561827999963 ], [ 38.062753677000046, -1.468095421999976 ], [ 38.06160163900006, -1.467353045999971 ], [ 38.060468674000049, -1.466277509999941 ], [ 38.059574127000076, -1.465287744999955 ], [ 38.058536530000026, -1.464450150999937 ], [ 38.057565689000057, -1.463698207999926 ], [ 38.056728363000047, -1.462936758999945 ], [ 38.055831909000062, -1.46203255699993 ], [ 38.055110931000058, -1.46127116699995 ], [ 38.054462433000026, -1.460538327999927 ], [ 38.053911209000034, -1.45969116699996 ], [ 38.053140640000038, -1.458729892999941 ], [ 38.051845551000042, -1.45755922799998 ], [ 38.050798416000077, -1.456807255999934 ], [ 38.049476624000079, -1.455807923999942 ], [ 38.048770905000026, -1.455294012999957 ], [ 38.048122406000061, -1.45483696499997 ], [ 38.047506332000069, -1.454246997999974 ], [ 38.046772003000058, -1.453228592999949 ], [ 38.046146393000072, -1.452191113999959 ], [ 38.045526505000055, -1.451096653999969 ], [ 38.044487, -1.449411987999952 ], [ 38.044109344000049, -1.448688625999978 ], [ 38.043689728000061, -1.447851061999927 ], [ 38.043384552000077, -1.447070717999964 ], [ 38.043022156000063, -1.446023582999942 ], [ 38.042736053000056, -1.445071815999938 ], [ 38.042430878000062, -1.444110512999941 ], [ 38.042062759000032, -1.442768454999964 ], [ 38.041213035000055, -1.441664397999944 ], [ 38.040870857000073, -1.440916422999976 ], [ 38.040552351000031, -1.440104921999932 ], [ 38.040334701000063, -1.438970922999943 ], [ 38.04035568200004, -1.437572836999948 ], [ 38.040456772000027, -1.436490892999927 ], [ 38.040562948000058, -1.434593120999978 ], [ 38.040486336000072, -1.433578828999941 ], [ 38.040055275000043, -1.432422846999941 ], [ 38.039389610000057, -1.431215583999972 ], [ 38.039062500000057, -1.430157720999944 ], [ 38.039151192000077, -1.429111510999974 ], [ 38.039276123000036, -1.427918165999927 ], [ 38.039430237000033, -1.42674915799995 ], [ 38.039794922000056, -1.425622701999941 ], [ 38.040054321000071, -1.424873023999965 ], [ 38.040599823000036, -1.423875927999973 ], [ 38.041269779000061, -1.422485097999925 ], [ 38.041337967000061, -1.420994102999941 ], [ 38.041251183000043, -1.419651418999933 ], [ 38.041352590000031, -1.418728986999952 ], [ 38.041438103000075, -1.41757070999995 ], [ 38.04134496100005, -1.416328370999963 ], [ 38.041011810000043, -1.41533815899993 ], [ 38.040414810000073, -1.414450823999971 ], [ 38.039699554000038, -1.41381871699997 ], [ 38.038851738000062, -1.413334577999933 ], [ 38.037723541000048, -1.412771761999977 ], [ 38.036850929000025, -1.412152945999935 ], [ 38.035661698000069, -1.411489769999946 ], [ 38.034228325000072, -1.410817175999966 ], [ 38.033416748000036, -1.410284757999932 ], [ 38.032797496000057, -1.409683783999981 ], [ 38.031991959000038, -1.408967673999939 ], [ 38.030968666000035, -1.408284991999949 ], [ 38.029537201000039, -1.407680898999956 ], [ 38.028441111000063, -1.407273848999978 ], [ 38.027610779000042, -1.406875252999953 ], [ 38.026353836000055, -1.406406362999974 ], [ 38.024980545000062, -1.406177043999946 ], [ 38.023857117000034, -1.405941656999971 ], [ 38.02094459500006, -1.404216050999935 ], [ 38.020017624000047, -1.403710007999962 ], [ 38.019148509000047, -1.403294523999932 ], [ 38.018157959000064, -1.403007804999959 ], [ 38.01666386900007, -1.402583310999944 ], [ 38.015708923000034, -1.401886760999957 ], [ 38.015081406000036, -1.401130258999956 ], [ 38.014544169000033, -1.400431791999949 ], [ 38.014053345000036, -1.39972609299997 ], [ 38.013542175000055, -1.399027625999963 ], [ 38.013063431000035, -1.398387193999952 ], [ 38.012561035000033, -1.397417377999943 ], [ 38.012232208000057, -1.396261453999955 ], [ 38.012222290000068, -1.39361420299997 ], [ 38.012433052000063, -1.392264514999965 ], [ 38.012170792000063, -1.39150798299994 ], [ 38.011553764000041, -1.390966534999961 ], [ 38.01052246100005, -1.390455483999972 ], [ 38.009662628000058, -1.390026640999963 ], [ 38.008621216000051, -1.39065071899995 ], [ 38.007767814000033, -1.391276699999935 ], [ 38.006874085000049, -1.39226184599994 ], [ 38.006113688000028, -1.393179714999974 ], [ 38.005409241000052, -1.393693565999968 ], [ 38.004703522000057, -1.394108354999958 ], [ 38.00371500600005, -1.39445184899995 ], [ 38.002593994000051, -1.394943197999964 ], [ 38.002141135000045, -1.395652566999956 ], [ 38.001387278000038, -1.395940462999931 ], [ 38.000577109000062, -1.396349616999942 ], [ 37.999902998000039, -1.397032822999961 ], [ 37.998566437000079, -1.398222636999947 ], [ 37.998151779000068, -1.398866474999977 ], [ 37.997506142000077, -1.39961945999994 ], [ 37.99670573700007, -1.400172233999967 ], [ 37.996079878000046, -1.401172171999974 ], [ 37.995102882000026, -1.401896029999932 ], [ 37.994210561000045, -1.40231287499995 ], [ 37.993309445000079, -1.402827831999957 ], [ 37.992349243000035, -1.402793120999945 ], [ 37.991594461000034, -1.402003700999956 ], [ 37.992321014000026, -1.401578187999974 ], [ 37.993372726000075, -1.401232885999946 ], [ 37.99387200700005, -1.400060206999967 ], [ 37.99312210100004, -1.399236519999931 ], [ 37.991802216000053, -1.398818536999954 ], [ 37.991004944000053, -1.39798086899998 ], [ 37.990791321000074, -1.396895805999975 ], [ 37.990682602000049, -1.395659282999929 ], [ 37.991327286000057, -1.395151346999967 ], [ 37.991812229000061, -1.394429116999959 ], [ 37.992428916000051, -1.393424782999944 ], [ 37.993066788000078, -1.392564296999979 ], [ 37.993911743000069, -1.392075687999977 ], [ 37.994415760000038, -1.391072213999962 ], [ 37.995387759000039, -1.390302206999934 ], [ 37.996723720000034, -1.389927284999942 ], [ 37.997431437000046, -1.389221131999932 ], [ 37.998291969000036, -1.388485449999962 ], [ 37.998721531000058, -1.387302721999959 ], [ 37.998585383000034, -1.386091303999933 ], [ 37.998443604000045, -1.384819954999955 ], [ 37.998523077000073, -1.383817374999978 ], [ 37.999135971000044, -1.38281130799993 ], [ 37.99980000100004, -1.382114256999955 ], [ 38.000745773000062, -1.381637930999943 ], [ 38.001847267000073, -1.380957175999924 ], [ 38.003296852000062, -1.380481779999968 ], [ 38.004117966000024, -1.379874824999945 ], [ 38.004868507000026, -1.379141807999929 ], [ 38.005723953000029, -1.378322600999979 ], [ 38.006237030000079, -1.37769901799993 ], [ 38.00694446600005, -1.376611804999925 ], [ 38.007640839000032, -1.375241338999956 ], [ 38.007831573000033, -1.374470591999966 ], [ 38.020778656000061, -1.369940757999927 ], [ 38.021846771000071, -1.36954402899994 ], [ 38.022686005000025, -1.369208335999929 ], [ 38.023979950000069, -1.36866803199996 ], [ 38.02484258000004, -1.368892867999932 ], [ 38.025822957000059, -1.369419415999971 ], [ 38.026659393000045, -1.370282577999944 ], [ 38.027156830000024, -1.37111568499995 ], [ 38.02776908900006, -1.37170427999996 ], [ 38.028542836000042, -1.372300028999973 ], [ 38.029495239000028, -1.372838496999975 ], [ 38.030452728000057, -1.373316406999948 ], [ 38.03234481800007, -1.374165117999951 ], [ 38.033435822000058, -1.374418059999925 ], [ 38.034054756000046, -1.373891293999975 ], [ 38.035045624000077, -1.373603164999963 ], [ 38.035970688000077, -1.373295366999969 ], [ 38.036764145000063, -1.37321275499994 ], [ 38.037687302000052, -1.373328387999948 ], [ 38.038564682000072, -1.373477100999935 ], [ 38.039357503000076, -1.373802065999939 ], [ 38.040608088000056, -1.37460637099997 ], [ 38.041587830000026, -1.375228881999931 ], [ 38.042398453000033, -1.375311493999959 ], [ 38.043480873000078, -1.375144958999954 ], [ 38.044938087000048, -1.374730199999931 ], [ 38.046278, -1.374720235999973 ], [ 38.047354017000032, -1.375217948999932 ], [ 38.047915141000033, -1.376009066999927 ], [ 38.04862403900006, -1.376801490999981 ], [ 38.049348831000032, -1.377608338999949 ], [ 38.050662994000049, -1.379016279999973 ], [ 38.05269088700004, -1.380915855999945 ], [ 38.053322686000058, -1.381855010999971 ], [ 38.05480289500008, -1.381966610999939 ], [ 38.055908203000058, -1.381662408999944 ], [ 38.058164215000033, -1.38086175899997 ], [ 38.058953603000077, -1.380680520999931 ], [ 38.060688019000054, -1.380008005999969 ], [ 38.061295827000038, -1.379448651999951 ], [ 38.062088490000065, -1.37901954299997 ], [ 38.062963486000058, -1.379346231999932 ], [ 38.063745499000049, -1.379923715999951 ], [ 38.064531962000046, -1.38040673699993 ], [ 38.065397263000079, -1.381009295999945 ], [ 38.066350555000042, -1.381876384999941 ], [ 38.067327118000037, -1.381966018999947 ], [ 38.068212509000034, -1.382295786999975 ], [ 38.06886825600003, -1.381338846999938 ], [ 38.069836299000031, -1.380485236999959 ], [ 38.070443153000042, -1.379707097999926 ], [ 38.071280585000068, -1.379692580999972 ], [ 38.07166163100004, -1.380755006999948 ], [ 38.072284699000079, -1.381199682999977 ], [ 38.073018138000066, -1.380303871999956 ], [ 38.073811340000077, -1.380028140999968 ], [ 38.073848301000055, -1.381069699999955 ], [ 38.074760437000066, -1.381345697999961 ], [ 38.076110840000069, -1.380855883999971 ], [ 38.077269888000046, -1.381071710999947 ], [ 38.077567101000056, -1.382150709999962 ], [ 38.077350616000047, -1.382911490999959 ], [ 38.076863216000049, -1.383701864999978 ], [ 38.078011104000041, -1.383692587999974 ], [ 38.079021454000042, -1.383638411999925 ], [ 38.079910278000057, -1.383360663999952 ], [ 38.080106626000031, -1.38233159899994 ], [ 38.080842972000028, -1.381543188999956 ], [ 38.081662496000035, -1.381468335999955 ], [ 38.082487488000027, -1.381620430999931 ], [ 38.083287557000062, -1.381893514999945 ], [ 38.084278107000046, -1.382006457999978 ], [ 38.08627414700004, -1.381601556999954 ], [ 38.087639173000071, -1.381520757999965 ], [ 38.08891391800006, -1.381498306999958 ], [ 38.089670181000031, -1.381336628999975 ], [ 38.090643746000069, -1.381198013999949 ], [ 38.091799781000077, -1.380937084999971 ], [ 38.092735290000064, -1.380297600999938 ], [ 38.094183604000079, -1.379863460999957 ], [ 38.095108032000041, -1.379537850999952 ], [ 38.09593854600007, -1.379595262999942 ], [ 38.096714020000036, -1.37995688899997 ], [ 38.097557068000071, -1.379917358999933 ], [ 38.098429108000062, -1.379807686999925 ], [ 38.09959602400005, -1.379822968999974 ], [ 38.100460688000055, -1.379977225999937 ], [ 38.101351738000062, -1.379964529999938 ], [ 38.10230509400003, -1.379823008999949 ], [ 38.103271484000061, -1.379755615999954 ], [ 38.104214096000078, -1.38001247099993 ], [ 38.105052948000036, -1.380535661999943 ], [ 38.105922699000075, -1.380753874999925 ], [ 38.10673141500007, -1.379947065999943 ], [ 38.107269287000065, -1.379311561999941 ], [ 38.108008385000062, -1.378222534999964 ], [ 38.108309746000032, -1.377042471999971 ], [ 38.109079361000056, -1.376410990999943 ], [ 38.109731674000045, -1.375799953999945 ], [ 38.110513210000079, -1.374946474999945 ], [ 38.111907005000035, -1.374585926999941 ], [ 38.112333934000048, -1.37391241399996 ], [ 38.112726212000041, -1.372860997999965 ], [ 38.113772074000053, -1.372022111999968 ], [ 38.11473369600003, -1.371347188999948 ], [ 38.115239461000044, -1.370311061999928 ], [ 38.115076065000039, -1.369485496999971 ], [ 38.114635468000074, -1.368692397999951 ], [ 38.11437606800007, -1.367921173999946 ], [ 38.114472707000061, -1.367068290999953 ], [ 38.114974976000042, -1.366399144999946 ], [ 38.115682983000056, -1.36606018599997 ], [ 38.115932465000071, -1.364922731999968 ], [ 38.116216660000077, -1.363716840999928 ], [ 38.116542816000049, -1.362706601999946 ], [ 38.117145538000045, -1.361248135999972 ], [ 38.117642403000048, -1.360115617999952 ], [ 38.11804199200003, -1.359317182999973 ], [ 38.118898710000053, -1.357462216999977 ], [ 38.118932088000065, -1.356356858999959 ], [ 38.118725141000027, -1.35517677699994 ], [ 38.118669510000075, -1.354143380999972 ], [ 38.118801117000032, -1.353147744999944 ], [ 38.117969195000057, -1.352189272999965 ], [ 38.117051697000079, -1.351371502999939 ], [ 38.117093086000068, -1.350350617999936 ], [ 38.118535996000048, -1.34898790699998 ], [ 38.119028091000075, -1.347682266999925 ], [ 38.119493484000031, -1.346794127999942 ], [ 38.119979858000079, -1.346174954999981 ], [ 38.120405197000025, -1.345490514999938 ], [ 38.12066459700003, -1.344724654999936 ], [ 38.120850881000024, -1.343771337999954 ], [ 38.121051788000045, -1.342511176999949 ], [ 38.12140846300008, -1.34163665799997 ], [ 38.121700287000067, -1.340830027999971 ], [ 38.121870995000052, -1.339742332999947 ], [ 38.121975422000048, -1.33841425199995 ], [ 38.123173714000075, -1.338129102999972 ], [ 38.124032974000045, -1.338474481999924 ], [ 38.12428665200008, -1.339320301999976 ], [ 38.124259949000077, -1.340362071999948 ], [ 38.124374390000071, -1.341776728999946 ], [ 38.124817848000077, -1.342709987999967 ], [ 38.125602722000053, -1.343304752999927 ], [ 38.12642097500003, -1.343774973999928 ], [ 38.127269745000035, -1.344360947999974 ], [ 38.127876282000045, -1.344925283999942 ], [ 38.128648758000054, -1.345833211999945 ], [ 38.129136086000074, -1.347072004999973 ], [ 38.130921682000064, -1.347336887999973 ], [ 38.131708145000061, -1.347478389999935 ], [ 38.132779439000046, -1.34769535099997 ], [ 38.134755333000044, -1.347802101999946 ], [ 38.136266708000051, -1.347829818999969 ], [ 38.137355804000038, -1.347829818999969 ], [ 38.139004707000026, -1.347777872999927 ], [ 38.14015579200003, -1.34769234099997 ], [ 38.141805013000067, -1.347964266999952 ], [ 38.143522898000072, -1.347868491999975 ], [ 38.144577026000036, -1.347512006999978 ], [ 38.146532059000037, -1.346564948999969 ], [ 38.147477150000043, -1.346234976999938 ], [ 38.148653030000048, -1.346363305999944 ], [ 38.14953994800004, -1.346729874999937 ], [ 38.150724411000056, -1.347316503999934 ], [ 38.151597977000051, -1.347652613999969 ], [ 38.152837753000028, -1.34789088399998 ], [ 38.153929392000066, -1.348123112999929 ], [ 38.15496158600007, -1.348893016999966 ], [ 38.155999502000043, -1.349634408999975 ], [ 38.15699386600005, -1.34977281099998 ], [ 38.158113480000054, -1.349464356999931 ], [ 38.159015656000065, -1.348972439999955 ], [ 38.160158157000069, -1.348764717999927 ], [ 38.161479950000057, -1.348660826999946 ], [ 38.16266822800003, -1.348453044999928 ], [ 38.163444519000052, -1.348281979999967 ], [ 38.164472580000051, -1.347945928999934 ], [ 38.165487289000055, -1.347463130999927 ], [ 38.166252136000026, -1.346974372999966 ], [ 38.167252011000073, -1.346670137999979 ], [ 38.16807301800003, -1.349300384999935 ], [ 38.168443680000053, -1.350227136999933 ], [ 38.169860840000069, -1.351557015999958 ], [ 38.170600891000049, -1.35214990399993 ], [ 38.172233582000047, -1.353891372999954 ], [ 38.172921181000049, -1.354413806999958 ], [ 38.17392540000003, -1.354349612999954 ], [ 38.175016403000029, -1.354157179999959 ], [ 38.176511765000043, -1.354062437999971 ], [ 38.17764091500004, -1.354147970999975 ], [ 38.178544998000064, -1.354429065999966 ], [ 38.179626465000069, -1.354948460999935 ], [ 38.180677414000058, -1.355663358999948 ], [ 38.181637900000055, -1.356287836999968 ], [ 38.181613922000054, -1.355493485999943 ], [ 38.181534290000059, -1.354515909999975 ], [ 38.181793976000051, -1.353487467999969 ], [ 38.182384915000057, -1.352742353999929 ], [ 38.182620457000041, -1.351568715999974 ], [ 38.182617823000044, -1.350646992999941 ], [ 38.182699680000042, -1.34964115899993 ], [ 38.181877136000026, -1.348472833999949 ], [ 38.181440735000081, -1.34768435999996 ], [ 38.181538264000039, -1.346786081999937 ], [ 38.181763649000061, -1.345908209999948 ], [ 38.18083858500006, -1.345216974999971 ], [ 38.179972649000035, -1.344617336999931 ], [ 38.17936420400008, -1.343992620999927 ], [ 38.178635406000069, -1.343636750999963 ], [ 38.178343031000054, -1.342622279999944 ], [ 38.178190613000027, -1.34150485999993 ], [ 38.178000132000079, -1.340681790999952 ], [ 38.177873993000048, -1.339737128999957 ], [ 38.177103043000045, -1.339066961999947 ], [ 38.17654800400004, -1.338263689999962 ], [ 38.176201502000026, -1.337184746999981 ], [ 38.175690333000034, -1.33615169899997 ], [ 38.175579071000072, -1.335152764999975 ], [ 38.175402959000053, -1.334152141999937 ], [ 38.174980164000033, -1.33318991699997 ], [ 38.174835682000037, -1.331852917999925 ], [ 38.174694824000028, -1.330463917999964 ], [ 38.174240748000045, -1.329303641999957 ], [ 38.173993683000049, -1.328533744999959 ], [ 38.173891544000071, -1.327516719999949 ], [ 38.173995209000054, -1.326415967999935 ], [ 38.173960368000053, -1.325590292999948 ], [ 38.173871613000074, -1.324745511999936 ], [ 38.173194885000044, -1.315817564999975 ], [ 38.17315355900007, -1.314171065999972 ], [ 38.172477341000047, -1.311834811999972 ], [ 38.172332001000029, -1.310899495999934 ], [ 38.171970367000029, -1.310053160999928 ], [ 38.171747684000024, -1.309084742999971 ], [ 38.171210819000066, -1.308015041999965 ], [ 38.170732498000064, -1.307204663999926 ], [ 38.170344761000024, -1.30635678799996 ], [ 38.170241038000029, -1.30544582999994 ], [ 38.169926780000026, -1.304593221999937 ], [ 38.169824812000059, -1.303415271999938 ], [ 38.169785227000034, -1.301887409999949 ], [ 38.16928318600003, -1.300743766999972 ], [ 38.169033051000042, -1.299633293999932 ], [ 38.168399811000029, -1.298684034999951 ], [ 38.167304357000035, -1.298716854999952 ], [ 38.16634496100005, -1.298514325999975 ], [ 38.165377426000077, -1.297947157999943 ], [ 38.165510268000048, -1.296800959999928 ], [ 38.164131165000072, -1.288101851999954 ], [ 38.163970947000053, -1.287023245999933 ], [ 38.163867950000053, -1.285978674999967 ], [ 38.163654327000074, -1.285115718999975 ], [ 38.163278580000053, -1.284093915999961 ], [ 38.162728310000034, -1.282981186999962 ], [ 38.162189484000066, -1.281959294999979 ], [ 38.161792755000079, -1.280948757999965 ], [ 38.161495209000066, -1.279836058999933 ], [ 38.161293030000024, -1.278734743999962 ], [ 38.16128158600003, -1.277928590999977 ], [ 38.161672592000059, -1.276906728999961 ], [ 38.16226959200003, -1.275918960999945 ], [ 38.162086487000067, -1.274851619999936 ], [ 38.161804199000073, -1.273784279999973 ], [ 38.161643982000044, -1.27259781999993 ], [ 38.16128158600003, -1.271502196999961 ], [ 38.160804749000079, -1.270798265999929 ], [ 38.160512924000045, -1.269645750999928 ], [ 38.16054153400006, -1.268323063999958 ], [ 38.16054153400006, -1.267278491999946 ], [ 38.160474777000047, -1.266290664999929 ], [ 38.160144806000062, -1.264701127999956 ], [ 38.159988403000057, -1.26367926599994 ], [ 38.159782410000048, -1.262839078999946 ], [ 38.159397125000055, -1.261726378999924 ], [ 38.15900993300005, -1.260556876999942 ], [ 38.158782959000064, -1.259591817999933 ], [ 38.158622742000034, -1.258581280999977 ], [ 38.158535004000044, -1.257377743999939 ], [ 38.158496857000046, -1.256238579999945 ], [ 38.158203125000057, -1.255436181999926 ], [ 38.157590866000078, -1.254527806999931 ], [ 38.156965256000035, -1.253517388999967 ], [ 38.15632534000008, -1.252393274999974 ], [ 38.155870438000079, -1.251189738999926 ], [ 38.15553665200008, -1.249713777999943 ], [ 38.155342102000077, -1.248601018999977 ], [ 38.155172348000065, -1.247567831999959 ], [ 38.155128479000041, -1.246557294999945 ], [ 38.155059814000026, -1.245626091999952 ], [ 38.154991150000058, -1.244808792999947 ], [ 38.154876709000064, -1.24392318699995 ], [ 38.154701233000026, -1.242662846999963 ], [ 38.154333115000043, -1.24137985699997 ], [ 38.153991699000073, -1.240630506999935 ], [ 38.153696060000073, -1.239676713999927 ], [ 38.153560638000044, -1.238620817999958 ], [ 38.15346908600003, -1.237439989999928 ], [ 38.153123855000047, -1.236168324999937 ], [ 38.152753830000051, -1.235044300999959 ], [ 38.152635574000044, -1.234079151999936 ], [ 38.152515411000024, -1.232784807999963 ], [ 38.152423859000066, -1.231626688999938 ], [ 38.152412415000072, -1.230854629999953 ], [ 38.15253830000006, -1.22953754699995 ], [ 38.152614593000067, -1.228678424999941 ], [ 38.152515411000024, -1.227584629999967 ], [ 38.152720133000059, -1.226505994999968 ], [ 38.153072357000042, -1.22568851699998 ], [ 38.153114319000053, -1.22484830999997 ], [ 38.152866364000033, -1.223650454999927 ], [ 38.153264999000044, -1.222656964999942 ], [ 38.153640747000054, -1.221884905999957 ], [ 38.153774261000081, -1.221044718999963 ], [ 38.153808594000054, -1.220034181999949 ], [ 38.153718948000062, -1.219080447999943 ], [ 38.15354919400005, -1.218251585999951 ], [ 38.153230667000059, -1.21740004399993 ], [ 38.152595520000034, -1.216321348999941 ], [ 38.152389526000036, -1.215481161999946 ], [ 38.152629852000075, -1.214731871999959 ], [ 38.152810097000042, -1.213636189999932 ], [ 38.152595520000034, -1.21267676399998 ], [ 38.152173996000045, -1.211802482999929 ], [ 38.151622772000053, -1.210337797999955 ], [ 38.151527405000024, -1.209225117999949 ], [ 38.151699066000049, -1.208112358999927 ], [ 38.151868820000061, -1.207135974999971 ], [ 38.152095795000037, -1.206023245999972 ], [ 38.152345657000069, -1.204479127999946 ], [ 38.152664185000049, -1.203400492999947 ], [ 38.152912140000069, -1.202642877999949 ], [ 38.153163910000046, -1.201742767999974 ], [ 38.153146744000026, -1.20053920099997 ], [ 38.152854919000049, -1.199256240999944 ], [ 38.152698517000033, -1.19827973799994 ], [ 38.15253830000006, -1.197371482999927 ], [ 38.152378082000041, -1.196463107999932 ], [ 38.152244568000071, -1.195282279999958 ], [ 38.152244568000071, -1.194339930999945 ], [ 38.152458191000051, -1.193499743999951 ], [ 38.152833939000061, -1.19239830999993 ], [ 38.153009415000042, -1.191194861999975 ], [ 38.152923584000064, -1.18999129499997 ], [ 38.152923584000064, -1.188833176999935 ], [ 38.15288925200008, -1.187448024999981 ], [ 38.152797699000075, -1.186278521999952 ], [ 38.152877808000028, -1.185006856999962 ], [ 38.153095245000031, -1.183428644999935 ], [ 38.153343201000041, -1.181963979999978 ], [ 38.153537750000055, -1.180908083999952 ], [ 38.153675079000038, -1.180090546999963 ], [ 38.156055450000053, -1.162220477999938 ], [ 38.156055450000053, -1.161438405999945 ], [ 38.156105042000036, -1.16005456399995 ], [ 38.156017303000056, -1.158755023999959 ], [ 38.156078339000032, -1.15788102099998 ], [ 38.156154633000028, -1.156968652999979 ], [ 38.156208038000045, -1.155312656999968 ], [ 38.156159719000073, -1.154226541999947 ], [ 38.156047821000072, -1.153006274999939 ], [ 38.156070709000062, -1.151015281999946 ], [ 38.209188461000053, -1.164139707999936 ], [ 38.209821065000028, -1.164648015999944 ], [ 38.210543738000069, -1.165257917999952 ], [ 38.211586475000047, -1.165544375999957 ], [ 38.212255955000046, -1.164635762999978 ], [ 38.213629723000054, -1.164446025999951 ], [ 38.214523315000065, -1.164747863999935 ], [ 38.215411504000031, -1.16504436699995 ], [ 38.216239929000039, -1.165585576999945 ], [ 38.217209407000041, -1.165430102999949 ], [ 38.218065739000053, -1.166151985999932 ], [ 38.219020208000074, -1.166524668999955 ], [ 38.219493230000069, -1.167169908999938 ], [ 38.220136816000036, -1.168089627999962 ], [ 38.220816040000045, -1.168954610999947 ], [ 38.220919609000077, -1.169825344999936 ], [ 38.221194744000059, -1.170716002999939 ], [ 38.22260284400005, -1.17244563099996 ], [ 38.223087947000067, -1.173229554999978 ], [ 38.223606110000048, -1.174182295999969 ], [ 38.224761963000049, -1.17472506799993 ], [ 38.225877126000057, -1.174698531999979 ], [ 38.226946354000063, -1.175076931999968 ], [ 38.228064060000065, -1.176002796999967 ], [ 38.228819711000028, -1.176886132999925 ], [ 38.229344050000066, -1.177772799999957 ], [ 38.229632241000047, -1.178747346999955 ], [ 38.229981709000072, -1.17983582599993 ], [ 38.230104446000041, -1.181073724999976 ], [ 38.229782740000076, -1.181981632999964 ], [ 38.229627991000029, -1.182897519999926 ], [ 38.230019706000064, -1.183646865999947 ], [ 38.230923971000038, -1.18433667599993 ], [ 38.23148218800003, -1.185277242999973 ], [ 38.231513023000048, -1.186251262999974 ], [ 38.231713613000068, -1.187472191999973 ], [ 38.232162857000048, -1.188876959999959 ], [ 38.232520512000065, -1.190007124999966 ], [ 38.233084488000031, -1.190950929999929 ], [ 38.233888899000078, -1.191817555999933 ], [ 38.234305064000068, -1.192601402999969 ], [ 38.234542084000054, -1.193350910999925 ], [ 38.234673636000025, -1.194197960999929 ], [ 38.234717369000066, -1.195046096999931 ], [ 38.234664917000032, -1.195856349999929 ], [ 38.234846306000065, -1.196862160999956 ], [ 38.23582506200006, -1.19803380999997 ], [ 38.236709595000036, -1.198758164999958 ], [ 38.237228394000056, -1.199347763999924 ], [ 38.237648646000025, -1.200046737999969 ], [ 38.238002777000077, -1.200916313999926 ], [ 38.238107409000065, -1.20182480099993 ], [ 38.23815727200008, -1.202630082999974 ], [ 38.239062415000035, -1.202845784999965 ], [ 38.240273476000027, -1.202986567999972 ], [ 38.24126706800007, -1.202802027999951 ], [ 38.242032369000071, -1.202653526999939 ], [ 38.242836952000062, -1.202616750999937 ], [ 38.243672371000059, -1.202485531999969 ], [ 38.244626617000051, -1.202239393999946 ], [ 38.24540329000007, -1.202049064999926 ], [ 38.246588707000058, -1.201905369999963 ], [ 38.247978052000065, -1.201788097999952 ], [ 38.249999046000028, -1.201556235999931 ], [ 38.250625174000049, -1.200601742999936 ], [ 38.25143214600007, -1.199673975999929 ], [ 38.252168020000056, -1.199257035999949 ], [ 38.252973557000075, -1.19912648199994 ], [ 38.255123138000044, -1.198101162999933 ], [ 38.257761274000075, -1.196959988999936 ], [ 38.258676147000074, -1.196967625999946 ], [ 38.260714722000046, -1.196010207999961 ], [ 38.262084961000028, -1.194830456999966 ], [ 38.262767792000034, -1.194391766999956 ], [ 38.263383865000037, -1.193808416999957 ], [ 38.264427503000036, -1.193366825999931 ], [ 38.266025543000069, -1.194509522999965 ], [ 38.267031193000037, -1.194475218999969 ], [ 38.26821009300005, -1.194449146999943 ], [ 38.269289653000044, -1.194727201999967 ], [ 38.270354462000057, -1.195223426999974 ], [ 38.271261215000038, -1.195686995999949 ], [ 38.272136688000046, -1.195944053999938 ], [ 38.273097857000039, -1.195678594999947 ], [ 38.272212187000036, -1.194840286999977 ], [ 38.271501541000077, -1.193794697999977 ], [ 38.27165444700006, -1.192419776999941 ], [ 38.272171974000059, -1.191425591999973 ], [ 38.273004532000073, -1.190605353999956 ], [ 38.273937770000032, -1.18988212499994 ], [ 38.274780909000071, -1.189529776999962 ], [ 38.275901371000032, -1.189386473999946 ], [ 38.278331757000046, -1.188695191999955 ], [ 38.280451638000045, -1.18807131899996 ], [ 38.281527201000074, -1.188189823999949 ], [ 38.283221436000076, -1.188155301999927 ], [ 38.284593105000056, -1.18759486099998 ], [ 38.285647392000044, -1.186927437999941 ], [ 38.286520640000049, -1.186368375999962 ], [ 38.287484169000038, -1.185870438999928 ], [ 38.28831481900005, -1.18558117699996 ], [ 38.289178212000024, -1.185333489999948 ], [ 38.290168381000058, -1.185099052999931 ], [ 38.291134516000056, -1.185002008999959 ], [ 38.292144140000062, -1.184786438999936 ], [ 38.293323517000033, -1.184557508999944 ], [ 38.294371605000038, -1.184475093999936 ], [ 38.295238813000026, -1.184220353999933 ], [ 38.296346392000032, -1.183874214999946 ], [ 38.297532399000033, -1.184091301999956 ], [ 38.29882669400007, -1.184140905999925 ], [ 38.299795151000069, -1.184072732999937 ], [ 38.300686428000063, -1.183939303999978 ], [ 38.301644325000041, -1.183714866999935 ], [ 38.302377319000072, -1.183485435999955 ], [ 38.303145727000071, -1.183179497999959 ], [ 38.303953807000028, -1.183102488999964 ], [ 38.304855347000057, -1.183084219999955 ], [ 38.305971527000054, -1.183022021999932 ], [ 38.307215246000055, -1.182762483999966 ], [ 38.308342525000057, -1.182746358999964 ], [ 38.309158166000032, -1.18365952399995 ], [ 38.309823717000029, -1.184755358999951 ], [ 38.310572052000055, -1.185206841999957 ], [ 38.311437819000048, -1.185660586999973 ], [ 38.31225061400005, -1.186486094999964 ], [ 38.313103040000044, -1.187550762999933 ], [ 38.314402262000044, -1.18785326699998 ], [ 38.315933228000063, -1.187740921999932 ], [ 38.318789800000047, -1.187250583999969 ], [ 38.319182396000031, -1.185922771999969 ], [ 38.319312731000025, -1.184736549999968 ], [ 38.31976572700006, -1.18387043499996 ], [ 38.320697361000043, -1.18283396299995 ], [ 38.320478821000052, -1.182101559999978 ], [ 38.320337084000073, -1.181255154999974 ], [ 38.319968700000061, -1.18019056299994 ], [ 38.319442749000075, -1.179146561999971 ], [ 38.319160461000024, -1.178238844999953 ], [ 38.319198608000079, -1.177250973999946 ], [ 38.320289612000067, -1.176738309999962 ], [ 38.321010045000037, -1.176053268999965 ], [ 38.321361118000027, -1.174934267999959 ], [ 38.321622467000054, -1.173597681999979 ], [ 38.321886335000045, -1.172491992999937 ], [ 38.322094727000035, -1.171699738999962 ], [ 38.322371347000058, -1.170955657999968 ], [ 38.322586060000049, -1.170156816999963 ], [ 38.347156525000059, -1.168540954999969 ], [ 38.376628399000026, -1.16686604399996 ], [ 38.377711487000056, -1.166638469999953 ], [ 38.37853304500004, -1.166385213999945 ], [ 38.37961006200004, -1.166250804999947 ], [ 38.380550385000049, -1.166215896999972 ], [ 38.381371689000048, -1.165894984999966 ], [ 38.382117462000053, -1.164963602999933 ], [ 38.382887704000041, -1.164406009999936 ], [ 38.383599091000065, -1.16403539199996 ], [ 38.384404319000055, -1.163737807999951 ], [ 38.38534327900004, -1.163693138999975 ], [ 38.386333042000047, -1.163637531999939 ], [ 38.387597561000064, -1.163455485999975 ], [ 38.388585663000072, -1.163660978999928 ], [ 38.38939984600006, -1.163826167999957 ], [ 38.39033317600007, -1.163869887999965 ], [ 38.391172791000031, -1.163930296999979 ], [ 38.392147609000062, -1.164027349999969 ], [ 38.393032619000053, -1.164246780999974 ], [ 38.393945058000043, -1.164344071999949 ], [ 38.395178477000059, -1.164315123999927 ], [ 38.39614391300006, -1.164202481999951 ], [ 38.397412109000072, -1.164079129999948 ], [ 38.398599897000054, -1.163680501999977 ], [ 38.399427891000073, -1.162906869999972 ], [ 38.400574578000032, -1.162373303999971 ], [ 38.401808548000076, -1.161722254999972 ], [ 38.402963911000029, -1.161248206999971 ], [ 38.403835297000057, -1.161089705999927 ], [ 38.404810270000041, -1.160480896999957 ], [ 38.405779945000063, -1.159650510999938 ], [ 38.406836033000047, -1.159244685999965 ], [ 38.407676697000056, -1.159421234999968 ], [ 38.408512115000065, -1.159899711999969 ], [ 38.409660339000027, -1.160225718999925 ], [ 38.410645294000062, -1.160508608999976 ], [ 38.411588287000029, -1.160568379999972 ], [ 38.412828445000059, -1.160547534999978 ], [ 38.413613129000055, -1.160590505999949 ], [ 38.414366404000077, -1.160843928999952 ], [ 38.418652534000046, -1.154232561999947 ], [ 38.419774373000052, -1.153975267999954 ], [ 38.420959473000039, -1.153887966999946 ], [ 38.421839396000053, -1.153827348999926 ], [ 38.422822444000076, -1.153869008999948 ], [ 38.424112956000045, -1.153774102999932 ], [ 38.426022053000054, -1.153011723999953 ], [ 38.427188238000042, -1.153581002999942 ], [ 38.428376978000074, -1.153771053999947 ], [ 38.429341634000025, -1.154483874999926 ], [ 38.430267970000045, -1.15456267199994 ], [ 38.431065453000031, -1.155103550999968 ], [ 38.431544372000076, -1.156342984999981 ], [ 38.431840515000033, -1.157475470999941 ], [ 38.432144801000049, -1.158319949999964 ], [ 38.432308197000054, -1.159129046999965 ], [ 38.432394240000065, -1.160122500999933 ], [ 38.432548523000037, -1.16115859599995 ], [ 38.433066177000057, -1.162291967999977 ], [ 38.433614458000079, -1.16345425999998 ], [ 38.434070587000065, -1.164403744999959 ], [ 38.434588432000055, -1.165051280999933 ], [ 38.435278756000059, -1.165420719999929 ], [ 38.436202458000025, -1.165770019999968 ], [ 38.436949412000047, -1.166276037999978 ], [ 38.437667084000054, -1.16597835999994 ], [ 38.438091278000059, -1.16530458099993 ], [ 38.438706398000079, -1.164791136999952 ], [ 38.439646721000031, -1.164200573999949 ], [ 38.440677643000072, -1.163689235999925 ], [ 38.441699346000064, -1.163458366999976 ], [ 38.442824841000061, -1.163173481999934 ], [ 38.443771362000064, -1.163142346999962 ], [ 38.444956779000051, -1.163145551999946 ], [ 38.446099091000065, -1.163170480999952 ], [ 38.446975163000047, -1.163320183999929 ], [ 38.447499411000024, -1.164029802999949 ], [ 38.447780863000048, -1.165210401999957 ], [ 38.448412759000064, -1.166144864999978 ], [ 38.449553331000061, -1.166310424999949 ], [ 38.45038541200006, -1.166937946999951 ], [ 38.450830460000077, -1.167703012999937 ], [ 38.451403300000038, -1.168667097999958 ], [ 38.452429454000026, -1.169227331999934 ], [ 38.453766293000058, -1.169659521999961 ], [ 38.454942067000047, -1.169667322999942 ], [ 38.456018448000066, -1.170024877999936 ], [ 38.457071032000044, -1.170996222999975 ], [ 38.457962036000026, -1.171638547999976 ], [ 38.458630244000062, -1.172076403999938 ], [ 38.459275818000037, -1.172544192999965 ], [ 38.460049152000067, -1.173248230999945 ], [ 38.460868290000064, -1.173737900999924 ], [ 38.46167416000003, -1.174346459999924 ], [ 38.462642670000037, -1.174234389999924 ], [ 38.463589805000026, -1.174394624999934 ], [ 38.464639391000048, -1.174522314999933 ], [ 38.465616862000047, -1.174511054999925 ], [ 38.466652461000081, -1.174861583999927 ], [ 38.467654092000032, -1.175141589999953 ], [ 38.468561808000061, -1.175181428999963 ], [ 38.46967821100003, -1.17490326799998 ], [ 38.470880127000044, -1.17438421199995 ], [ 38.471988678000059, -1.173710286999949 ], [ 38.472750346000055, -1.173253297999963 ], [ 38.473394775000031, -1.172679542999958 ], [ 38.474055290000024, -1.171629756999948 ], [ 38.474464417000036, -1.170258014999945 ], [ 38.474531174000049, -1.168963014999974 ], [ 38.474311511000053, -1.167780100999948 ], [ 38.47454299900005, -1.166924190999964 ], [ 38.474940300000071, -1.165784254999949 ], [ 38.475674248000075, -1.164507159999971 ], [ 38.47666072800007, -1.163628309999979 ], [ 38.477711201000034, -1.162594541999965 ], [ 38.479055405000054, -1.162272110999936 ], [ 38.480173111000056, -1.162368297999933 ], [ 38.481030273000044, -1.162500118999958 ], [ 38.481990814000028, -1.162619998999958 ], [ 38.482874393000031, -1.162018134999926 ], [ 38.483593623000047, -1.16105741299998 ], [ 38.48478422200003, -1.160360681999975 ], [ 38.485935974000029, -1.160107874999937 ], [ 38.486843109000063, -1.160020589999931 ], [ 38.487398420000034, -1.159437349999962 ], [ 38.487141132000033, -1.158442511999965 ], [ 38.486613592000026, -1.157480477999968 ], [ 38.485910416000024, -1.156589224999948 ], [ 38.485974789000068, -1.155532930999925 ], [ 38.486250136000081, -1.154288490999932 ], [ 38.486658414000033, -1.153043676999971 ], [ 38.487741198000037, -1.152414202999978 ], [ 38.48851667100007, -1.152672733999964 ], [ 38.489096880000034, -1.153547860999936 ], [ 38.490146978000041, -1.154467181999962 ], [ 38.49125766800006, -1.154998808999949 ], [ 38.492123468000045, -1.154851819999976 ], [ 38.492988041000046, -1.15482478499996 ], [ 38.493949699000041, -1.155379998999933 ], [ 38.49507522600004, -1.155955218999964 ], [ 38.495984650000025, -1.156093358999954 ], [ 38.49714851400006, -1.156328284999972 ], [ 38.497900009000034, -1.156832247999944 ], [ 38.498749203000045, -1.156597229999932 ], [ 38.49964981100004, -1.156791805999944 ], [ 38.500566210000045, -1.157163891999971 ], [ 38.501469930000042, -1.157469907999939 ], [ 38.502171653000062, -1.157930424999961 ], [ 38.50296946900005, -1.157794406999926 ], [ 38.503746986000067, -1.157314478999979 ], [ 38.504531860000043, -1.157252937999942 ], [ 38.505407333000051, -1.157373979999932 ], [ 38.506554794000067, -1.15777339899995 ], [ 38.507569885000066, -1.158376049999958 ], [ 38.508395301000064, -1.15878168699993 ], [ 38.509450277000042, -1.158836364999956 ], [ 38.510415395000052, -1.158714691999933 ], [ 38.511307308000028, -1.159131151999929 ], [ 38.512537638000026, -1.159338389999959 ], [ 38.513862610000047, -1.159648603999926 ], [ 38.514975230000061, -1.160034841999959 ], [ 38.516012192000062, -1.159865200999946 ], [ 38.516858419000073, -1.159570554999959 ], [ 38.517717044000051, -1.15871137399995 ], [ 38.518377304000069, -1.157810508999944 ], [ 38.519020716000057, -1.156774075999977 ], [ 38.519144535000066, -1.155646278999939 ], [ 38.51959555500008, -1.154837250999947 ], [ 38.520122528000059, -1.15409699099996 ], [ 38.520858765000071, -1.153665929999931 ], [ 38.52181169000005, -1.153091425999946 ], [ 38.522221701000035, -1.152092933999938 ], [ 38.54266738900003, -1.101894854999955 ], [ 38.608989716000053, -1.104406427999947 ], [ 38.609977245000039, -1.10446451599995 ], [ 38.610902786000054, -1.104261060999931 ], [ 38.61168746900006, -1.103892325999936 ], [ 38.61365795100005, -1.102513700999964 ], [ 38.615314960000035, -1.100855066999941 ], [ 38.616065025000069, -1.100034981999954 ], [ 38.616588593000074, -1.099307178999936 ], [ 38.617137591000073, -1.098191330999953 ], [ 38.61755689000006, -1.096864699999969 ], [ 38.617867470000078, -1.095783560999962 ], [ 38.61823399900004, -1.094880620999959 ], [ 38.618768311000053, -1.094123386999968 ], [ 38.619512286000031, -1.093607731999953 ], [ 38.620418549000078, -1.093196212999942 ], [ 38.621207428000048, -1.092597484999942 ], [ 38.62199783300008, -1.092129557999954 ], [ 38.622980245000065, -1.091740691999973 ], [ 38.624151611000059, -1.090894340999967 ], [ 38.625503540000068, -1.090535333999981 ], [ 38.62660293600004, -1.089936708999971 ], [ 38.627426147000051, -1.089312815999961 ], [ 38.628490993000071, -1.088823471999945 ], [ 38.629438128000061, -1.087935855999945 ], [ 38.630225182000061, -1.087156891999939 ], [ 38.630824089000043, -1.08660724799995 ], [ 38.63163471200005, -1.086157589999971 ], [ 38.632733345000076, -1.085770904999947 ], [ 38.633687337000026, -1.085515975999954 ], [ 38.634567897000068, -1.085250973999962 ], [ 38.635647910000046, -1.08503602199994 ], [ 38.636520386000029, -1.08462381399994 ], [ 38.64544296300005, -1.082822799999974 ], [ 38.654197693000071, -1.082908510999971 ], [ 38.658805847000053, -1.081985473999964 ], [ 38.662639618000071, -1.081217526999978 ], [ 38.665000916000054, -1.08194339299996 ], [ 38.679641724000078, -1.091736196999932 ], [ 38.686923981000064, -1.091637730999935 ], [ 38.698894501000041, -1.093520044999934 ], [ 38.706794739000031, -1.089657067999951 ], [ 38.716499329000044, -1.085535764999975 ], [ 38.726116180000076, -1.081098028999975 ], [ 38.727024714000038, -1.080866952999941 ], [ 38.728061040000057, -1.081143736999934 ], [ 38.728959401000054, -1.081471840999939 ], [ 38.729654948000075, -1.081893681999929 ], [ 38.730449677000024, -1.082440137999924 ], [ 38.731143188000033, -1.082874369999956 ], [ 38.731946182000058, -1.083786764999957 ], [ 38.732804616000067, -1.08460841599998 ], [ 38.733576202000052, -1.084817528999963 ], [ 38.734343393000074, -1.085120745999973 ], [ 38.734920979000037, -1.085860192999974 ], [ 38.735506694000037, -1.086658278999948 ], [ 38.736270481000076, -1.087650179999969 ], [ 38.73743057300004, -1.088574248999976 ], [ 38.738349915000072, -1.089183193999929 ], [ 38.739461081000059, -1.089311054999939 ], [ 38.740610123000067, -1.089076905999946 ], [ 38.741474915000026, -1.08934981799996 ], [ 38.742234548000056, -1.089211066999951 ], [ 38.74308204700003, -1.089138030999948 ], [ 38.743909018000068, -1.088869417999945 ], [ 38.74477844200004, -1.088797997999961 ], [ 38.745593548000045, -1.088741272999926 ], [ 38.74665514600008, -1.08906921199997 ], [ 38.747843266000075, -1.089252158999955 ], [ 38.748595556000055, -1.088503698999943 ], [ 38.749536133000049, -1.088177060999953 ], [ 38.750635529000078, -1.088393449999955 ], [ 38.751558940000052, -1.08827292899997 ], [ 38.752718925000067, -1.087951987999929 ], [ 38.753700256000059, -1.087500005999971 ], [ 38.754413605000025, -1.086945493999963 ], [ 38.755051931000025, -1.086412707999955 ], [ 38.755671501000052, -1.085823177999941 ], [ 38.756449382000028, -1.085277358999974 ], [ 38.757528305000051, -1.085037588999967 ], [ 38.758318901000052, -1.084344967999925 ], [ 38.758904457000028, -1.083792209999956 ], [ 38.759854211000061, -1.083824951999929 ], [ 38.760904312000036, -1.084049423999943 ], [ 38.761983236000049, -1.084235454999941 ], [ 38.763017654000066, -1.083734432999961 ], [ 38.763348262000079, -1.082952717999945 ], [ 38.76421737700008, -1.08256333199995 ], [ 38.764930725000056, -1.082246708999946 ], [ 38.765676880000058, -1.082049130999962 ], [ 38.766553061000025, -1.08186595799998 ], [ 38.767696063000074, -1.081605205999949 ], [ 38.768642426000042, -1.082020669999963 ], [ 38.768852234000065, -1.082789822999928 ], [ 38.768885295000075, -1.083705782999971 ], [ 38.76942596400005, -1.084287118999953 ], [ 38.770245446000047, -1.084542538999926 ], [ 38.771486773000049, -1.083981452999979 ], [ 38.772565024000073, -1.084317649999946 ], [ 38.773676978000026, -1.08412041899993 ], [ 38.774866581000026, -1.083836212999927 ], [ 38.775827680000077, -1.084249342999954 ], [ 38.776430511000058, -1.084928202999947 ], [ 38.777531465000038, -1.085102100999961 ], [ 38.778593699000055, -1.085531353999954 ], [ 38.77870241800008, -1.086601045999942 ], [ 38.778278987000078, -1.087610303999952 ], [ 38.778837476000035, -1.088205933999973 ], [ 38.779921055000045, -1.088595583999961 ], [ 38.780958652000038, -1.088210358999959 ], [ 38.781923567000035, -1.088245817999962 ], [ 38.782832241000051, -1.087805336999963 ], [ 38.783449809000047, -1.086789667999938 ], [ 38.783994039000049, -1.085936506999928 ], [ 38.784892082000056, -1.08566385499995 ], [ 38.785679340000058, -1.085530280999933 ], [ 38.786059062000049, -1.084757307999951 ], [ 38.78668975800008, -1.084071254999969 ], [ 38.787542725000037, -1.083523797999931 ], [ 38.788099670000065, -1.083001660999969 ], [ 38.789064789000065, -1.082959782999978 ], [ 38.789978981000047, -1.082656949999944 ], [ 38.790913105000072, -1.082829415999925 ], [ 38.791927044000033, -1.082741617999943 ], [ 38.79359359700004, -1.083618178999927 ], [ 38.794314384000074, -1.083318739999925 ], [ 38.79505920400004, -1.083098751999955 ], [ 38.79636097000008, -1.083137104999935 ], [ 38.797582414000033, -1.083255356999928 ], [ 38.798638916000073, -1.083535676999929 ], [ 38.800014019000059, -1.083286508999947 ], [ 38.801581955000074, -1.082446979999929 ], [ 38.802743912000039, -1.082169234999981 ], [ 38.803681374000064, -1.082264288999966 ], [ 38.804502869000032, -1.082315444999949 ], [ 38.805252075000055, -1.082083761999968 ], [ 38.806138992000058, -1.082179739999958 ], [ 38.807368660000066, -1.082238393999944 ], [ 38.808751243000074, -1.082170639999958 ], [ 38.810067404000051, -1.082024052999941 ], [ 38.811212063000028, -1.081498488999955 ], [ 38.812375704000033, -1.081275901999959 ], [ 38.813720279000052, -1.081680906999964 ], [ 38.815046522000046, -1.081424143999925 ], [ 38.815394265000066, -1.082118442999956 ], [ 38.816166433000035, -1.082955326999979 ], [ 38.816658783000037, -1.084006028999966 ], [ 38.818284716000051, -1.086008275999973 ], [ 38.819212914000047, -1.086273416999973 ], [ 38.820029577000071, -1.086659887999929 ], [ 38.820923941000046, -1.087039947999926 ], [ 38.82158813500007, -1.087446546999956 ], [ 38.822054545000071, -1.088077445999943 ], [ 38.822863443000074, -1.088457515999949 ], [ 38.823895348000065, -1.088895691999937 ], [ 38.824374008000063, -1.089957808999941 ], [ 38.825200399000039, -1.091118558999938 ], [ 38.826261732000034, -1.091921130999935 ], [ 38.826811981000048, -1.092993211999953 ], [ 38.827271779000057, -1.093633969999928 ], [ 38.82812023200006, -1.093431546999966 ], [ 38.829105377000076, -1.093251804999966 ], [ 38.829927444000077, -1.092935576999935 ], [ 38.830509186000029, -1.093524336999963 ], [ 38.83122889200007, -1.093891679999956 ], [ 38.83203833400006, -1.09424120999995 ], [ 38.833101485000043, -1.09457182899996 ], [ 38.834228992000078, -1.094936906999976 ], [ 38.835454532000028, -1.094980203999967 ], [ 38.836484528000028, -1.09448909799994 ], [ 38.83760512200007, -1.094874355999934 ], [ 38.838782501000026, -1.095048689999942 ], [ 38.839465459000053, -1.09461835999997 ], [ 38.84028371200003, -1.094707846999938 ], [ 38.841045380000025, -1.095258712999964 ], [ 38.841834386000073, -1.095063129999971 ], [ 38.842803192000076, -1.095152806999977 ], [ 38.843532562000064, -1.095579474999965 ], [ 38.844664097000077, -1.095357947999958 ], [ 38.845485687000064, -1.096145053999976 ], [ 38.846222560000058, -1.096356272999969 ], [ 38.847047329000077, -1.09579808999996 ], [ 38.848091888000056, -1.095554422999953 ], [ 38.84920597100006, -1.095370411999966 ], [ 38.850071589000038, -1.095902561999935 ], [ 38.850453695000056, -1.096667706999938 ], [ 38.851135254000042, -1.097376033999979 ], [ 38.851948420000042, -1.097768425999959 ], [ 38.852930705000063, -1.097764849999976 ], [ 38.85391807600007, -1.097783664999952 ], [ 38.854953766000051, -1.097516072999952 ], [ 38.855854579000038, -1.096798623999973 ], [ 38.856927395000071, -1.096384703999945 ], [ 38.857658386000026, -1.095635175999973 ], [ 38.85853131600004, -1.095826486999954 ], [ 38.859862328000077, -1.095943077999948 ], [ 38.860994512000048, -1.096369157999959 ], [ 38.861710866000067, -1.096094965999953 ], [ 38.862506866000047, -1.096122875999924 ], [ 38.863392830000066, -1.096057801999962 ], [ 38.864171709000061, -1.096111718999964 ], [ 38.864820480000049, -1.095093051999925 ], [ 38.86631819400003, -1.095063211999957 ], [ 38.866550446000076, -1.093752304999953 ], [ 38.865934584000058, -1.092700242999967 ], [ 38.866638729000044, -1.092008266999926 ], [ 38.867788188000077, -1.092073459999938 ], [ 38.868648529000041, -1.091695951999952 ], [ 38.869441986000027, -1.091853647999926 ], [ 38.870537758000069, -1.092114746999926 ], [ 38.871487512000044, -1.092885838999962 ], [ 38.872331619000079, -1.09339412099996 ], [ 38.873149872000056, -1.093481063999945 ], [ 38.873769760000073, -1.09405815599996 ], [ 38.875284513000054, -1.093860069999948 ], [ 38.876328877000049, -1.093822125999964 ], [ 38.877362823000055, -1.094314097999927 ], [ 38.878179030000069, -1.094764622999946 ], [ 38.878768603000026, -1.093721582999933 ], [ 38.87987479800006, -1.092828485999974 ], [ 38.880888939000045, -1.092603678999978 ], [ 38.882330068000044, -1.092316344999972 ], [ 38.88296572400003, -1.093312763999961 ], [ 38.883746576000078, -1.094558368999969 ], [ 38.884824117000051, -1.094158660999938 ], [ 38.885643482000035, -1.093315347999976 ], [ 38.886381785000026, -1.09290460699998 ], [ 38.886165074000075, -1.091997571999968 ], [ 38.886539459000062, -1.091198920999943 ], [ 38.887266795000073, -1.090863267999964 ], [ 38.887949081000045, -1.09019594199998 ], [ 38.889135149000026, -1.090856154999926 ], [ 38.890126365000071, -1.090550864999955 ], [ 38.890742493000062, -1.089636194999969 ], [ 38.89169693000008, -1.088498401999971 ], [ 38.892279307000081, -1.087553917999969 ], [ 38.892490387000066, -1.086649443999931 ], [ 38.893563906000054, -1.086386923999953 ], [ 38.89363161700004, -1.085167169999977 ], [ 38.894196987000043, -1.08437715499997 ], [ 38.895550728000046, -1.084332629999949 ], [ 38.896854824000059, -1.084568486999956 ], [ 38.897914410000055, -1.083785876999968 ], [ 38.897884716000078, -1.082750677999968 ], [ 38.898619334000045, -1.082030514999929 ], [ 38.899460687000044, -1.081375399999956 ], [ 38.900499684000067, -1.081727146999924 ], [ 38.900886263000075, -1.082767273999934 ], [ 38.901783413000032, -1.081763240999976 ], [ 38.902731323000069, -1.08126625999995 ], [ 38.905270804000054, -1.081508908999979 ], [ 38.906302770000025, -1.081663568999943 ], [ 38.907284164000032, -1.081327449999947 ], [ 38.908045769000069, -1.080278286999942 ], [ 38.909468333000063, -1.080415615999925 ], [ 38.910488764000036, -1.079899866999938 ], [ 38.911504300000047, -1.07957055199995 ], [ 38.912732261000031, -1.080079180999974 ], [ 38.913646698000036, -1.080074518999936 ], [ 38.91450500500008, -1.079839944999947 ], [ 38.915831248000075, -1.079583763999949 ], [ 38.916482108000025, -1.078927312999951 ], [ 38.917233944000031, -1.078256710999938 ], [ 38.918195248000075, -1.078599065999924 ], [ 38.918979168000078, -1.078875779999976 ], [ 38.919471196000075, -1.077973535999945 ], [ 38.919791412000052, -1.077085160999957 ], [ 38.92060525100004, -1.07702771299995 ], [ 38.921413422000057, -1.07802380499993 ], [ 38.922327042000063, -1.078424036999934 ], [ 38.923285802000066, -1.079208214999937 ], [ 38.924075127000037, -1.078940823999972 ], [ 38.925013479000029, -1.07931685099993 ], [ 38.926018397000064, -1.079755126999942 ], [ 38.926690578000034, -1.079249813999979 ], [ 38.927644730000054, -1.079183438999962 ], [ 38.928203583000027, -1.07978135299993 ], [ 38.92923514000006, -1.080108781999968 ], [ 38.930406843000071, -1.080404792999957 ], [ 38.93117268900005, -1.080748279999966 ], [ 38.931838989000028, -1.081185062999964 ], [ 38.932908535000024, -1.080746620999946 ], [ 38.933866660000035, -1.080911405999927 ], [ 38.93493118300006, -1.080550956999957 ], [ 38.93568420400004, -1.080002307999962 ], [ 38.936714935000055, -1.079581701999928 ], [ 38.937404156000071, -1.078635125999938 ], [ 38.938080924000076, -1.077794670999936 ], [ 38.938985443000036, -1.077048611999942 ], [ 38.940044880000073, -1.076311915999952 ], [ 38.941093826000042, -1.075511013999972 ], [ 38.942158699000061, -1.07584598699998 ], [ 38.942890591000037, -1.076073301999941 ], [ 38.943886948000056, -1.075919484999929 ], [ 38.944736481000064, -1.076570510999943 ], [ 38.945561568000073, -1.077373980999937 ], [ 38.94696887300006, -1.077448809999964 ], [ 38.948131016000048, -1.077151638999965 ], [ 38.949104786000078, -1.076871409999967 ], [ 38.949637095000071, -1.076064764999956 ], [ 38.950547900000061, -1.075840404999951 ], [ 38.951254272000028, -1.076250266999978 ], [ 38.951960564000046, -1.07682134199996 ], [ 38.95285373300004, -1.076457539999979 ], [ 38.954099178000035, -1.076238110999952 ], [ 38.955072191000056, -1.075529548999953 ], [ 38.956184387000064, -1.075426354999934 ], [ 38.957117353000058, -1.076448508999931 ] ] ] ] } },
{ "type": "Feature", "properties": { "Shape_Area": 0.12428200122, "name": "Kitui Rural", "ADM1_EN": "Kitui", "ADM0_EN": "Kenya" }, "geometry": { "type": "MultiPolygon", "coordinates": [ [ [ [ 37.793742923000025, -1.125181779999934 ], [ 37.792771476000041, -1.126638534999927 ], [ 37.792083808000029, -1.128050209999969 ], [ 37.791391373000067, -1.128966072999958 ], [ 37.791599274000077, -1.130091905999961 ], [ 37.791259766000053, -1.131387978999953 ], [ 37.790648460000057, -1.132276713999943 ], [ 37.789834023000026, -1.133105356999977 ], [ 37.788394656000037, -1.134459077999963 ], [ 37.78810691800004, -1.135649859999944 ], [ 37.786712837000039, -1.137555825999925 ], [ 37.785790580000025, -1.138614415999939 ], [ 37.785720825000055, -1.139566516999935 ], [ 37.785057916000028, -1.140424860999929 ], [ 37.784036255000046, -1.141405248999945 ], [ 37.783155653000051, -1.141788124999948 ], [ 37.782146454000042, -1.143113827999969 ], [ 37.781896973000073, -1.144227241999943 ], [ 37.780503273000079, -1.144777297999951 ], [ 37.77987416600007, -1.145668386999944 ], [ 37.779016495000064, -1.145752846999926 ], [ 37.77832937200003, -1.14616209299993 ], [ 37.777843475000054, -1.147579937999978 ], [ 37.777345022000077, -1.148189007999974 ], [ 37.776888166000049, -1.149478775999967 ], [ 37.776341248000051, -1.151092600999959 ], [ 37.776598454000066, -1.151974200999973 ], [ 37.776688099000069, -1.153681441999936 ], [ 37.77676518800007, -1.15462118399995 ], [ 37.776917934000039, -1.155846853999947 ], [ 37.776791709000065, -1.157610705999957 ], [ 37.776599503000057, -1.158739190999938 ], [ 37.776656469000045, -1.160230701999978 ], [ 37.776352882000026, -1.161505311999974 ], [ 37.77599207600008, -1.162275572999931 ], [ 37.775930882000068, -1.163262158999942 ], [ 37.775780996000037, -1.164292831999944 ], [ 37.775442941000051, -1.165268778999973 ], [ 37.774766286000045, -1.166505773999972 ], [ 37.77477073700004, -1.168123453999954 ], [ 37.774936040000057, -1.16906873399995 ], [ 37.775116920000073, -1.170112862999929 ], [ 37.775268555000025, -1.171150763999947 ], [ 37.775363159000051, -1.17200097999995 ], [ 37.775055355000063, -1.172947101999966 ], [ 37.774641673000076, -1.173914888999946 ], [ 37.774291420000054, -1.17503568099994 ], [ 37.773915768000052, -1.176205008999943 ], [ 37.773693085000048, -1.177057961999935 ], [ 37.773858070000074, -1.178442770999936 ], [ 37.773532486000079, -1.180096554999977 ], [ 37.773459843000069, -1.181271228999947 ], [ 37.773722755000051, -1.182307865999974 ], [ 37.773529689000043, -1.183111210999925 ], [ 37.773889814000029, -1.183953506999956 ], [ 37.774489267000035, -1.184550284999943 ], [ 37.774782393000066, -1.185726973999977 ], [ 37.775386810000043, -1.186516065999967 ], [ 37.775793711000063, -1.187381386999959 ], [ 37.776137458000051, -1.188689496999928 ], [ 37.776185608000048, -1.189733218999947 ], [ 37.775959015000069, -1.190563002999966 ], [ 37.775681496000061, -1.191444187999934 ], [ 37.775615692000031, -1.192227541999955 ], [ 37.775601069000061, -1.193327088999979 ], [ 37.775627136000026, -1.194470643999978 ], [ 37.775788625000075, -1.25145228699995 ], [ 37.776595116000067, -1.253482341999927 ], [ 37.776836395000032, -1.254316766999978 ], [ 37.777023315000065, -1.255097269999965 ], [ 37.77725124400007, -1.256014495999977 ], [ 37.777645111000027, -1.257341950999944 ], [ 37.77780087800005, -1.258172034999973 ], [ 37.77835845900006, -1.260145782999928 ], [ 37.77864646900008, -1.261123120999969 ], [ 37.778874715000029, -1.261929710999937 ], [ 37.77910709400004, -1.26305681499997 ], [ 37.779445648000035, -1.265936493999959 ], [ 37.779621124000073, -1.267441629999951 ], [ 37.779794216000028, -1.269908695999959 ], [ 37.780130005000046, -1.271975874999953 ], [ 37.780526161000068, -1.273323952999931 ], [ 37.781047821000072, -1.274751781999953 ], [ 37.781515121000041, -1.276177942999936 ], [ 37.783315182000024, -1.277263298999969 ], [ 37.784120560000076, -1.27788051999994 ], [ 37.78474960300008, -1.278659629999936 ], [ 37.785410881000075, -1.279777019999926 ], [ 37.786152522000066, -1.280250807999948 ], [ 37.787036896000075, -1.280458296999939 ], [ 37.787722778000045, -1.280981230999942 ], [ 37.788080215000036, -1.281731108999963 ], [ 37.788635254000042, -1.282609978999972 ], [ 37.78920841200005, -1.283352910999952 ], [ 37.789913177000074, -1.283955335999963 ], [ 37.79066658000005, -1.284420072999978 ], [ 37.791446686000029, -1.284997164999936 ], [ 37.792163086000073, -1.285763954999936 ], [ 37.79292068500007, -1.286499237999976 ], [ 37.793768202000024, -1.28755294399997 ], [ 37.795748393000054, -1.290583013999935 ], [ 37.79668521900004, -1.291737287999979 ], [ 37.797498703000031, -1.292768746999968 ], [ 37.798143387000039, -1.293592363999949 ], [ 37.798601151000071, -1.294404655999926 ], [ 37.799041748000036, -1.295156955999971 ], [ 37.799597422000033, -1.295846541999936 ], [ 37.800360107000074, -1.296604299999956 ], [ 37.800889969000025, -1.297206937999931 ], [ 37.801695824000035, -1.29806694399997 ], [ 37.803792953000027, -1.300194680999937 ], [ 37.804819107000071, -1.30101263499995 ], [ 37.805723190000037, -1.301833390999946 ], [ 37.806320190000065, -1.302513598999951 ], [ 37.806854248000036, -1.303283690999933 ], [ 37.807717323000077, -1.304412652999929 ], [ 37.808419228000048, -1.305532276999941 ], [ 37.808940887000063, -1.306219974999976 ], [ 37.809784698000044, -1.306536221999977 ], [ 37.810656548000054, -1.307055741999932 ], [ 37.813549042000034, -1.310214876999964 ], [ 37.814241409000033, -1.311148076999928 ], [ 37.815012614000068, -1.31193699399995 ], [ 37.815526009000052, -1.312607377999939 ], [ 37.81662368800005, -1.31391274899994 ], [ 37.817538261000038, -1.315055638999979 ], [ 37.81830692300008, -1.316158592999955 ], [ 37.818948746000046, -1.317128955999976 ], [ 37.820116043000041, -1.319046422999975 ], [ 37.820476532000043, -1.319928347999962 ], [ 37.821104050000031, -1.32223313999998 ], [ 37.821395874000075, -1.323241392999932 ], [ 37.821701050000058, -1.324018090999971 ], [ 37.822218577000058, -1.325184821999926 ], [ 37.822603607000076, -1.326401996999948 ], [ 37.823078156000065, -1.327647427999977 ], [ 37.82350285800004, -1.328910390999965 ], [ 37.823819478000075, -1.33009543999998 ], [ 37.824027061000038, -1.331185042999948 ], [ 37.824106852000057, -1.332092880999937 ], [ 37.824213664000069, -1.332974115999946 ], [ 37.82441330000006, -1.334081232999949 ], [ 37.824590683000054, -1.335093706999942 ], [ 37.824780782000062, -1.336086471999977 ], [ 37.825085640000054, -1.336994319999974 ], [ 37.825601578000033, -1.338585584999976 ], [ 37.825932821000038, -1.339601536999965 ], [ 37.826290894000067, -1.340591954999979 ], [ 37.826734543000043, -1.341578691999928 ], [ 37.827166748000025, -1.34246101399998 ], [ 37.827627182000072, -1.343422531999977 ], [ 37.82834243800005, -1.344559112999946 ], [ 37.828726768000024, -1.345354705999966 ], [ 37.829040527000075, -1.346154629999944 ], [ 37.829284123000036, -1.347074099999929 ], [ 37.829463959000066, -1.34810650299994 ], [ 37.829534531000036, -1.349992131999954 ], [ 37.829542796000055, -1.350859601999957 ], [ 37.829262870000036, -1.35165180499996 ], [ 37.82905960100004, -1.352752883999926 ], [ 37.829981804000056, -1.353216260999943 ], [ 37.830929892000029, -1.353278517999968 ], [ 37.831914425000036, -1.353386193999938 ], [ 37.833197403000042, -1.353423249999935 ], [ 37.834342412000069, -1.353397283999925 ], [ 37.835518230000048, -1.353351906999933 ], [ 37.836669286000074, -1.353281338999977 ], [ 37.83758926400003, -1.353201433999971 ], [ 37.838605881000035, -1.353081543999963 ], [ 37.839388847000066, -1.353095054999926 ], [ 37.840399, -1.352914756999951 ], [ 37.841567145000056, -1.35266996799993 ], [ 37.84258206700008, -1.352933605999965 ], [ 37.843361855000069, -1.352979480999977 ], [ 37.844163622000053, -1.353006260999962 ], [ 37.845032692000075, -1.353212683999971 ], [ 37.845721109000067, -1.352879489999964 ], [ 37.846794446000047, -1.352550565999934 ], [ 37.84791793800008, -1.35265297899997 ], [ 37.848624706000066, -1.352962389999959 ], [ 37.849620056000049, -1.352891635999924 ], [ 37.850864410000042, -1.352647890999947 ], [ 37.852164078000044, -1.35279408699995 ], [ 37.853118134000056, -1.352325653999969 ], [ 37.854266427000027, -1.352342453999938 ], [ 37.855350113000043, -1.35247855199998 ], [ 37.856344700000079, -1.352332919999981 ], [ 37.857490063000057, -1.352075799999966 ], [ 37.858488900000054, -1.351897920999932 ], [ 37.859315236000043, -1.351957638999977 ], [ 37.860191618000044, -1.351828029999979 ], [ 37.861647797000046, -1.352485429999945 ], [ 37.862355042000047, -1.353600954999933 ], [ 37.863189697000053, -1.353712915999949 ], [ 37.863874223000039, -1.354074623999963 ], [ 37.863000488000068, -1.355265712999937 ], [ 37.862419128000056, -1.355983376999973 ], [ 37.861448288000076, -1.35737985399993 ], [ 37.862623487000064, -1.357962556999951 ], [ 37.863285700000063, -1.358564674999968 ], [ 37.864779472000066, -1.360075244999962 ], [ 37.866281986000047, -1.360338612999954 ], [ 37.867033005000053, -1.359951614999943 ], [ 37.867732600000068, -1.360551814999951 ], [ 37.86771469100006, -1.361698436999973 ], [ 37.868062020000025, -1.362658798999973 ], [ 37.868643443000053, -1.36401270999994 ], [ 37.868106842000032, -1.365189194999971 ], [ 37.868071874000066, -1.366138775999957 ], [ 37.868618584000046, -1.367253583999968 ], [ 37.868729591000033, -1.368376969999929 ], [ 37.868636608000031, -1.369579001999966 ], [ 37.869253159000039, -1.37043969299998 ], [ 37.870234172000039, -1.370341340999971 ], [ 37.871350288000031, -1.370528891999925 ], [ 37.871448517000033, -1.37173473799993 ], [ 37.871235657000057, -1.372772454999961 ], [ 37.871292114000028, -1.373642205999943 ], [ 37.871592204000081, -1.374378243999956 ], [ 37.873109182000064, -1.376628437999955 ], [ 37.873582363000025, -1.377844824999954 ], [ 37.872694288000048, -1.378526670999975 ], [ 37.872083283000052, -1.379283713999939 ], [ 37.87204132100004, -1.380155181999953 ], [ 37.872698466000031, -1.381402750999939 ], [ 37.873503367000069, -1.382755398999961 ], [ 37.874217987000065, -1.383481621999977 ], [ 37.874986648000061, -1.384122073999947 ], [ 37.875919342000032, -1.38490162599993 ], [ 37.876200040000072, -1.386182675999976 ], [ 37.876086235000059, -1.387240349999956 ], [ 37.876027425000075, -1.388092914999959 ], [ 37.876041412000063, -1.388862609999933 ], [ 37.876134237000031, -1.389866987999937 ], [ 37.876294708000046, -1.390816163999943 ], [ 37.876614888000063, -1.391694425999958 ], [ 37.876781464000032, -1.392728209999973 ], [ 37.87686920200008, -1.393759190999958 ], [ 37.87689971900005, -1.394703149999941 ], [ 37.876558208000063, -1.395632654999929 ], [ 37.875842094000063, -1.396547704999932 ], [ 37.876659393000068, -1.397454773999925 ], [ 37.876821518000042, -1.398251175999974 ], [ 37.876773834000062, -1.399124800999971 ], [ 37.877326965000066, -1.399860882999974 ], [ 37.878045763000046, -1.400781886999937 ], [ 37.87823899600005, -1.402193198999953 ], [ 37.878433228000063, -1.403383641999937 ], [ 37.878566742000032, -1.404803692999963 ], [ 37.878704071000072, -1.405737796999972 ], [ 37.87882105500006, -1.406999835999954 ], [ 37.878784180000025, -1.408709883999961 ], [ 37.878860474000078, -1.41191244099997 ], [ 37.878863017000072, -1.415338356999939 ], [ 37.878759384000034, -1.416551947999949 ], [ 37.878738403000057, -1.417516946999967 ], [ 37.878829956000061, -1.420230626999967 ], [ 37.87859392200005, -1.423276245999944 ], [ 37.878451029000075, -1.424538631999951 ], [ 37.878580093000039, -1.425542930999939 ], [ 37.879107475000069, -1.426344915999948 ], [ 37.880076090000045, -1.426085113999932 ], [ 37.880998135000027, -1.425900414999944 ], [ 37.881232580000074, -1.426646927999968 ], [ 37.88078002900005, -1.427672337999979 ], [ 37.880798340000069, -1.42866259799996 ], [ 37.881057739000028, -1.429480105999971 ], [ 37.881229401000041, -1.430306016999964 ], [ 37.881465912000067, -1.431233858999974 ], [ 37.881654739000055, -1.432067393999944 ], [ 37.881722768000031, -1.43298882199997 ], [ 37.88184814400006, -1.434229111999969 ], [ 37.881988525000054, -1.435136516999933 ], [ 37.881923040000061, -1.435997465999947 ], [ 37.88076248200008, -1.43759849099996 ], [ 37.880726624000033, -1.438496851999957 ], [ 37.881004333000078, -1.439741874999925 ], [ 37.881571960000031, -1.440797638999925 ], [ 37.881815910000057, -1.441567569999961 ], [ 37.88174533800003, -1.442469298999924 ], [ 37.881081899000037, -1.443801601999951 ], [ 37.880189896000047, -1.444447695999941 ], [ 37.879435221000051, -1.444862047999948 ], [ 37.878896078000025, -1.445502578999935 ], [ 37.879337311000029, -1.446270226999957 ], [ 37.880270004000067, -1.44698313899994 ], [ 37.881743295000035, -1.44855500999995 ], [ 37.880664253000077, -1.44956039799996 ], [ 37.879839579000077, -1.450205245999939 ], [ 37.87931569400007, -1.45084849999995 ], [ 37.878960609000046, -1.451642870999933 ], [ 37.878836822000039, -1.452562760999967 ], [ 37.879379272000051, -1.453667625999969 ], [ 37.880255805000047, -1.454541762999952 ], [ 37.880200522000052, -1.455700465999939 ], [ 37.880088170000079, -1.456738113999961 ], [ 37.88009007800008, -1.45793064399993 ], [ 37.88074970200006, -1.458694755999943 ], [ 37.881598790000055, -1.459759473999952 ], [ 37.881328310000072, -1.460717090999935 ], [ 37.880021413000065, -1.460857172999965 ], [ 37.879397801000039, -1.461887682999929 ], [ 37.87934017200007, -1.463153033999959 ], [ 37.879423141000075, -1.464189648999934 ], [ 37.879640102000053, -1.465295791999949 ], [ 37.879943848000039, -1.466484099999946 ], [ 37.880181630000038, -1.467448393999973 ], [ 37.880453110000076, -1.468491990999951 ], [ 37.881529649000072, -1.469194645999949 ], [ 37.881720734000055, -1.470552563999945 ], [ 37.88157018000004, -1.471524516999978 ], [ 37.881263733000026, -1.472297131999937 ], [ 37.880957286000069, -1.473007877999976 ], [ 37.880865097000026, -1.474082678999935 ], [ 37.88120587700007, -1.475450475999935 ], [ 37.882095337000067, -1.475929418999954 ], [ 37.883150037000064, -1.476155177999942 ], [ 37.882875443000046, -1.477147221999928 ], [ 37.882622019000053, -1.477963621999947 ], [ 37.88335800200008, -1.47863900699997 ], [ 37.884391785000048, -1.478980275999959 ], [ 37.885372162000067, -1.47933003299994 ], [ 37.886260986000025, -1.479525982999974 ], [ 37.887229919000049, -1.479835718999936 ], [ 37.886590958000056, -1.480872272999932 ], [ 37.885416031000034, -1.481841504999977 ], [ 37.884558201000061, -1.482740111999931 ], [ 37.884896596000033, -1.48399337099994 ], [ 37.88522481900003, -1.485195705999956 ], [ 37.88375568400005, -1.487385868999979 ], [ 37.884799957000041, -1.489647370999933 ], [ 37.885648155000069, -1.48995569899995 ], [ 37.88554096200005, -1.491412206999939 ], [ 37.88552379600003, -1.492422490999957 ], [ 37.88616016900005, -1.493413345999954 ], [ 37.88710233900008, -1.49425507899997 ], [ 37.885861969000075, -1.496147536999956 ], [ 37.885686874000044, -1.496914505999939 ], [ 37.885663350000073, -1.498208790999968 ], [ 37.886972427000046, -1.498688165999965 ], [ 37.887115479000045, -1.499555189999967 ], [ 37.886383057000046, -1.500393668999948 ], [ 37.886400223000066, -1.501598596999941 ], [ 37.887395859000037, -1.502221146999943 ], [ 37.888309479000043, -1.502999265999961 ], [ 37.88894399000003, -1.50345718899996 ], [ 37.890184402000045, -1.503454386999977 ], [ 37.891483307000044, -1.50334412899997 ], [ 37.892652512000041, -1.503496527999971 ], [ 37.89348125500004, -1.503660886999967 ], [ 37.894585609000046, -1.503823101999956 ], [ 37.895620982000025, -1.504078030999949 ], [ 37.896474838000074, -1.50423395599995 ], [ 37.897340775000032, -1.504326581999976 ], [ 37.898498535000044, -1.504339247999951 ], [ 37.899830954000038, -1.504403096999965 ], [ 37.900154114000031, -1.505300068999929 ], [ 37.899623108000071, -1.50604674799996 ], [ 37.898567963000062, -1.506306313999971 ], [ 37.897644806000073, -1.507031380999933 ], [ 37.897955577000062, -1.508114933999934 ], [ 37.89864301700004, -1.508836552999981 ], [ 37.898300171000074, -1.509895920999952 ], [ 37.89812024400004, -1.510897476999958 ], [ 37.898284912000065, -1.511888443999965 ], [ 37.898932457000058, -1.51261739399996 ], [ 37.899986267000031, -1.512999557999933 ], [ 37.900263309000024, -1.513933240999961 ], [ 37.899664561000066, -1.515227913999979 ], [ 37.898068428000045, -1.51685585599995 ], [ 37.899683634000041, -1.519641239999942 ], [ 37.899686813000073, -1.520474150999974 ], [ 37.898597082000038, -1.521155356999941 ], [ 37.897510529000044, -1.522147058999963 ], [ 37.896444702000053, -1.522688555999935 ], [ 37.895113945000048, -1.522305070999948 ], [ 37.894129435000025, -1.521853466999971 ], [ 37.893202464000069, -1.521978497999953 ], [ 37.892690659000039, -1.522586682999929 ], [ 37.892836571000032, -1.523516594999933 ], [ 37.892871857000046, -1.524464691999981 ], [ 37.892162323000036, -1.525318661999961 ], [ 37.891229630000055, -1.525138914999957 ], [ 37.890249570000037, -1.525065828999971 ], [ 37.889949799000078, -1.526063123999961 ], [ 37.889707947000034, -1.527272748999962 ], [ 37.888938904000042, -1.527714980999974 ], [ 37.888528824000048, -1.526896059999956 ], [ 37.888191223000035, -1.526190661999976 ], [ 37.887306213000045, -1.526108055999941 ], [ 37.886495972000034, -1.526735114999951 ], [ 37.885889053000028, -1.527707248999945 ], [ 37.885416985000063, -1.528453111999966 ], [ 37.885127258000068, -1.529219603999934 ], [ 37.884638786000039, -1.530020653999941 ], [ 37.883955956000079, -1.530968754999947 ], [ 37.883424759000036, -1.531752556999948 ], [ 37.883462906000034, -1.532565801999965 ], [ 37.88420295700007, -1.533130526999969 ], [ 37.88480529800006, -1.533669447999955 ], [ 37.88475647000007, -1.53454592199995 ], [ 37.884228516000064, -1.535545467999953 ], [ 37.883758545000035, -1.536438375999978 ], [ 37.883920034000027, -1.53739984799995 ], [ 37.884625276000065, -1.53862959099996 ], [ 37.884843445000058, -1.539823364999961 ], [ 37.884611130000053, -1.540768116999971 ], [ 37.883984248000047, -1.54157437899994 ], [ 37.882970428000078, -1.541680836999944 ], [ 37.881979942000044, -1.541716247999943 ], [ 37.881115913000031, -1.541958540999929 ], [ 37.880376180000042, -1.542462090999948 ], [ 37.880420685000047, -1.543294339999932 ], [ 37.880783081000061, -1.544101237999939 ], [ 37.881242752000048, -1.544908225999961 ], [ 37.881352234000076, -1.54578472399993 ], [ 37.880557251000027, -1.54659419099994 ], [ 37.879530334000037, -1.547101544999975 ], [ 37.87948063400006, -1.54798281199993 ], [ 37.880596161000028, -1.548513173999936 ], [ 37.881334305000053, -1.548917769999946 ], [ 37.881738390000066, -1.549606969999957 ], [ 37.881572723000033, -1.550508021999974 ], [ 37.881152344000043, -1.55121760399993 ], [ 37.879385948000049, -1.552933523999968 ], [ 37.879406611000036, -1.554255286999933 ], [ 37.880157471000075, -1.554723023999941 ], [ 37.881072998000036, -1.555258358999936 ], [ 37.881212234000031, -1.556220352999958 ], [ 37.881055832000072, -1.557187407999947 ], [ 37.88092613200007, -1.558230339999966 ], [ 37.880812963000039, -1.55934137099996 ], [ 37.880537669000034, -1.56056201499996 ], [ 37.880422592000059, -1.561660438999979 ], [ 37.880334037000068, -1.56344527899995 ], [ 37.880605425000056, -1.564639618999934 ], [ 37.880877177000059, -1.565908014999934 ], [ 37.880922318000046, -1.566784440999925 ], [ 37.880943298000034, -1.569654106999963 ], [ 37.880829811000069, -1.571377574999929 ], [ 37.880540212000028, -1.572088121999968 ], [ 37.879867872000034, -1.572952503999943 ], [ 37.880204519000074, -1.574036557999932 ], [ 37.880641937000064, -1.574963569999966 ], [ 37.881249746000037, -1.576090772999976 ], [ 37.881679535000046, -1.57705786799994 ], [ 37.881406784000035, -1.578025916999934 ], [ 37.880475044000036, -1.578553795999937 ], [ 37.879844121000076, -1.579315917999963 ], [ 37.879835510000078, -1.580495547999931 ], [ 37.880188942000075, -1.581282227999964 ], [ 37.880817413000045, -1.582054097999958 ], [ 37.881534576000035, -1.582628607999936 ], [ 37.881977081000059, -1.583283900999959 ], [ 37.881989479000026, -1.584208785999976 ], [ 37.881996155000024, -1.585199057999944 ], [ 37.88215092300004, -1.586298856999974 ], [ 37.882793427000024, -1.586804508999933 ], [ 37.884157181000035, -1.587179560999971 ], [ 37.884195964000071, -1.588272332999964 ], [ 37.88290214500006, -1.589701547999937 ], [ 37.88234329200003, -1.590613841999925 ], [ 37.88151454900003, -1.591709464999951 ], [ 37.880907567000065, -1.592931198999963 ], [ 37.881773949000035, -1.594035475999931 ], [ 37.882515907000027, -1.594821392999961 ], [ 37.882715861000065, -1.596072901999946 ], [ 37.88259124800004, -1.597536396999942 ], [ 37.882539749000046, -1.598535894999941 ], [ 37.882663727000079, -1.599358995999978 ], [ 37.883107185000028, -1.600390016999938 ], [ 37.883852005000051, -1.60169209999998 ], [ 37.884050369000079, -1.602802425999926 ], [ 37.884203911000043, -1.603560953999931 ], [ 37.884687106000058, -1.604634408999971 ], [ 37.88486290000003, -1.605783760999941 ], [ 37.884529114000031, -1.606668710999941 ], [ 37.882984161000024, -1.608702539999967 ], [ 37.88311767600004, -1.609626799999944 ], [ 37.88410822600008, -1.61028553999995 ], [ 37.88523101800007, -1.611053168999945 ], [ 37.88535753900004, -1.611891030999971 ], [ 37.884604136000064, -1.61360607499995 ], [ 37.885941315000025, -1.615379571999938 ], [ 37.886043549000078, -1.616175174999967 ], [ 37.885993958000029, -1.617571114999976 ], [ 37.943557739000028, -1.623106359999952 ], [ 37.94443130500008, -1.621927618999962 ], [ 37.945674896000071, -1.619951366999942 ], [ 37.94639778100003, -1.618605315999957 ], [ 37.946969986000056, -1.617177605999927 ], [ 37.947481155000048, -1.616271197999936 ], [ 37.949129105000054, -1.61431958299994 ], [ 37.951713562000066, -1.611059808999926 ], [ 37.951296806000073, -1.609472751999931 ], [ 37.95108668000006, -1.608367998999938 ], [ 37.951114655000026, -1.607394297999974 ], [ 37.951211929000067, -1.606615304999934 ], [ 37.951232910000044, -1.605499982999959 ], [ 37.951169014000072, -1.60354448399994 ], [ 37.950381597000046, -1.602189262999957 ], [ 37.94927139300006, -1.601110720999941 ], [ 37.948736827000062, -1.599983274999943 ], [ 37.94831212400004, -1.597203750999938 ], [ 37.948520660000042, -1.596253096999931 ], [ 37.949091593000048, -1.594682653999939 ], [ 37.949328105000063, -1.593554009999934 ], [ 37.948831558000052, -1.591563194999935 ], [ 37.948649270000033, -1.590475150999964 ], [ 37.948284912000076, -1.589555549999943 ], [ 37.947976006000033, -1.588533427999948 ], [ 37.947320938000075, -1.58677780599993 ], [ 37.94683647200003, -1.585587977999978 ], [ 37.946276093000051, -1.584456705999969 ], [ 37.944777595000062, -1.581688973999974 ], [ 37.945948283000064, -1.581015069999978 ], [ 37.946628571000076, -1.580363551999937 ], [ 37.947186152000029, -1.579228678999925 ], [ 37.947248363000028, -1.577817135999965 ], [ 37.946683502000042, -1.576132940999969 ], [ 37.947565079000071, -1.575711756999965 ], [ 37.948545615000057, -1.575314700999968 ], [ 37.949605942000062, -1.574366658999963 ], [ 37.950128937000045, -1.573411440999962 ], [ 37.950710297000057, -1.57280379499997 ], [ 37.95114135700004, -1.572131961999958 ], [ 37.950918198000068, -1.571369796999932 ], [ 37.950098038000078, -1.570730626999932 ], [ 37.949306488000047, -1.570769607999978 ], [ 37.948898315000065, -1.570105695999928 ], [ 37.949143092000043, -1.569000958999936 ], [ 37.949978828000042, -1.568228184999953 ], [ 37.951025009000034, -1.568261369999959 ], [ 37.952185631000077, -1.568735420999928 ], [ 37.952907562000064, -1.569308995999961 ], [ 37.953691101000061, -1.569636225999943 ], [ 37.95514392900003, -1.569655552999961 ], [ 37.956432887000062, -1.569438249999962 ], [ 37.956785202000049, -1.568257390999975 ], [ 37.956825256000059, -1.567467808999936 ], [ 37.956821442000034, -1.566236972999945 ], [ 37.957023621000076, -1.56529586299996 ], [ 37.957382202000076, -1.564139405999924 ], [ 37.957815552000056, -1.563394402999961 ], [ 37.958362579000038, -1.562812232999931 ], [ 37.958760262000055, -1.561937003999958 ], [ 37.959176636000052, -1.560961842999973 ], [ 37.959552765000069, -1.560048847999951 ], [ 37.959971619000044, -1.559111403999964 ], [ 37.960545540000055, -1.558181941999976 ], [ 37.961096446000056, -1.557330329999957 ], [ 37.961586761000035, -1.556702231999964 ], [ 37.962123871000074, -1.556009649999964 ], [ 37.96274948100006, -1.555260776999944 ], [ 37.963316917000043, -1.554498552999974 ], [ 37.963768196000046, -1.553376575999948 ], [ 37.965075175000038, -1.552022615999931 ], [ 37.965608597000028, -1.55133038799994 ], [ 37.966362, -1.550199150999958 ], [ 37.966876984000066, -1.549476801999958 ], [ 37.967544556000064, -1.548812865999935 ], [ 37.968688965000069, -1.548079907999977 ], [ 37.969743729000072, -1.547580658999948 ], [ 37.970575333000056, -1.547138014999973 ], [ 37.970676676000039, -1.546240233999924 ], [ 37.970767212000055, -1.545383691999973 ], [ 37.970979945000067, -1.544383195999956 ], [ 37.970681508000041, -1.543491442999937 ], [ 37.970611225000027, -1.54244687299996 ], [ 37.971034241000041, -1.541505908999966 ], [ 37.971489043000076, -1.540714984999966 ], [ 37.971521759000041, -1.539658688999964 ], [ 37.971672535000039, -1.538796588999958 ], [ 37.97182973200006, -1.537627060999966 ], [ 37.971947261000025, -1.536504896999929 ], [ 37.972101423000026, -1.535184581999943 ], [ 37.971868303000065, -1.534125671999959 ], [ 37.972148895000032, -1.53315970899996 ], [ 37.97186606300005, -1.532391632999975 ], [ 37.970984459000078, -1.531585424999946 ], [ 37.97110557600007, -1.530492946999971 ], [ 37.970675468000024, -1.529622703999962 ], [ 37.969929695000076, -1.529137983999931 ], [ 37.968920027000024, -1.528801389999956 ], [ 37.967991829000027, -1.528229039999928 ], [ 37.966538620000051, -1.527710824999929 ], [ 37.965542384000059, -1.527044840999963 ], [ 37.965165520000028, -1.525958042999946 ], [ 37.964841843000045, -1.525104790999933 ], [ 37.964547838000044, -1.524199025999962 ], [ 37.964703242000041, -1.523167271999966 ], [ 37.96448405600006, -1.52188010499998 ], [ 37.963830131000066, -1.520926645999964 ], [ 37.963477834000059, -1.519671807999941 ], [ 37.963412285000061, -1.518411710999942 ], [ 37.963176219000047, -1.517087846999971 ], [ 37.963273366000067, -1.515985766999961 ], [ 37.963488579000057, -1.515065714999935 ], [ 37.96367454500006, -1.514246612999955 ], [ 37.964380900000037, -1.513809614999957 ], [ 37.965130488000057, -1.51237283599994 ], [ 37.964750078000066, -1.511105338999926 ], [ 37.964138031000061, -1.510309516999939 ], [ 37.963986079000051, -1.509315510999954 ], [ 37.964509010000029, -1.508002489999967 ], [ 37.964895630000058, -1.506812357999934 ], [ 37.96511840800008, -1.505913767999971 ], [ 37.965604510000048, -1.505128689999935 ], [ 37.966173935000029, -1.504120537999938 ], [ 37.967054095000037, -1.50284043399995 ], [ 37.967365810000047, -1.501783659999944 ], [ 37.967675209000049, -1.500642184999947 ], [ 37.968421173000024, -1.499492525999926 ], [ 37.969394811000029, -1.498478249999948 ], [ 37.970254625000052, -1.497221077999939 ], [ 37.970686913000065, -1.495679983999935 ], [ 37.971006775000035, -1.494555806999927 ], [ 37.971185412000068, -1.493738139999948 ], [ 37.971430461000068, -1.492636084999958 ], [ 37.972132683000041, -1.491829901999949 ], [ 37.97304153400006, -1.491243203999943 ], [ 37.973605156000076, -1.49024772599995 ], [ 37.974184036000054, -1.489199280999969 ], [ 37.974751791000074, -1.488427161999937 ], [ 37.975530624000044, -1.488003253999977 ], [ 37.976504326000054, -1.48776918599998 ], [ 37.977621078000027, -1.487473368999929 ], [ 37.978476207000028, -1.487200736999966 ], [ 37.97958135600004, -1.486921583999958 ], [ 37.980653381000025, -1.486524366999959 ], [ 37.98148182500006, -1.485320788999957 ], [ 37.982510885000067, -1.483750561999955 ], [ 37.983386040000028, -1.482845261999955 ], [ 37.984391954000046, -1.482732401999954 ], [ 37.985235214000056, -1.482790529999932 ], [ 37.986543083000072, -1.482821607999938 ], [ 37.98772103500005, -1.483246411999971 ], [ 37.989006678000067, -1.48350135499993 ], [ 37.990240733000064, -1.483997553999927 ], [ 37.991322835000062, -1.484322805999966 ], [ 37.991729381000027, -1.485301505999928 ], [ 37.992480384000032, -1.486107216999926 ], [ 37.993729782000059, -1.486736451999946 ], [ 37.994955699000059, -1.48716791499993 ], [ 37.995864105000067, -1.487550639999938 ], [ 37.997070312000062, -1.488074421999954 ], [ 38.018356323000035, -1.494765221999955 ], [ 38.030445099000076, -1.498565196999948 ], [ 38.030427933000055, -1.495157300999949 ], [ 38.030454636000059, -1.493740945999946 ], [ 38.030609131000062, -1.492663025999946 ], [ 38.031076431000031, -1.491266011999926 ], [ 38.032655716000079, -1.487215756999944 ], [ 38.032894135000049, -1.486304083999926 ], [ 38.033110301000079, -1.48520278899997 ], [ 38.033432961000074, -1.484021990999963 ], [ 38.033691406000059, -1.483122586999968 ], [ 38.03473663300008, -1.480242927999939 ], [ 38.035036087000037, -1.479090630999963 ], [ 38.035280228000033, -1.477909802999932 ], [ 38.035402298000065, -1.476930796999966 ], [ 38.035508156000049, -1.476064949999966 ], [ 38.035544396000034, -1.475135147999936 ], [ 38.03530216200005, -1.473770737999928 ], [ 38.035131455000055, -1.472430854999971 ], [ 38.035183907000032, -1.471126555999945 ], [ 38.035410881000075, -1.46972969199993 ], [ 38.03578109700004, -1.468361568999967 ], [ 38.036229706000029, -1.467385387999968 ], [ 38.036787669000034, -1.466596205999963 ], [ 38.037169774000063, -1.465628047999928 ], [ 38.037338257000044, -1.464604615999974 ], [ 38.03735860200004, -1.463703055999929 ], [ 38.037342072000058, -1.46251392399995 ], [ 38.037387848000037, -1.461011091999978 ], [ 38.037489891000064, -1.460118442999942 ], [ 38.037746429000038, -1.458376973999975 ], [ 38.037981669000033, -1.457473635999975 ], [ 38.038047791000054, -1.456615685999964 ], [ 38.037815094000052, -1.455561239999952 ], [ 38.037405014000058, -1.454544692999946 ], [ 38.037074089000043, -1.453335851999952 ], [ 38.03697586100003, -1.452476262999937 ], [ 38.037042618000044, -1.451651304999928 ], [ 38.03763437300006, -1.450390397999968 ], [ 38.038504283000066, -1.449340044999929 ], [ 38.039164225000036, -1.44824512799994 ], [ 38.040175120000072, -1.44613118999996 ], [ 38.040560150000033, -1.445195149999961 ], [ 38.041097641000079, -1.444266676999973 ], [ 38.041208267000059, -1.443086260999962 ], [ 38.041213035000055, -1.441664397999944 ], [ 38.042062759000032, -1.442768454999964 ], [ 38.042430878000062, -1.444110512999941 ], [ 38.042736053000056, -1.445071815999938 ], [ 38.043022156000063, -1.446023582999942 ], [ 38.043384552000077, -1.447070717999964 ], [ 38.043689728000061, -1.447851061999927 ], [ 38.044109344000049, -1.448688625999978 ], [ 38.044487, -1.449411987999952 ], [ 38.045526505000055, -1.451096653999969 ], [ 38.046146393000072, -1.452191113999959 ], [ 38.046772003000058, -1.453228592999949 ], [ 38.047506332000069, -1.454246997999974 ], [ 38.048122406000061, -1.45483696499997 ], [ 38.048770905000026, -1.455294012999957 ], [ 38.049476624000079, -1.455807923999942 ], [ 38.050798416000077, -1.456807255999934 ], [ 38.051845551000042, -1.45755922799998 ], [ 38.053140640000038, -1.458729892999941 ], [ 38.053911209000034, -1.45969116699996 ], [ 38.054462433000026, -1.460538327999927 ], [ 38.055110931000058, -1.46127116699995 ], [ 38.055831909000062, -1.46203255699993 ], [ 38.056728363000047, -1.462936758999945 ], [ 38.057565689000057, -1.463698207999926 ], [ 38.058536530000026, -1.464450150999937 ], [ 38.059574127000076, -1.465287744999955 ], [ 38.060468674000049, -1.466277509999941 ], [ 38.06160163900006, -1.467353045999971 ], [ 38.062753677000046, -1.468095421999976 ], [ 38.063837051000064, -1.468561827999963 ], [ 38.064485550000029, -1.469151913999951 ], [ 38.064924240000039, -1.469903826999939 ], [ 38.06557846100003, -1.471464693999962 ], [ 38.066169739000031, -1.472787737999965 ], [ 38.066722870000035, -1.474005996999949 ], [ 38.067348480000078, -1.475148200999968 ], [ 38.06781101200005, -1.475966631999938 ], [ 38.068397522000055, -1.476880430999927 ], [ 38.069177628000034, -1.477470457999971 ], [ 38.070119858000055, -1.477660893999939 ], [ 38.071157455000048, -1.477803706999964 ], [ 38.071848551000073, -1.478231946999927 ], [ 38.072328568000046, -1.479021906999947 ], [ 38.072652817000062, -1.480040370999973 ], [ 38.073024750000059, -1.481239556999981 ], [ 38.073364258000026, -1.482229470999926 ], [ 38.073793411000054, -1.483333587999937 ], [ 38.074213028000031, -1.484104454999965 ], [ 38.074907303000032, -1.484870612999941 ], [ 38.075811386000055, -1.485465526999974 ], [ 38.076545715000066, -1.486017465999964 ], [ 38.077629089000027, -1.486845612999957 ], [ 38.078493754000078, -1.48772446299995 ], [ 38.078928630000064, -1.49034500099998 ], [ 38.079456329000038, -1.491357057999949 ], [ 38.080219269000054, -1.492356419999965 ], [ 38.080460866000067, -1.493168631999936 ], [ 38.081073761000027, -1.493879317999927 ], [ 38.082059224000034, -1.494678774999954 ], [ 38.082542419000049, -1.495427528999926 ], [ 38.082986832000074, -1.496477692999974 ], [ 38.083330154000066, -1.497343778999948 ], [ 38.083740234000061, -1.498333572999968 ], [ 38.08417892500006, -1.499399661999973 ], [ 38.084530830000062, -1.500251501999969 ], [ 38.085054398000068, -1.500969796999925 ], [ 38.085811615000068, -1.501610636999942 ], [ 38.086318970000036, -1.502285241999971 ], [ 38.086843491000025, -1.503084718999958 ], [ 38.087419510000075, -1.503909229999977 ], [ 38.088102341000024, -1.504408955999963 ], [ 38.088933945000065, -1.504883646999929 ], [ 38.089651108000055, -1.505337118999932 ], [ 38.090491295000049, -1.506045400999938 ], [ 38.091400146000069, -1.506724178999946 ], [ 38.092048645000034, -1.507207154999946 ], [ 38.092782974000045, -1.507740258999945 ], [ 38.093688965000069, -1.508452236999972 ], [ 38.094739914000058, -1.508989333999978 ], [ 38.09589767500006, -1.509563981999975 ], [ 38.096694946000071, -1.510005354999976 ], [ 38.097370148000039, -1.510496794999938 ], [ 38.098128319000068, -1.51130038499997 ], [ 38.098972321000076, -1.512575973999958 ], [ 38.099628448000033, -1.513536571999964 ], [ 38.100135803000057, -1.51421940299997 ], [ 38.100727081000059, -1.514935612999977 ], [ 38.101673126000037, -1.515589385999931 ], [ 38.102654457000028, -1.516388862999975 ], [ 38.102993011000081, -1.51721757699994 ], [ 38.103368759000034, -1.517950415999962 ], [ 38.103886922000072, -1.518816550999929 ], [ 38.104858398000033, -1.519720106999955 ], [ 38.106113116000074, -1.520250389999944 ], [ 38.107539177000035, -1.521098434999942 ], [ 38.108222961000024, -1.52188962699995 ], [ 38.108697891000077, -1.522497534999957 ], [ 38.10948181200007, -1.523013829999968 ], [ 38.110410055000045, -1.523702382999943 ], [ 38.110694885000044, -1.524554609999939 ], [ 38.111013412000034, -1.52561643699994 ], [ 38.11139488200007, -1.526578366999956 ], [ 38.111974716000077, -1.527423649999946 ], [ 38.112707138000076, -1.528622954999946 ], [ 38.113285065000071, -1.529584764999925 ], [ 38.113769531000059, -1.530309318999969 ], [ 38.114177704000042, -1.531017243999941 ], [ 38.114467621000074, -1.531741737999937 ], [ 38.114786148000064, -1.53244131799994 ], [ 38.115135193000071, -1.533282458999963 ], [ 38.11538124100008, -1.534356832999947 ], [ 38.11594677000005, -1.535664349999934 ], [ 38.116683960000046, -1.536597072999939 ], [ 38.117391586000053, -1.537205039999947 ], [ 38.118391037000038, -1.537996172999954 ], [ 38.118925095000066, -1.538903951999941 ], [ 38.119615555000053, -1.53950357399998 ], [ 38.120548248000034, -1.53999489499995 ], [ 38.121258418000025, -1.540644525999937 ], [ 38.121498108000026, -1.54182708299993 ], [ 38.121507645000065, -1.542626618999975 ], [ 38.121606827000051, -1.543534397999963 ], [ 38.121913910000046, -1.544292270999961 ], [ 38.122373581000033, -1.545058428999937 ], [ 38.122772217000033, -1.546032845999946 ], [ 38.123062134000065, -1.546965598999975 ], [ 38.123338699000044, -1.548069 ], [ 38.123633385000062, -1.549347400999977 ], [ 38.123962402000075, -1.550330161999966 ], [ 38.124079895000079, -1.551213669999925 ], [ 38.124410629000067, -1.552370696999958 ], [ 38.125047684000037, -1.553644299999974 ], [ 38.125688553000032, -1.554771303999928 ], [ 38.126106262000064, -1.555887102999975 ], [ 38.126489639000056, -1.556991636999953 ], [ 38.12693977400005, -1.557927071999927 ], [ 38.127311707000047, -1.55891883399994 ], [ 38.127651215000071, -1.559730410999975 ], [ 38.128225327000052, -1.560947566999971 ], [ 38.128982544000053, -1.561849235999944 ], [ 38.129791260000047, -1.562559306999958 ], [ 38.130489349000072, -1.563269376999926 ], [ 38.13105392500006, -1.563968061999958 ], [ 38.131752968000058, -1.564762621999932 ], [ 38.132881165000072, -1.565230369999938 ], [ 38.133918762000064, -1.565636157999961 ], [ 38.134750366000048, -1.566087007999954 ], [ 38.135906219000049, -1.566689967999935 ], [ 38.137142181000058, -1.56676304299998 ], [ 38.137939453000058, -1.566966115999946 ], [ 38.138671875000057, -1.567552089999936 ], [ 38.139169693000042, -1.568442522999931 ], [ 38.13949585000006, -1.569513201999939 ], [ 38.139801025000054, -1.570414900999936 ], [ 38.140182495000033, -1.571181296999953 ], [ 38.140678406000063, -1.572173118999956 ], [ 38.141595840000036, -1.572830537999948 ], [ 38.142799377000074, -1.57253372699995 ], [ 38.143836975000056, -1.572150587999943 ], [ 38.14455795300006, -1.571834921999937 ], [ 38.145233154000039, -1.571361541999977 ], [ 38.146133423000038, -1.570707916999936 ], [ 38.147026062000066, -1.569772421999971 ], [ 38.147918701000037, -1.568895816999941 ], [ 38.148754120000035, -1.570230960999936 ], [ 38.149681091000048, -1.572957753999958 ], [ 38.150074005000079, -1.573907196999926 ], [ 38.150495529000068, -1.574849485999948 ], [ 38.150716782000075, -1.575598954999975 ], [ 38.151151657000071, -1.576819657999977 ], [ 38.151409149000074, -1.577826201999926 ], [ 38.151731491000078, -1.578818380999962 ], [ 38.152023315000065, -1.579782127999977 ], [ 38.152107239000031, -1.58064341499994 ], [ 38.152186076000078, -1.581638097999928 ], [ 38.152580261000026, -1.582523226999967 ], [ 38.15301704400008, -1.583265602999973 ], [ 38.15343856800007, -1.583979486999965 ], [ 38.153793335000046, -1.584764718999963 ], [ 38.154253960000062, -1.586006789999942 ], [ 38.154721260000031, -1.58729165799997 ], [ 38.154925028000036, -1.58927138599995 ], [ 38.154959679000058, -1.590289800999926 ], [ 38.155256271000042, -1.591710328999966 ], [ 38.155389786000057, -1.592823922999969 ], [ 38.15515136700003, -1.593954038999925 ], [ 38.154411316000051, -1.595326184999976 ], [ 38.153968811000027, -1.597141503999978 ], [ 38.153705597000055, -1.598282038999969 ], [ 38.153285980000078, -1.599439978999953 ], [ 38.152776718000041, -1.600475191999976 ], [ 38.152706146000071, -1.601510405999932 ], [ 38.152793884000062, -1.602633416999936 ], [ 38.15319824200003, -1.603668570999957 ], [ 38.153240204000042, -1.604498624999962 ], [ 38.133136749000073, -1.605684637999957 ], [ 38.102882385000044, -1.607469677999973 ], [ 38.09254074100005, -1.608181446999936 ], [ 38.091678619000049, -1.608656346999965 ], [ 38.088691711000024, -1.609868168999981 ], [ 38.087841034000064, -1.610228478999943 ], [ 38.08672142000006, -1.610660731999928 ], [ 38.085737228000028, -1.611060201999976 ], [ 38.08491897600004, -1.611505686999976 ], [ 38.083085378000078, -1.612584312999957 ], [ 38.082255554000028, -1.612912678999976 ], [ 38.081146240000066, -1.612776445999941 ], [ 38.07993698100006, -1.612710952999976 ], [ 38.078968048000036, -1.613003531999937 ], [ 38.07799243900007, -1.613529741999969 ], [ 38.076991081000074, -1.613991498999951 ], [ 38.075748444000055, -1.614034115999971 ], [ 38.074426651000067, -1.613988279999944 ], [ 38.073346138000034, -1.614217519999954 ], [ 38.072156906000032, -1.614875793999943 ], [ 38.070974350000029, -1.615285187999973 ], [ 38.069548289000068, -1.615335424999955 ], [ 38.068695068000068, -1.615396499999974 ], [ 38.066873868000073, -1.615610499999946 ], [ 38.065778732000069, -1.615763306999952 ], [ 38.061596553000072, -1.615651984999943 ], [ 38.058351517000062, -1.61361491699995 ], [ 38.05743885000004, -1.612989306999964 ], [ 38.055276871000046, -1.611581027999932 ], [ 38.054420471000071, -1.610916077999946 ], [ 38.053514481000036, -1.610228418999952 ], [ 38.052480698000068, -1.609719713999937 ], [ 38.05166721300003, -1.609766602999969 ], [ 38.050493240000037, -1.609792798999933 ], [ 38.049622854000063, -1.609907388999943 ], [ 38.046243032000064, -1.611169377999943 ], [ 38.045215607000046, -1.611444592999931 ], [ 38.044251760000066, -1.611614862999943 ], [ 38.043384552000077, -1.61187905099996 ], [ 38.042392731000064, -1.612286495999967 ], [ 38.040822347000073, -1.612510044999965 ], [ 38.040018082000074, -1.61263889099996 ], [ 38.039197286000046, -1.612896501999955 ], [ 38.038213730000052, -1.61343476199994 ], [ 38.037412643000039, -1.613994776999959 ], [ 38.034116745000063, -1.61479389699997 ], [ 38.033027649000076, -1.614964246999932 ], [ 38.032123566000053, -1.615082144999974 ], [ 38.030715942000029, -1.615213155999925 ], [ 38.029726028000027, -1.615357219999964 ], [ 38.028425217000063, -1.61561924199998 ], [ 38.027381897000055, -1.615907430999926 ], [ 38.026253700000041, -1.616254597999955 ], [ 38.024881363000077, -1.616588651999962 ], [ 38.023792267000033, -1.616680383999949 ], [ 38.023021698000036, -1.616693496999972 ], [ 38.02188682600007, -1.616798281999934 ], [ 38.020404816000053, -1.617063611999924 ], [ 38.019165993000058, -1.617545038999936 ], [ 38.017784118000066, -1.618173807999938 ], [ 38.016666412000063, -1.618422746999954 ], [ 38.015369415000066, -1.618527531999973 ], [ 38.014369964000025, -1.618414004999977 ], [ 38.013369878000049, -1.618376850999937 ], [ 38.008152008000025, -1.619700073999979 ], [ 38.007354736000025, -1.619777639999938 ], [ 38.006446838000045, -1.619979142999966 ], [ 38.004528046000075, -1.620066642999973 ], [ 37.998863220000032, -1.620317339999929 ], [ 37.998092651000036, -1.62082445599998 ], [ 37.995772680000073, -1.62280527799993 ], [ 37.994979858000079, -1.623778223999977 ], [ 37.994418144000065, -1.624392359999945 ], [ 37.993513107000069, -1.625105857999927 ], [ 37.992238998000062, -1.625966071999926 ], [ 37.991443634000063, -1.62656784099994 ], [ 37.989788055000076, -1.627636908999932 ], [ 37.988983154000039, -1.628054618999954 ], [ 37.987921143000051, -1.628629445999934 ], [ 37.986694336000028, -1.629834770999935 ], [ 37.984954834000064, -1.631336450999925 ], [ 37.984149933000026, -1.632206677999932 ], [ 37.98316574100005, -1.633743047999928 ], [ 37.982395172000054, -1.634400416999938 ], [ 37.981170654000039, -1.63453382299997 ], [ 37.980123520000063, -1.634608387999947 ], [ 37.979198456000063, -1.634946584999966 ], [ 37.978737831000046, -1.635556920999932 ], [ 37.978467941000076, -1.636634736999952 ], [ 37.977592468000068, -1.637636720999978 ], [ 37.974581719000071, -1.640626102999931 ], [ 37.974448522000046, -1.641598224999939 ], [ 37.974209309000059, -1.642929300999924 ], [ 37.973775864000061, -1.643914073999952 ], [ 37.973176956000032, -1.64498430499998 ], [ 37.972372327000073, -1.646057792999954 ], [ 37.971416473000033, -1.64647817599996 ], [ 37.970414988000073, -1.646518945999958 ], [ 37.96972465500005, -1.64746206999996 ], [ 37.969381332000069, -1.648145615999965 ], [ 37.969039917000032, -1.648981987999946 ], [ 37.968294144000026, -1.650097190999929 ], [ 37.967763901000069, -1.650825678999979 ], [ 37.967250824000075, -1.651617109999961 ], [ 37.966800690000071, -1.652417540999977 ], [ 37.966396332000045, -1.653182029999925 ], [ 37.965847015000065, -1.654135345999975 ], [ 37.96530914300007, -1.655151605999947 ], [ 37.964071274000048, -1.656914412999924 ], [ 37.963211060000049, -1.657705902999965 ], [ 37.962412516000029, -1.65808355799993 ], [ 37.961182594000036, -1.658479228999965 ], [ 37.960245132000068, -1.660057693999931 ], [ 37.959437561000072, -1.661418365999964 ], [ 37.958824158000027, -1.662625342999945 ], [ 37.958566666000024, -1.663740545999929 ], [ 37.958538056000066, -1.66490073999995 ], [ 37.958599091000053, -1.665800094999952 ], [ 37.958544731000075, -1.666946708999944 ], [ 37.958347321000076, -1.668012499999975 ], [ 37.958117485000059, -1.66896137599997 ], [ 37.95779800400004, -1.669838249999941 ], [ 37.957345009000051, -1.670769065999934 ], [ 37.956771851000042, -1.671843766999928 ], [ 37.953602791000037, -1.677795886999945 ], [ 37.953144074000079, -1.679176985999959 ], [ 37.95254516600005, -1.680279850999966 ], [ 37.951415487000077, -1.682339001999935 ], [ 37.952308655000024, -1.682865678999974 ], [ 37.952999115000068, -1.68333125099997 ], [ 37.953918457000043, -1.683873116999962 ], [ 37.955123901000036, -1.684244155999977 ], [ 37.956358910000063, -1.684509634999927 ], [ 37.957653999000058, -1.684658705999937 ], [ 37.958673477000048, -1.684727906999967 ], [ 37.959579468000072, -1.685120671999925 ], [ 37.959844589000056, -1.686008154999968 ], [ 37.959793091000051, -1.686779200999979 ], [ 37.95964050300006, -1.687681257999941 ], [ 37.959612710000044, -1.688903280999966 ], [ 37.960584005000044, -1.689354299999934 ], [ 37.96147346500004, -1.689266979999957 ], [ 37.962563833000047, -1.689322749999974 ], [ 37.963481267000077, -1.690149564999956 ], [ 37.964445114000057, -1.690743624999925 ], [ 37.965185483000027, -1.691628664999939 ], [ 37.965366364000033, -1.69261312499998 ], [ 37.965456009000036, -1.693431466999925 ], [ 37.965788523000072, -1.694174646999954 ], [ 37.96662426000006, -1.694708108999976 ], [ 37.967709065000065, -1.695702850999965 ], [ 37.967642466000029, -1.697081922999928 ], [ 37.967365265000069, -1.698236047999956 ], [ 37.967212677000077, -1.699014424999973 ], [ 37.967198690000032, -1.700127392999946 ], [ 37.967824300000075, -1.70105119599998 ], [ 37.968847911000069, -1.701356738999948 ], [ 37.969666799000038, -1.700818498999979 ], [ 37.970414162000054, -1.700171023999928 ], [ 37.971183777000078, -1.699967383999933 ], [ 37.971921921000046, -1.700243770999975 ], [ 37.972755432000042, -1.700774788999979 ], [ 37.973564148000037, -1.701545804999967 ], [ 37.974471092000044, -1.702695190999975 ], [ 37.975211143000024, -1.703971832999969 ], [ 37.975595474000045, -1.70515748899993 ], [ 37.975909233000039, -1.706179499999962 ], [ 37.975807667000026, -1.707267030999958 ], [ 37.975221634000036, -1.70838725599998 ], [ 37.974632263000046, -1.70919108399994 ], [ 37.973990122000032, -1.71039370699998 ], [ 37.974123637000048, -1.711501836999958 ], [ 37.974978447000069, -1.712264388999927 ], [ 37.975743612000031, -1.713218529999949 ], [ 37.975971222000055, -1.714101115999938 ], [ 37.975778580000053, -1.715195893999976 ], [ 37.975526810000076, -1.716348826999933 ], [ 37.975504557000079, -1.717161138999927 ], [ 37.975980123000056, -1.717878897999981 ], [ 37.976896922000037, -1.718373536999934 ], [ 37.978037516000029, -1.718582033999951 ], [ 37.979244232000042, -1.71869726999995 ], [ 37.980490367000073, -1.718315322999956 ], [ 37.981410980000078, -1.717570930999955 ], [ 37.982419332000063, -1.716909050999959 ], [ 37.983293261000028, -1.716904810999949 ], [ 37.984249115000068, -1.717694580999932 ], [ 37.985197067000058, -1.718479573999957 ], [ 37.986273448000077, -1.719440409999947 ], [ 37.986696879000078, -1.720492759999956 ], [ 37.986450195000032, -1.721288124999944 ], [ 37.985986710000077, -1.72200089699993 ], [ 37.985700989000065, -1.72276906999997 ], [ 37.986584663000031, -1.723786740999969 ], [ 37.987067223000054, -1.724572330999933 ], [ 37.986412048000034, -1.725473184999942 ], [ 37.98554897300005, -1.72596538099998 ], [ 37.984798431000058, -1.726339995999979 ], [ 37.983874512000057, -1.727936696999961 ], [ 37.983545939000066, -1.728993892999938 ], [ 37.983395895000058, -1.72987163099998 ], [ 37.983007050000026, -1.730962776999945 ], [ 37.983334859000024, -1.731935043999954 ], [ 37.984864235000032, -1.732166647999975 ], [ 37.986268044000042, -1.731788396999946 ], [ 37.987245560000076, -1.731399178999936 ], [ 37.988149007000061, -1.731147050999937 ], [ 37.988969803000032, -1.730948209999951 ], [ 37.98982111600003, -1.730768799999964 ], [ 37.990928650000058, -1.730268050999939 ], [ 37.992072105000034, -1.729096918999971 ], [ 37.993232727000077, -1.728773235999938 ], [ 37.994419098000037, -1.72876596499998 ], [ 37.995497386000068, -1.728756268999973 ], [ 37.996579170000075, -1.729020550999962 ], [ 37.997226715000068, -1.730218350999962 ], [ 37.997777557000063, -1.73180268599998 ], [ 37.999327342000072, -1.731943567999963 ], [ 38.000215912000044, -1.731237983999961 ], [ 38.001251221000075, -1.730714141999954 ], [ 38.002520243000049, -1.730393468999978 ], [ 38.003454208000051, -1.730104147999953 ], [ 38.004255295000064, -1.729874133999942 ], [ 38.005468369000027, -1.729680100999929 ], [ 38.006340027000078, -1.729253708999977 ], [ 38.007083257000033, -1.729064285999925 ], [ 38.007515589000036, -1.729907830999935 ], [ 38.007114410000042, -1.730693280999958 ], [ 38.006305059000056, -1.731443802999934 ], [ 38.006032308000044, -1.732779929999936 ], [ 38.007147789000044, -1.733126192999976 ], [ 38.008164406000049, -1.733622863999926 ], [ 38.008584340000027, -1.734597086999941 ], [ 38.008654277000062, -1.735419670999931 ], [ 38.008842468000068, -1.73629802499994 ], [ 38.009136200000057, -1.737037002999955 ], [ 38.010431925000034, -1.739897489999976 ], [ 38.010362625000027, -1.741003542999977 ], [ 38.010293961000059, -1.742174684999952 ], [ 38.010158539000031, -1.74308323899993 ], [ 38.00989437100003, -1.744105696999952 ], [ 38.008548737000069, -1.74735420899998 ], [ 38.008172989000059, -1.748051344999965 ], [ 38.007699013000035, -1.74891927799996 ], [ 38.007078807000028, -1.749450245999981 ], [ 38.006469727000024, -1.749970753999946 ], [ 38.005733490000068, -1.75057142999998 ], [ 38.004826546000061, -1.750970452999979 ], [ 38.003633499000046, -1.75109946699996 ], [ 38.002666473000033, -1.751298814999927 ], [ 38.001770973000077, -1.751583128999926 ], [ 38.000776291000079, -1.751596172999939 ], [ 37.99941158300004, -1.750961164999978 ], [ 37.998003006000033, -1.750586449999957 ], [ 37.996644974000048, -1.750668197999971 ], [ 37.995829037000078, -1.751625098999966 ], [ 37.996309280000048, -1.752684324999962 ], [ 37.996704101000034, -1.753345488999969 ], [ 37.997569402000067, -1.753779013999974 ], [ 37.998840332000043, -1.753879208999933 ], [ 37.998976708000043, -1.754844833999925 ], [ 37.997758865000037, -1.755798458999948 ], [ 37.99688644400004, -1.756522607999955 ], [ 37.997090022000066, -1.757777601999976 ], [ 37.998172760000045, -1.757924635999927 ], [ 37.999053955000079, -1.758138219999978 ], [ 38.000023842000076, -1.758507400999974 ], [ 38.000992838000059, -1.759378563999974 ], [ 38.00088596300003, -1.760706603999949 ], [ 38.000662804000058, -1.761860101999957 ], [ 38.00124969500007, -1.762681602999976 ], [ 38.002496719000078, -1.762918829999933 ], [ 38.003676097000039, -1.763174811999932 ], [ 38.00446510300003, -1.763863175999973 ], [ 38.005219777000036, -1.764917572999934 ], [ 38.005795479000028, -1.765686630999937 ], [ 38.005941391000079, -1.766510068999935 ], [ 38.00563812300004, -1.767222433999962 ], [ 38.004817009000078, -1.767947852999953 ], [ 38.003748894000069, -1.768483757999945 ], [ 38.00277710000006, -1.769411801999979 ], [ 38.001974106000034, -1.770267962999981 ], [ 38.001213074000077, -1.771101206999958 ], [ 38.000709534000066, -1.772267788999955 ], [ 38.001096090000033, -1.773065089999932 ], [ 38.001907348000032, -1.773587902999964 ], [ 38.00261783600007, -1.774048655999934 ], [ 38.002632777000031, -1.775086700999964 ], [ 38.001968384000065, -1.77624130199996 ], [ 38.00175312600004, -1.777174932999969 ], [ 38.002452087000052, -1.777998041999979 ], [ 38.003570133000039, -1.77839075199995 ], [ 38.003953934000037, -1.779371797999943 ], [ 38.004039764000026, -1.780188738999925 ], [ 38.004126231000043, -1.781206051999959 ], [ 38.004487514000061, -1.782366632999924 ], [ 38.005010605000052, -1.783185213999957 ], [ 38.005265554000061, -1.784127413999954 ], [ 38.005674680000027, -1.785433371999943 ], [ 38.006869180000081, -1.785691533999966 ], [ 38.007461548000038, -1.78654118399993 ], [ 38.007527351000078, -1.787818818999938 ], [ 38.007358551000038, -1.789046445999929 ], [ 38.006956736000063, -1.789978761999976 ], [ 38.006300926000051, -1.790488570999969 ], [ 38.005165100000056, -1.790748342999962 ], [ 38.00508753500003, -1.791538595999953 ], [ 38.005746841000075, -1.79227930299993 ], [ 38.006512960000066, -1.793041745999972 ], [ 38.007118225000056, -1.793527543999971 ], [ 38.008071899000072, -1.794040560999974 ], [ 38.00905227700008, -1.794139702999928 ], [ 38.010075569000037, -1.79392945799998 ], [ 38.011013031000061, -1.79398286299994 ], [ 38.012006760000077, -1.794416367999929 ], [ 38.012656742000047, -1.795170810999934 ], [ 38.011575063000066, -1.795885403999932 ], [ 38.011439006000046, -1.796854098999972 ], [ 38.011968994000028, -1.797758578999947 ], [ 38.012331962000076, -1.798719942999981 ], [ 38.01261329700003, -1.799448668999958 ], [ 38.01298014300005, -1.800526747999925 ], [ 38.013468170000067, -1.801805376999937 ], [ 38.014049530000079, -1.802731791999975 ], [ 38.01460484100005, -1.803565501999969 ], [ 38.014420668000071, -1.804523815999971 ], [ 38.015464783000027, -1.805050928999947 ], [ 38.016212463000045, -1.805821030999937 ], [ 38.016668701000071, -1.806740378999962 ], [ 38.017324829000074, -1.807737755999938 ], [ 38.01729638200004, -1.808625408999944 ], [ 38.016354697000054, -1.809323310999957 ], [ 38.01579380000004, -1.810462474999952 ], [ 38.016404470000055, -1.811491240999942 ], [ 38.017520905000026, -1.811226546999933 ], [ 38.018515905000072, -1.811161398999957 ], [ 38.01861000100007, -1.812320510999939 ], [ 38.018772125000055, -1.813241987999959 ], [ 38.018841553000073, -1.814187144999948 ], [ 38.018508593000035, -1.815276453999957 ], [ 38.018283844000052, -1.816299239999978 ], [ 38.018007278000027, -1.817140429999938 ], [ 38.017500305000056, -1.817996596999933 ], [ 38.016876221000075, -1.818521141999952 ], [ 38.016525269000056, -1.819368254999972 ], [ 38.017280579000044, -1.819898902999967 ], [ 38.018150330000026, -1.819741224999973 ], [ 38.018945694000024, -1.819598137999947 ], [ 38.019712448000064, -1.819724440999948 ], [ 38.020532608000053, -1.820407270999965 ], [ 38.021056811000051, -1.821569417999967 ], [ 38.020117283000047, -1.822837799999945 ], [ 38.019355011000073, -1.823875641999962 ], [ 38.019356251000033, -1.825030713999979 ], [ 38.021138509000025, -1.827066202999958 ], [ 38.021217346000071, -1.828271428999926 ], [ 38.020996094000054, -1.829061587999945 ], [ 38.021343708000074, -1.830028652999943 ], [ 38.022504807000075, -1.830553560999931 ], [ 38.022714233000045, -1.831549834999976 ], [ 38.022224108000046, -1.832552964999934 ], [ 38.022474289000058, -1.833826362999957 ], [ 38.023525238000047, -1.834163307999972 ], [ 38.024345398000037, -1.83435579099995 ], [ 38.02552795400004, -1.834554373999936 ], [ 38.026544571000045, -1.834373831999926 ], [ 38.027413686000045, -1.834107160999963 ], [ 38.028776078000078, -1.834074493999935 ], [ 38.028546651000056, -1.83551895599993 ], [ 38.027963638000074, -1.836359202999972 ], [ 38.027351379000038, -1.836930721999977 ], [ 38.02691459600004, -1.837697773999935 ], [ 38.027528763000078, -1.838266312999963 ], [ 38.028387070000065, -1.838061749999952 ], [ 38.02913284300007, -1.837708830999929 ], [ 38.030026436000071, -1.837499260999948 ], [ 38.031115214000067, -1.837145268999961 ], [ 38.031581879000044, -1.83643740399998 ], [ 38.031608582000047, -1.835604130999968 ], [ 38.031711578000056, -1.834764837999955 ], [ 38.031869253000025, -1.833529591999934 ], [ 38.03243255600006, -1.832276582999953 ], [ 38.033374786000024, -1.832177956999942 ], [ 38.034000397000057, -1.833145548999937 ], [ 38.034315109000033, -1.83437085099996 ], [ 38.034445445000074, -1.835358460999942 ], [ 38.03461227400004, -1.83623771699996 ], [ 38.03499221800007, -1.83729171799996 ], [ 38.035587311000029, -1.838061809999942 ], [ 38.038120651000042, -1.840690850999977 ], [ 38.038787842000033, -1.841731667999966 ], [ 38.039489201000038, -1.842438118999951 ], [ 38.040328979000037, -1.842182874999935 ], [ 38.041053772000055, -1.841763734999972 ], [ 38.041793823000035, -1.842089622999936 ], [ 38.041818619000026, -1.843343972999946 ], [ 38.041431427000077, -1.84424241399995 ], [ 38.040816307000057, -1.845130800999925 ], [ 38.04079532600008, -1.846386670999948 ], [ 38.041435242000034, -1.84747111799993 ], [ 38.04215927100006, -1.848195433999933 ], [ 38.042545319000055, -1.84897112799996 ], [ 38.042676290000031, -1.84993529299993 ], [ 38.042786916000068, -1.850837707999972 ], [ 38.043180466000024, -1.851696172999937 ], [ 38.044125557000029, -1.85170543199996 ], [ 38.045073191000029, -1.851145505999966 ], [ 38.046513557000026, -1.850973099999976 ], [ 38.047735214000056, -1.850629448999939 ], [ 38.048613231000047, -1.850268482999979 ], [ 38.049329546000024, -1.850592440999947 ], [ 38.048456574000056, -1.851259354999968 ], [ 38.048046112000065, -1.852198361999967 ], [ 38.048165639000047, -1.853137770999979 ], [ 38.048280716000079, -1.854010104999929 ], [ 38.048347473000035, -1.855086097999958 ], [ 38.048083305000034, -1.856300889999943 ], [ 38.047523499000079, -1.856911777999926 ], [ 38.046991621000075, -1.857690248999972 ], [ 38.049260139000069, -1.860448598999938 ], [ 38.050174713000047, -1.860584020999966 ], [ 38.051232656000025, -1.86051452199996 ], [ 38.052098274000059, -1.860040738999942 ], [ 38.051349163000054, -1.859046354999975 ], [ 38.051032066000062, -1.858116119999977 ], [ 38.051612854000041, -1.857324808999977 ], [ 38.052618980000034, -1.857307433999949 ], [ 38.053085327000076, -1.858091890999958 ], [ 38.053432465000071, -1.859035968999933 ], [ 38.05380630500008, -1.859922169999948 ], [ 38.054553223000028, -1.860689496999953 ], [ 38.055689017000077, -1.860398262999979 ], [ 38.057085037000036, -1.859698881999975 ], [ 38.058313942000041, -1.859683602999951 ], [ 38.058414459000062, -1.86059784899993 ], [ 38.056966400000078, -1.862558245999935 ], [ 38.057672373000059, -1.863730430999965 ], [ 38.058854784000061, -1.864027073999978 ], [ 38.059642792000034, -1.863146805999975 ], [ 38.060373306000031, -1.862909435999939 ], [ 38.061365763000026, -1.862853904999952 ], [ 38.062412262000066, -1.863052904999961 ], [ 38.062715149000041, -1.864088177999975 ], [ 38.062528610000072, -1.864967673999956 ], [ 38.062032700000032, -1.865814566999973 ], [ 38.061413765000054, -1.866609394999955 ], [ 38.061206818000073, -1.86737304899998 ], [ 38.061075211000059, -1.868296145999977 ], [ 38.060919444000035, -1.869238018999965 ], [ 38.060971832000064, -1.87008323699996 ], [ 38.061622620000037, -1.870902401999956 ], [ 38.063175201000035, -1.871380447999968 ], [ 38.064002355000071, -1.872188190999964 ], [ 38.064284733000079, -1.873261757999956 ], [ 38.064673424000034, -1.874368398999934 ], [ 38.065284729000041, -1.87515168699997 ], [ 38.065845489000026, -1.874614178999934 ], [ 38.066586494000035, -1.873857303999955 ], [ 38.067828496000061, -1.873488306999946 ], [ 38.068805695000037, -1.873388587999955 ], [ 38.069655418000025, -1.874090477999971 ], [ 38.069916861000024, -1.875311527999941 ], [ 38.069789886000081, -1.876160829999947 ], [ 38.07001113900003, -1.877099409999971 ], [ 38.071142288000033, -1.877623384999936 ], [ 38.072103119000076, -1.876972936999948 ], [ 38.07321739200006, -1.876596599999971 ], [ 38.074592272000075, -1.875916659999973 ], [ 38.076058070000045, -1.875495810999951 ], [ 38.077150345000064, -1.875805183999944 ], [ 38.077514648000033, -1.876750611999967 ], [ 38.077867508000054, -1.877695351999932 ], [ 38.07864872600004, -1.878948370999979 ], [ 38.078337288000057, -1.880422332999956 ], [ 38.078064728000072, -1.881585597999958 ], [ 38.078048706000061, -1.882460253999966 ], [ 38.077062879000039, -1.882928592999974 ], [ 38.076313019000054, -1.883256673999938 ], [ 38.075678508000067, -1.884250322999947 ], [ 38.074893951000035, -1.885260462999952 ], [ 38.074302673000034, -1.885965942999974 ], [ 38.073720296000033, -1.886542439999971 ], [ 38.072911072000068, -1.887034964999941 ], [ 38.071974945000079, -1.887218880999967 ], [ 38.071064758000034, -1.887283706999938 ], [ 38.070152283000027, -1.887634825999953 ], [ 38.069020952000074, -1.887714845999938 ], [ 38.068087260000027, -1.887514272999965 ], [ 38.067195892000029, -1.887225170999955 ], [ 38.06580352800006, -1.886804535999943 ], [ 38.064378262000048, -1.886662154999954 ], [ 38.06317075100003, -1.887125908999963 ], [ 38.062346141000035, -1.887235680999936 ], [ 38.061377716000038, -1.887066363999963 ], [ 38.06003888500004, -1.886930139999947 ], [ 38.058250904000033, -1.88762229699995 ], [ 38.057006836000028, -1.888044499999978 ], [ 38.055958430000032, -1.887909670999932 ], [ 38.05494090500008, -1.888226934999977 ], [ 38.053590775000032, -1.889615743999968 ], [ 38.053044828000054, -1.890506883999933 ], [ 38.052440008000076, -1.889856914999939 ], [ 38.05171585100004, -1.889456220999932 ], [ 38.051054955000041, -1.88857934899994 ], [ 38.050145830000076, -1.88883451099997 ], [ 38.049513681000064, -1.889709352999944 ], [ 38.048667908000027, -1.890013674999977 ], [ 38.048049291000041, -1.890644212999973 ], [ 38.047432709000077, -1.89146795299996 ], [ 38.046875, -1.892024784999933 ], [ 38.046461105000049, -1.892693956999949 ], [ 38.046023233000028, -1.893499697999971 ], [ 38.045332909000024, -1.894447187999958 ], [ 38.044687271000043, -1.895332365999934 ], [ 38.043888855000034, -1.895301389999929 ], [ 38.042675631000066, -1.895118274999959 ], [ 38.041369756000051, -1.894672591999949 ], [ 38.040685018000033, -1.893944958999953 ], [ 38.039894649000075, -1.893949491999933 ], [ 38.038791339000056, -1.893663003999961 ], [ 38.037427266000066, -1.893183677999957 ], [ 38.036377430000073, -1.892501448999951 ], [ 38.035651398000027, -1.891823625999962 ], [ 38.034949303000076, -1.891314073999979 ], [ 38.033862686000077, -1.89099953799996 ], [ 38.032828013000028, -1.890498319999949 ], [ 38.032088280000039, -1.890221893999978 ], [ 38.031302134000043, -1.890286186999958 ], [ 38.030485426000041, -1.89061464599996 ], [ 38.02943547600006, -1.890700975999948 ], [ 38.028631592000067, -1.891022204999956 ], [ 38.027742386000057, -1.891083676999926 ], [ 38.026810646000058, -1.891463681999937 ], [ 38.02593078600006, -1.891535806999968 ], [ 38.025146484000061, -1.89165828199998 ], [ 38.023896281000077, -1.891599018999955 ], [ 38.022119795000037, -1.89135132499996 ], [ 38.020603657000038, -1.890575736999949 ], [ 38.019532680000054, -1.890121034999936 ], [ 38.018036524000024, -1.889751796999974 ], [ 38.016577244000075, -1.888908981999975 ], [ 38.015398298000036, -1.888177087999964 ], [ 38.014596939000057, -1.888150691999954 ], [ 38.013686044000053, -1.888041904999966 ], [ 38.012601375000031, -1.888246103999961 ], [ 38.011394374000076, -1.888394398999935 ], [ 38.009753545000081, -1.888758261999953 ], [ 38.008754730000078, -1.888705272999971 ], [ 38.007668813000066, -1.888681391999967 ], [ 38.006387075000077, -1.889084219999972 ], [ 38.005531311000027, -1.889449119999938 ], [ 38.00493812600007, -1.890084772999955 ], [ 38.003560066000034, -1.892536788999962 ], [ 38.002327728000068, -1.892795339999964 ], [ 38.000327110000057, -1.893901049999954 ], [ 37.998247147000029, -1.894774058999928 ], [ 37.996768951000035, -1.895452200999955 ], [ 37.995254517000035, -1.895828067999958 ], [ 37.994102478000059, -1.89600300799998 ], [ 37.993234634000032, -1.896055459999957 ], [ 37.992238998000062, -1.896116613999936 ], [ 37.991241455000079, -1.896142839999925 ], [ 37.99039459200003, -1.896146535999947 ], [ 37.989618301000064, -1.896118282999964 ], [ 37.988712311000029, -1.89606165899994 ], [ 37.987524033000057, -1.895990967999978 ], [ 37.986604691000025, -1.895891904999928 ], [ 37.98568534900005, -1.895778715999938 ], [ 37.984653473000037, -1.895632266999939 ], [ 37.98358726500004, -1.895464837999953 ], [ 37.982715607000046, -1.895397841999966 ], [ 37.98170852700008, -1.895297228999937 ], [ 37.980770111000027, -1.895196556999963 ], [ 37.979797363000046, -1.894961833999957 ], [ 37.978824615000065, -1.894727110999952 ], [ 37.977817535000042, -1.894559442999935 ], [ 37.976844788000051, -1.894358217999979 ], [ 37.975940704000038, -1.894123494999974 ], [ 37.975070953000056, -1.893855213999927 ], [ 37.974298477000048, -1.893620490999979 ], [ 37.973392487000069, -1.893419265999967 ], [ 37.972454071000072, -1.893117486999927 ], [ 37.971513748000064, -1.892782091999948 ], [ 37.970424652000077, -1.89248028399993 ], [ 37.969099045000064, -1.892077922999931 ], [ 37.968093872000054, -1.891742526999963 ], [ 37.967155457000047, -1.891407191999974 ], [ 37.965812683000024, -1.890920936999976 ], [ 37.964672089000032, -1.890434741999968 ], [ 37.963903427000048, -1.889965176999965 ], [ 37.962880134000045, -1.889311283999973 ], [ 37.961957932000075, -1.888623773999939 ], [ 37.961185455000077, -1.887651293999966 ], [ 37.960683823000068, -1.886678814999925 ], [ 37.960136413000043, -1.885695139999939 ], [ 37.959597905000066, -1.88452140499993 ], [ 37.958904266000047, -1.883303005999949 ], [ 37.958469391000051, -1.882419883999944 ], [ 37.957899729000076, -1.881469765999952 ], [ 37.957262039000057, -1.880676090999941 ], [ 37.956591606000075, -1.879653244999929 ], [ 37.955886841000051, -1.87865285099997 ], [ 37.955333710000048, -1.877456773999938 ], [ 37.95512771600005, -1.876327752999941 ], [ 37.95512771600005, -1.875277002999951 ], [ 37.95521545400004, -1.874271034999936 ], [ 37.955516815000067, -1.873365580999973 ], [ 37.956054688000052, -1.872627794999971 ], [ 37.956558228000063, -1.87200164799998 ], [ 37.948204041000054, -1.872140168999977 ], [ 37.945542018000026, -1.872287292999943 ], [ 37.944460551000077, -1.872491200999946 ], [ 37.943567658000063, -1.872748136999974 ], [ 37.94220209100007, -1.872808873999929 ], [ 37.940799168000069, -1.87255253099994 ], [ 37.939699809000047, -1.872726678999925 ], [ 37.938823700000057, -1.872972428999958 ], [ 37.937932151000041, -1.873368586999959 ], [ 37.936952591000079, -1.873824089999971 ], [ 37.936104366000052, -1.874148998999942 ], [ 37.935052599000073, -1.874297413999955 ], [ 37.93427712600004, -1.875189065999962 ], [ 37.932994025000028, -1.875552943999935 ], [ 37.931828181000071, -1.875757614999941 ], [ 37.93098907500007, -1.875683140999968 ], [ 37.930194378000067, -1.875293671999941 ], [ 37.929061508000075, -1.87492829599995 ], [ 37.92833752100006, -1.874266809999938 ], [ 37.927247047000037, -1.874865263999936 ], [ 37.926438141000062, -1.875519060999977 ], [ 37.925602913000034, -1.876166060999935 ], [ 37.924971263000032, -1.877093870999943 ], [ 37.924180031000049, -1.877492874999973 ], [ 37.923276520000059, -1.877727078999953 ], [ 37.922449748000076, -1.877781072999937 ], [ 37.92150306700006, -1.877568155999938 ], [ 37.920690536000052, -1.87720468599997 ], [ 37.919966561000024, -1.876798901999962 ], [ 37.918896866000068, -1.876928376999956 ], [ 37.917725699000073, -1.876508099999967 ], [ 37.916903686000069, -1.876133894999953 ], [ 37.915909237000051, -1.876112447999958 ], [ 37.915047328000071, -1.875602860999948 ], [ 37.913982391000047, -1.876209871999947 ], [ 37.913089752000076, -1.87603099599994 ], [ 37.912324905000048, -1.876333991999957 ], [ 37.91155548100005, -1.876175427999954 ], [ 37.910771847000035, -1.876546471999973 ], [ 37.909678396000061, -1.877241714999968 ], [ 37.908639526000059, -1.87737190699994 ], [ 37.907883453000068, -1.877562975999979 ], [ 37.906913757000041, -1.877820888999963 ], [ 37.905670802000031, -1.877609709999945 ], [ 37.904634264000038, -1.877050650999934 ], [ 37.904208047000054, -1.877911635999965 ], [ 37.903194427000074, -1.878341912999929 ], [ 37.902258929000027, -1.877989200999934 ], [ 37.901973724000072, -1.87696769799993 ], [ 37.901782990000072, -1.875967859999946 ], [ 37.901773834000039, -1.874897884999939 ], [ 37.901703971000074, -1.873885682999969 ], [ 37.901393890000065, -1.873082977999957 ], [ 37.900964737000038, -1.872317760999977 ], [ 37.900438309000037, -1.871660410999937 ], [ 37.899870872000065, -1.870910226999968 ], [ 37.899493408000069, -1.870240902999967 ], [ 37.899211884000067, -1.86936968599997 ], [ 37.899061584000037, -1.86847028699998 ], [ 37.899060931000065, -1.867576547999931 ], [ 37.899411774000043, -1.866772150999964 ], [ 37.899984360000076, -1.866026401999932 ], [ 37.900725555000065, -1.865059542999973 ], [ 37.901335144000029, -1.864181231999964 ], [ 37.90148544300007, -1.863321879999944 ], [ 37.901035786000079, -1.862376629999972 ], [ 37.900369644000079, -1.861699223999949 ], [ 37.89963302600006, -1.861142611999981 ], [ 37.89865493800005, -1.860697149999964 ], [ 37.897246769000049, -1.860145432999957 ], [ 37.896114349000072, -1.859799050999925 ], [ 37.89515590700006, -1.859476416999939 ], [ 37.894465446000027, -1.859109222999962 ], [ 37.893480301000068, -1.858650505999947 ], [ 37.892409188000045, -1.858413763999977 ], [ 37.890920162000043, -1.858549892999974 ], [ 37.889950562000024, -1.859133696999947 ], [ 37.888922010000044, -1.859515870999928 ], [ 37.88769102100008, -1.859040110999956 ], [ 37.887205442000038, -1.857998604999977 ], [ 37.886772156000063, -1.855112254999938 ], [ 37.886470250000059, -1.853891457999964 ], [ 37.885828654000079, -1.853128333999962 ], [ 37.885378520000074, -1.852496067999937 ], [ 37.884945552000033, -1.851595182999972 ], [ 37.884816170000079, -1.850665121999953 ], [ 37.884883118000062, -1.849843453999938 ], [ 37.885224660000063, -1.848925570999938 ], [ 37.885796441000025, -1.84762036799998 ], [ 37.886426353000047, -1.846173646999944 ], [ 37.886730194000052, -1.844728350999958 ], [ 37.887308757000028, -1.843677480999929 ], [ 37.888345718000039, -1.843178361999946 ], [ 37.889153798000052, -1.843102097999974 ], [ 37.889999390000071, -1.843036269999971 ], [ 37.891131719000043, -1.842739492999954 ], [ 37.892057419000025, -1.842183500999965 ], [ 37.892900213000075, -1.841469637999978 ], [ 37.893286024000076, -1.840463212999964 ], [ 37.893082513000024, -1.839387164999948 ], [ 37.892581940000071, -1.838373263999927 ], [ 37.892018636000046, -1.83764266999998 ], [ 37.891409874000033, -1.836938380999925 ], [ 37.890534210000055, -1.836113762999958 ], [ 37.88949585000006, -1.835029363999979 ], [ 37.888170242000058, -1.833725451999953 ], [ 37.887201309000034, -1.833115716999941 ], [ 37.885581970000032, -1.832710116999976 ], [ 37.884314219000032, -1.832657455999936 ], [ 37.883040110000024, -1.832769790999976 ], [ 37.882088661000068, -1.832513828999936 ], [ 37.88088242200007, -1.831584015999965 ], [ 37.879077911000024, -1.829753159999939 ], [ 37.878360748000034, -1.828927993999969 ], [ 37.877269745000035, -1.827607194999928 ], [ 37.876688004000073, -1.826696097999957 ], [ 37.876203537000038, -1.826001703999964 ], [ 37.875469685000041, -1.825206040999944 ], [ 37.874397914000042, -1.824095952999926 ], [ 37.873682658000064, -1.82326102299993 ], [ 37.872978210000042, -1.822515296999939 ], [ 37.872223663000057, -1.821980452999981 ], [ 37.871511841000029, -1.821350216999974 ], [ 37.870862961000057, -1.820896863999963 ], [ 37.870169322000038, -1.820195038999941 ], [ 37.869795990000057, -1.819420480999952 ], [ 37.869510651000041, -1.818514783999944 ], [ 37.869188690000044, -1.817793535999954 ], [ 37.868610382000043, -1.816963274999978 ], [ 37.868110657000045, -1.816354472999933 ], [ 37.867491913000038, -1.815698742999928 ], [ 37.86659908300004, -1.815178989999936 ], [ 37.865783691000047, -1.814636428999961 ], [ 37.864922206000074, -1.814003924999952 ], [ 37.862628937000068, -1.812059372999954 ], [ 37.862083626000071, -1.811232876999952 ], [ 37.86130015100008, -1.810568272999944 ], [ 37.860633850000056, -1.809983562999946 ], [ 37.860182444000031, -1.809281964999968 ], [ 37.85960960400007, -1.808679103999964 ], [ 37.858881378000035, -1.808161878999954 ], [ 37.858263652000062, -1.807493288999979 ], [ 37.857814789000031, -1.806862155999966 ], [ 37.857070287000056, -1.805971025999952 ], [ 37.856283569000027, -1.805059885999981 ], [ 37.855870383000024, -1.804312943999946 ], [ 37.855097453000042, -1.803412778999927 ], [ 37.854129791000048, -1.802513618999967 ], [ 37.85343170200008, -1.801873882999928 ], [ 37.85275497400005, -1.801087355999925 ], [ 37.851945241000067, -1.800251086999936 ], [ 37.85111465500006, -1.799516343999926 ], [ 37.850125313000035, -1.798836186999949 ], [ 37.848806381000031, -1.797805020999931 ], [ 37.848175049000076, -1.797049432999927 ], [ 37.847447872000032, -1.796294226999976 ], [ 37.84691715200006, -1.795535504999975 ], [ 37.846428871000057, -1.79447429399994 ], [ 37.846026897000058, -1.793207391999943 ], [ 37.845631191000052, -1.792283347999955 ], [ 37.845184326000037, -1.791501362999952 ], [ 37.844802856000058, -1.790746426999931 ], [ 37.844322205000026, -1.789978793999978 ], [ 37.843930138000076, -1.788971450999952 ], [ 37.843551954000077, -1.787750365999955 ], [ 37.843227545000047, -1.786272654999948 ], [ 37.842668788000026, -1.784957098999939 ], [ 37.842316437000079, -1.783993386999953 ], [ 37.841785431000062, -1.783301090999942 ], [ 37.841358185000047, -1.782567083999936 ], [ 37.840902601000039, -1.781768696999961 ], [ 37.840206146000071, -1.781047562999959 ], [ 37.839641571000072, -1.78032178899997 ], [ 37.83931859300003, -1.779392977999976 ], [ 37.83906148300008, -1.778394662999972 ], [ 37.840104739000026, -1.777190843999961 ], [ 37.840632545000062, -1.775795154999969 ], [ 37.840446472000053, -1.774913131999938 ], [ 37.839905866000038, -1.773709855999925 ], [ 37.83931986500005, -1.772604901999955 ], [ 37.83918507900006, -1.771541886999955 ], [ 37.839469910000048, -1.770676469999955 ], [ 37.83974870000003, -1.76978472899998 ], [ 37.841101329000026, -1.767945911999959 ], [ 37.841080802000079, -1.76691008499995 ], [ 37.842694283000071, -1.76687315099997 ], [ 37.843833923000034, -1.767073332999928 ], [ 37.844623565000063, -1.766777723999951 ], [ 37.845376332000058, -1.766452252999954 ], [ 37.846365792000029, -1.766591974999926 ], [ 37.847385951000035, -1.767176048999943 ], [ 37.848327637000068, -1.767866968999954 ], [ 37.849025726000036, -1.76839911899998 ], [ 37.850269953000065, -1.769240895999928 ], [ 37.851370494000037, -1.768536865999977 ], [ 37.852175140000043, -1.767563700999972 ], [ 37.852626801000042, -1.766904274999945 ], [ 37.852972666000028, -1.766173083999945 ], [ 37.852437973000065, -1.765343501999951 ], [ 37.852133857000069, -1.764519174999975 ], [ 37.853027344000054, -1.764266371999952 ], [ 37.854076930000076, -1.76414361999997 ], [ 37.854554918000076, -1.763423376999924 ], [ 37.854091168000025, -1.762298616999942 ], [ 37.853517805000024, -1.761256728999967 ], [ 37.853743935000068, -1.760160675999941 ], [ 37.853994370000066, -1.758823707999966 ], [ 37.853977585000052, -1.75755318399996 ], [ 37.854470571000036, -1.756326264999927 ], [ 37.855199178000078, -1.755723 ], [ 37.855737959000066, -1.755132436999929 ], [ 37.855948925000064, -1.753974067999934 ], [ 37.85544681500005, -1.752953797999965 ], [ 37.85501752600004, -1.752309628999967 ], [ 37.854499817000033, -1.751602013999957 ], [ 37.854090119000034, -1.750936960999979 ], [ 37.85393219000008, -1.749975573999961 ], [ 37.853856405000045, -1.748796720999962 ], [ 37.854092280000032, -1.747911492999947 ], [ 37.854412079000042, -1.747214435999979 ], [ 37.854506599000047, -1.74617307699998 ], [ 37.854194005000068, -1.745130796999945 ], [ 37.853767395000034, -1.744251444999975 ], [ 37.853310585000031, -1.743136628999935 ], [ 37.853295899000045, -1.741727733999937 ], [ 37.85330661100005, -1.740557843999966 ], [ 37.853097280000043, -1.739367822999952 ], [ 37.852663422000035, -1.738404655999943 ], [ 37.852106912000067, -1.737429669999926 ], [ 37.851497650000056, -1.736550330999933 ], [ 37.850894928000059, -1.735495226999944 ], [ 37.850733598000033, -1.734372342999961 ], [ 37.850785828000028, -1.733139180999956 ], [ 37.850886345000049, -1.732328175999953 ], [ 37.850877126000057, -1.731452464999961 ], [ 37.850603739000064, -1.730228079999961 ], [ 37.850013097000044, -1.729260920999934 ], [ 37.84955596900005, -1.728376933999925 ], [ 37.849298477000048, -1.727548568999964 ], [ 37.848872662000076, -1.726835980999965 ], [ 37.848280589000069, -1.726293523999971 ], [ 37.847616196000047, -1.72584158199993 ], [ 37.846607971000026, -1.725102185999958 ], [ 37.845726013000046, -1.724337243999969 ], [ 37.845066547000044, -1.723305582999956 ], [ 37.844971975000078, -1.722295323999958 ], [ 37.845097065000061, -1.721403642999974 ], [ 37.845267614000079, -1.720354636999957 ], [ 37.845281601000067, -1.719140449999941 ], [ 37.845137278000038, -1.717977364999967 ], [ 37.845157146000076, -1.716918974999942 ], [ 37.84527397200003, -1.715777456999945 ], [ 37.845683734000033, -1.714540396999951 ], [ 37.845682780000061, -1.713384290999954 ], [ 37.845198198000048, -1.71231010799994 ], [ 37.84416668800003, -1.711071803999971 ], [ 37.843365478000067, -1.710343813999941 ], [ 37.842514992000076, -1.710015713999951 ], [ 37.841437531000054, -1.709826206999935 ], [ 37.840162595000038, -1.709851761999971 ], [ 37.838867188000052, -1.709949910999967 ], [ 37.83758688000006, -1.710068761999935 ], [ 37.836335318000067, -1.71001490499998 ], [ 37.83549423200003, -1.709816622999938 ], [ 37.834902082000042, -1.709268314999974 ], [ 37.834771838000052, -1.708342449999975 ], [ 37.835279719000027, -1.707185251999931 ], [ 37.835830688000044, -1.706416089999948 ], [ 37.836107635000076, -1.705661129999953 ], [ 37.836248125000054, -1.704795360999981 ], [ 37.836598968000033, -1.70365217899996 ], [ 37.83696517900006, -1.702011032999962 ], [ 37.837383815000067, -1.701018145999967 ], [ 37.837945620000028, -1.700141777999931 ], [ 37.838101196000025, -1.699120234999953 ], [ 37.837897830000031, -1.698261962999936 ], [ 37.837204524000072, -1.697483062999936 ], [ 37.836757279000039, -1.696478652999929 ], [ 37.836623600000053, -1.69525267399996 ], [ 37.836476803000039, -1.69430641799994 ], [ 37.836428642000044, -1.693524360999959 ], [ 37.836733500000037, -1.692764977999957 ], [ 37.837075915000071, -1.691878590999977 ], [ 37.837524414000029, -1.690832972999942 ], [ 37.837373098000057, -1.689539498999977 ], [ 37.83618307100005, -1.689405023999939 ], [ 37.835292180000067, -1.689732948999961 ], [ 37.834414891000051, -1.689822111999945 ], [ 37.833596706000037, -1.689522027999942 ], [ 37.832655668000029, -1.688849739999966 ], [ 37.83200693100008, -1.687666773999979 ], [ 37.831686656000045, -1.686811983999974 ], [ 37.831349850000038, -1.68571746899994 ], [ 37.830791473000033, -1.684897630999956 ], [ 37.830581120000033, -1.684125950999942 ], [ 37.830857277000064, -1.683305233999931 ], [ 37.831357479000076, -1.682721524999977 ], [ 37.831358773000034, -1.681245769999975 ], [ 37.83067957600008, -1.680760542999963 ], [ 37.829847972000039, -1.680881281999973 ], [ 37.82909545900003, -1.681186365999963 ], [ 37.828433227000062, -1.681625723999957 ], [ 37.827709961000039, -1.682049774999939 ], [ 37.826714834000029, -1.682261973999971 ], [ 37.825192769000068, -1.682360653999979 ], [ 37.823869070000057, -1.681998411999928 ], [ 37.822660828000039, -1.681281720999948 ], [ 37.821390788000031, -1.681103904999929 ], [ 37.820551300000034, -1.680729054999972 ], [ 37.819934209000053, -1.680036921999942 ], [ 37.819700241000078, -1.67836048199996 ], [ 37.819699969000055, -1.67723005199997 ], [ 37.819982910000078, -1.67647924399995 ], [ 37.820140839000032, -1.675362824999979 ], [ 37.82047271700003, -1.674206633999972 ], [ 37.821278095000025, -1.672961279999924 ], [ 37.821983337000063, -1.671951154999931 ], [ 37.822465420000071, -1.670965879999926 ], [ 37.822585042000071, -1.669820558999959 ], [ 37.822480774000041, -1.668851184999937 ], [ 37.822231929000054, -1.668016373999933 ], [ 37.821810627000048, -1.666887857999939 ], [ 37.821399689000032, -1.665898203999973 ], [ 37.821032333000062, -1.664868525999964 ], [ 37.820133209000062, -1.663647457999957 ], [ 37.818778737000059, -1.663104947999955 ], [ 37.817573547000052, -1.663196992999929 ], [ 37.816423416000077, -1.663129865999963 ], [ 37.815650940000069, -1.662625312999978 ], [ 37.814691544000027, -1.661759475999929 ], [ 37.813876343000061, -1.66135933399994 ], [ 37.813148498000032, -1.660731315999953 ], [ 37.812642234000066, -1.660145009999951 ], [ 37.812012672000037, -1.659708678999948 ], [ 37.811129979000043, -1.659121257999971 ], [ 37.810232480000025, -1.658146823999971 ], [ 37.809895039000025, -1.656836091999935 ], [ 37.809620667000047, -1.655986236999979 ], [ 37.809230805000027, -1.655226754999944 ], [ 37.808604922000029, -1.65432270499997 ], [ 37.807647705000079, -1.653720050999937 ], [ 37.806831996000028, -1.653598466999938 ], [ 37.805966377000061, -1.653498529999979 ], [ 37.805145688000039, -1.653240799999935 ], [ 37.804557746000057, -1.652223346999961 ], [ 37.805305481000062, -1.651116251999952 ], [ 37.806148148000034, -1.650011217999975 ], [ 37.806050777000053, -1.648751139999945 ], [ 37.805012703000045, -1.648286506999966 ], [ 37.803778076000071, -1.64851005099996 ], [ 37.802953720000062, -1.648602216999961 ], [ 37.802130563000048, -1.648402179999948 ], [ 37.801325162000069, -1.647562473999926 ], [ 37.801643372000058, -1.646510143999933 ], [ 37.802410973000065, -1.645662135999942 ], [ 37.803067344000056, -1.64478233899996 ], [ 37.803585688000055, -1.643921474999956 ], [ 37.803773498000055, -1.643121099999973 ], [ 37.803832054000054, -1.642187818999957 ], [ 37.803531647000057, -1.641150176999929 ], [ 37.803015709000078, -1.640128299999958 ], [ 37.802567291000059, -1.639400386999966 ], [ 37.802175999000042, -1.638580783999942 ], [ 37.801848275000054, -1.637586456999941 ], [ 37.801570347000052, -1.636574097999926 ], [ 37.801250458000027, -1.635588454999947 ], [ 37.800971985000047, -1.634739736999961 ], [ 37.800406774000066, -1.633703290999961 ], [ 37.799583435000045, -1.632937907999974 ], [ 37.798614311000051, -1.632346927999947 ], [ 37.797533417000068, -1.631564783999977 ], [ 37.797134944000049, -1.630589297999961 ], [ 37.796990204000053, -1.629314088999934 ], [ 37.796758270000055, -1.628284572999974 ], [ 37.796207809000066, -1.627226177999944 ], [ 37.795166016000053, -1.62681400799994 ], [ 37.793975512000031, -1.626671447999968 ], [ 37.792888006000055, -1.626291493999929 ], [ 37.79234647800007, -1.625509321999971 ], [ 37.792276700000059, -1.624336942999946 ], [ 37.792369842000028, -1.623132418999944 ], [ 37.792453766000051, -1.622099836999951 ], [ 37.792215729000077, -1.621110057999942 ], [ 37.791851997000037, -1.620177149999961 ], [ 37.791109085000073, -1.619071691999977 ], [ 37.790315840000062, -1.61828203999994 ], [ 37.789596558000028, -1.617609122999966 ], [ 37.788851738000062, -1.616898148999951 ], [ 37.788319143000024, -1.615818394999962 ], [ 37.788052150000055, -1.614574908999941 ], [ 37.787834168000074, -1.613787364999951 ], [ 37.787536621000072, -1.613032204999968 ], [ 37.786633492000078, -1.612358375999975 ], [ 37.785231999000075, -1.612079636999965 ], [ 37.78436686200007, -1.611325084999976 ], [ 37.784148625000057, -1.610157250999976 ], [ 37.783977509000067, -1.609395175999964 ], [ 37.783837636000044, -1.608611046999954 ], [ 37.783424695000065, -1.607409442999938 ], [ 37.783374786000024, -1.606175994999944 ], [ 37.783061028000077, -1.605036759999962 ], [ 37.781986237000069, -1.603104292999944 ], [ 37.781305790000033, -1.602011948999973 ], [ 37.780691147000027, -1.601034163999941 ], [ 37.780016581000041, -1.600110689999951 ], [ 37.778930664000029, -1.598817740999948 ], [ 37.778194427000074, -1.59789365499995 ], [ 37.777563095000062, -1.597003578999932 ], [ 37.776973724000072, -1.596155801999942 ], [ 37.776584625000055, -1.595338616999925 ], [ 37.775914192000073, -1.594122379999931 ], [ 37.775699615000065, -1.592929044999948 ], [ 37.776131948000057, -1.592036743999927 ], [ 37.776303291000033, -1.591063633999966 ], [ 37.775531769000054, -1.590070147999938 ], [ 37.774635315000069, -1.589587687999938 ], [ 37.773906708000027, -1.589016198999957 ], [ 37.77262268100003, -1.586570214999938 ], [ 37.77280883800006, -1.585478829999943 ], [ 37.772907257000043, -1.584711282999933 ], [ 37.772655487000065, -1.583588579999969 ], [ 37.771746953000047, -1.582996040999944 ], [ 37.770389557000044, -1.583193730999938 ], [ 37.768965403000038, -1.58319174199994 ], [ 37.76808700600003, -1.582565950999935 ], [ 37.767048836000072, -1.58198660599993 ], [ 37.766029358000026, -1.581512490999955 ], [ 37.76517995200004, -1.580977876999953 ], [ 37.76449585000006, -1.580514549999975 ], [ 37.763877869000055, -1.580052494999961 ], [ 37.76333999600007, -1.579460620999953 ], [ 37.762798309000061, -1.578693031999933 ], [ 37.762215424000033, -1.578000354999972 ], [ 37.761519114000066, -1.577479958999959 ], [ 37.760793050000075, -1.576891898999975 ], [ 37.760061264000058, -1.575985610999965 ], [ 37.759767532000069, -1.575238406999972 ], [ 37.75946426400003, -1.574363603999927 ], [ 37.759000778000029, -1.57325524099997 ], [ 37.758642578000035, -1.57242352999998 ], [ 37.758395386000075, -1.571638416999974 ], [ 37.757987976000038, -1.570822739999926 ], [ 37.757621765000067, -1.569973746999949 ], [ 37.757073720000051, -1.56920876099997 ], [ 37.75629329700007, -1.568500056999937 ], [ 37.755397797000057, -1.567966341999977 ], [ 37.754556656000034, -1.567250400999967 ], [ 37.753897447000043, -1.566385727999943 ], [ 37.753505707000045, -1.56512761099998 ], [ 37.752876282000045, -1.563995599999942 ], [ 37.752349854000045, -1.563259481999978 ], [ 37.751823425000055, -1.562312960999975 ], [ 37.751296997000054, -1.560945748999927 ], [ 37.750946045000035, -1.560034274999964 ], [ 37.750667572000054, -1.558632015999933 ], [ 37.750560760000042, -1.557405113999948 ], [ 37.750595093000072, -1.556143044999942 ], [ 37.750333786000056, -1.554355203999933 ], [ 37.749546051000038, -1.553619026999968 ], [ 37.74835205100004, -1.553268432999971 ], [ 37.746788025000058, -1.55338016099995 ], [ 37.745512009000038, -1.553661226999964 ], [ 37.744602203000056, -1.553700208999942 ], [ 37.743835449000073, -1.553622245999975 ], [ 37.74257278400006, -1.553288419999944 ], [ 37.741849899000044, -1.552692412999932 ], [ 37.741353035000031, -1.551756053999952 ], [ 37.740825653000059, -1.55069180299995 ], [ 37.739835739000057, -1.549818336999977 ], [ 37.739101410000046, -1.549291610999944 ], [ 37.738254547000054, -1.54869341899996 ], [ 37.737468719000049, -1.547776579999947 ], [ 37.736694336000028, -1.546833753999977 ], [ 37.736030579000044, -1.546105503999968 ], [ 37.735366821000071, -1.545286178999959 ], [ 37.73446464500006, -1.544213294999963 ], [ 37.733869553000034, -1.543182700999978 ], [ 37.733007431000033, -1.54210650899995 ], [ 37.73239135700004, -1.541215657999942 ], [ 37.731822968000074, -1.540496110999925 ], [ 37.731231689000026, -1.539785146999975 ], [ 37.730634689000055, -1.539024412999936 ], [ 37.730171204000044, -1.537958025999956 ], [ 37.729646047000074, -1.536755084999925 ], [ 37.729217529000039, -1.535864233999973 ], [ 37.728828430000078, -1.535194515999933 ], [ 37.728410721000046, -1.53443372199996 ], [ 37.727798462000067, -1.533354341999939 ], [ 37.727135976000056, -1.532047390999935 ], [ 37.726802826000039, -1.531182527999931 ], [ 37.725984573000062, -1.530083655999931 ], [ 37.725196838000045, -1.529342412999938 ], [ 37.724672318000046, -1.528653144999964 ], [ 37.724259377000067, -1.527580230999945 ], [ 37.724235535000048, -1.526507377999963 ], [ 37.724280357000055, -1.525381743999958 ], [ 37.724157969000032, -1.524235844999964 ], [ 37.723579407000045, -1.523737370999925 ], [ 37.722812653000062, -1.523464261999948 ], [ 37.722049713000047, -1.523347258999934 ], [ 37.721187592000035, -1.52317160399997 ], [ 37.720321655000077, -1.522397875999957 ], [ 37.719606400000032, -1.521312057999978 ], [ 37.719134331000078, -1.520118802999946 ], [ 37.718977610000024, -1.518895228999952 ], [ 37.71865654000004, -1.518197297999961 ], [ 37.717776299000036, -1.517039924999949 ], [ 37.716953278000062, -1.516123055999969 ], [ 37.716290792000052, -1.515258311999958 ], [ 37.715802193000059, -1.514406471999962 ], [ 37.715290070000037, -1.513645648999955 ], [ 37.714842479000026, -1.512765645999934 ], [ 37.714290619000053, -1.511711269999978 ], [ 37.713967006000075, -1.510002175999944 ], [ 37.712966919000053, -1.509087442999942 ], [ 37.711881638000079, -1.508612870999968 ], [ 37.710529327000074, -1.508261680999965 ], [ 37.709552765000069, -1.50798869099998 ], [ 37.708709717000033, -1.507832526999948 ], [ 37.707824707000043, -1.507338404999928 ], [ 37.706504822000056, -1.506831228999943 ], [ 37.705084483000064, -1.506588577999935 ], [ 37.70436477700008, -1.507104277999929 ], [ 37.703479767000033, -1.507904111999949 ], [ 37.702291489000061, -1.508144676999962 ], [ 37.701236725000058, -1.507806539999933 ], [ 37.70052909900005, -1.50708478699994 ], [ 37.700105667000059, -1.506096422999974 ], [ 37.69968414300007, -1.505023598999969 ], [ 37.699306488000047, -1.50429093799994 ], [ 37.698680878000062, -1.503632068999934 ], [ 37.697673798000039, -1.502637147999963 ], [ 37.696880341000053, -1.501499354999964 ], [ 37.696472168000071, -1.500575899999944 ], [ 37.696275711000055, -1.499678611999968 ], [ 37.695560455000077, -1.498677253999972 ], [ 37.695107894000046, -1.497570551999956 ], [ 37.696971893000068, -1.496277868999925 ], [ 37.698226929000043, -1.49516594399995 ], [ 37.699501038000051, -1.493670463999933 ], [ 37.700553894000052, -1.492187857999966 ], [ 37.701484680000078, -1.491017460999956 ], [ 37.702526093000074, -1.490419268999972 ], [ 37.703716278000059, -1.490029096999933 ], [ 37.705881119000026, -1.489365875999965 ], [ 37.707182566000029, -1.488815307999971 ], [ 37.708198547000052, -1.488790392999931 ], [ 37.709468842000035, -1.48878711499998 ], [ 37.710496902000045, -1.488488018999931 ], [ 37.711835861000054, -1.48829299199997 ], [ 37.712850571000047, -1.488514065999937 ], [ 37.713886261000027, -1.489248871999962 ], [ 37.715263367000034, -1.490081071999953 ], [ 37.71610641500007, -1.490640282999948 ], [ 37.717800140000065, -1.492278933999955 ], [ 37.718683243000044, -1.492773115999967 ], [ 37.719711304000043, -1.492643057999942 ], [ 37.72080993700007, -1.492526053999939 ], [ 37.721725464000031, -1.492597519999947 ], [ 37.722656250000057, -1.49303322999998 ], [ 37.723546982000073, -1.493631422999954 ], [ 37.724443436000058, -1.493585884999959 ], [ 37.725276947000054, -1.493397354999956 ], [ 37.726167679000071, -1.493306278999967 ], [ 37.727012634000062, -1.493423342999961 ], [ 37.728305817000034, -1.494359731999964 ], [ 37.730060577000074, -1.495465039999942 ], [ 37.731754303000059, -1.495972275999975 ], [ 37.732635498000036, -1.496076344999949 ], [ 37.734146118000069, -1.496011137999972 ], [ 37.735771179000039, -1.495738148999976 ], [ 37.737174988000049, -1.495452045999969 ], [ 37.738162994000049, -1.495191931999955 ], [ 37.73957443200004, -1.494651078999937 ], [ 37.741310120000037, -1.494030117999955 ], [ 37.742626190000067, -1.493689178999944 ], [ 37.744026184000063, -1.493238687999963 ], [ 37.745594025000059, -1.492776035999952 ], [ 37.746410370000035, -1.492362021999952 ], [ 37.747581482000044, -1.491887092999946 ], [ 37.748657227000024, -1.491588830999945 ], [ 37.749614716000053, -1.491351365999947 ], [ 37.751853943000071, -1.490535616999978 ], [ 37.752704620000031, -1.490277528999968 ], [ 37.753925323000033, -1.490194677999966 ], [ 37.754848480000078, -1.490231155999936 ], [ 37.756469727000024, -1.489561438999942 ], [ 37.758543015000043, -1.488796174999948 ], [ 37.760059357000046, -1.488453506999974 ], [ 37.761341095000034, -1.488124727999946 ], [ 37.763385773000039, -1.48802733399998 ], [ 37.76521301300005, -1.487674235999975 ], [ 37.766136169000049, -1.487552403999928 ], [ 37.768302917000028, -1.48735761599994 ], [ 37.769290924000074, -1.487235784999939 ], [ 37.770446777000075, -1.487101911999957 ], [ 37.771408081000061, -1.486858367999957 ], [ 37.772491455000079, -1.486626982999951 ], [ 37.773848216000033, -1.486322640999958 ], [ 37.774410248000038, -1.48512941599995 ], [ 37.776365916000032, -1.482405979999953 ], [ 37.777463913000076, -1.481957465999926 ], [ 37.778301239000029, -1.480745911999975 ], [ 37.779487610000047, -1.478469013999927 ], [ 37.779706955000051, -1.477263599999958 ], [ 37.779651642000033, -1.47519361999997 ], [ 37.779712677000077, -1.474085568999953 ], [ 37.779968262000068, -1.472819327999957 ], [ 37.780250549000073, -1.472064375999935 ], [ 37.780996323000068, -1.470913707999955 ], [ 37.782173157000045, -1.469629168999973 ], [ 37.783744812000066, -1.468350648999944 ], [ 37.786823273000039, -1.466451167999935 ], [ 37.787845612000069, -1.465915441999925 ], [ 37.788784027000077, -1.465306639999937 ], [ 37.790184021000073, -1.463821053999936 ], [ 37.793155670000033, -1.46007084799993 ], [ 37.793838501000039, -1.459401130999936 ], [ 37.795360565000067, -1.458512305999932 ], [ 37.796966553000061, -1.457550405999939 ], [ 37.79749107400005, -1.456399738999949 ], [ 37.797855377000076, -1.455510913999944 ], [ 37.798561096000071, -1.455115198999977 ], [ 37.799255371000072, -1.454640268999981 ], [ 37.800022125000055, -1.454007148999949 ], [ 37.800704956000061, -1.453446983999925 ], [ 37.801788330000079, -1.45277303499995 ], [ 37.80333328200004, -1.451916455999935 ], [ 37.804161072000056, -1.451400160999924 ], [ 37.805034637000063, -1.450747608999961 ], [ 37.806205750000061, -1.449617564999926 ], [ 37.807280223000078, -1.448776641999928 ], [ 37.808631897000055, -1.44802010099994 ], [ 37.809467316000053, -1.447688936999953 ], [ 37.81029510500008, -1.447382091999941 ], [ 37.81450271600005, -1.447250604999965 ], [ 37.815856934000067, -1.447340696999959 ], [ 37.817054749000079, -1.447172641999941 ], [ 37.817966461000026, -1.446841477999953 ], [ 37.818859100000054, -1.446568726999942 ], [ 37.819511223000063, -1.445859580999979 ], [ 37.81790828700008, -1.445107519999965 ], [ 37.816598892000059, -1.444635152999979 ], [ 37.816278458000056, -1.443551450999962 ], [ 37.816701889000058, -1.442769765999969 ], [ 37.817506790000039, -1.442484825999941 ], [ 37.818127768000068, -1.441822085999945 ], [ 37.817080498000053, -1.441367059999948 ], [ 37.816160202000049, -1.44145470899997 ], [ 37.815439224000045, -1.441143035999971 ], [ 37.815091814000027, -1.440237078999928 ], [ 37.814933777000078, -1.43926298599996 ], [ 37.814075470000034, -1.439068197999973 ], [ 37.812896728000055, -1.43859088399995 ], [ 37.813228607000042, -1.437353789999975 ], [ 37.813600540000039, -1.436184882999953 ], [ 37.813339234000068, -1.43517510099997 ], [ 37.813591003000056, -1.434112 ], [ 37.812883377000048, -1.432351767999933 ], [ 37.812477112000067, -1.431528686999968 ], [ 37.812011719000054, -1.430200774999946 ], [ 37.811776638000026, -1.429072781999935 ], [ 37.812683105000076, -1.427676170999973 ], [ 37.81277465800008, -1.426625767999951 ], [ 37.812170029000072, -1.425781547999975 ], [ 37.811492920000035, -1.425284623999971 ], [ 37.810258865000037, -1.424143492999974 ], [ 37.810031891000051, -1.423146664999933 ], [ 37.810112, -1.422343015999957 ], [ 37.810341358000073, -1.420349761999944 ], [ 37.80960845900006, -1.419508416999975 ], [ 37.808560371000056, -1.419050693999964 ], [ 37.807704926000042, -1.418295680999961 ], [ 37.807757568000056, -1.417525195999929 ], [ 37.808472061000032, -1.416411792999952 ], [ 37.80814870200004, -1.415186682999945 ], [ 37.807977676000064, -1.414243399999975 ], [ 37.807792664000033, -1.413381397999956 ], [ 37.807487488000049, -1.412419437999972 ], [ 37.807096481000031, -1.411089837999953 ], [ 37.806646983000064, -1.410147388999974 ], [ 37.807120323000049, -1.409263401999965 ], [ 37.80702590900006, -1.408264964999944 ], [ 37.806128820000026, -1.406786759999932 ], [ 37.805728912000063, -1.405569195999931 ], [ 37.805503845000032, -1.404750942999954 ], [ 37.805240631000061, -1.403854727999942 ], [ 37.804916382000044, -1.402789751999933 ], [ 37.80511283900006, -1.401882230999945 ], [ 37.805416107000042, -1.401127337999981 ], [ 37.805557251000039, -1.399868279999964 ], [ 37.805109660000028, -1.398769934999962 ], [ 37.804821014000026, -1.397834777999947 ], [ 37.80460103300004, -1.396685441999978 ], [ 37.804374695000035, -1.395876883999961 ], [ 37.804329872000039, -1.39511230599993 ], [ 37.80471420300006, -1.394138216999977 ], [ 37.804265499000053, -1.393424659999937 ], [ 37.803253174000076, -1.393602489999978 ], [ 37.802307129000042, -1.393792390999977 ], [ 37.801096916000063, -1.394106536999971 ], [ 37.80014546700005, -1.395130137999956 ], [ 37.799283981000031, -1.39618054999994 ], [ 37.798372269000026, -1.395609020999927 ], [ 37.798198700000057, -1.394834637999963 ], [ 37.798235575000035, -1.393844325999964 ], [ 37.798593521000043, -1.393086134999976 ], [ 37.79917430900008, -1.392297178999968 ], [ 37.798616409000033, -1.391400992999934 ], [ 37.798099518000072, -1.390602230999946 ], [ 37.797735214000056, -1.389905809999959 ], [ 37.797256470000036, -1.388809889999948 ], [ 37.797252655000079, -1.387645840999937 ], [ 37.796611786000028, -1.38698345399996 ], [ 37.79562568700004, -1.386160373999928 ], [ 37.794380188000048, -1.38443136199993 ], [ 37.793678284000066, -1.383350133999954 ], [ 37.79287185700008, -1.381881164999925 ], [ 37.791686058000039, -1.381942539999955 ], [ 37.791072845000031, -1.380905150999979 ], [ 37.790805817000034, -1.379731356999969 ], [ 37.790462494000053, -1.379000782999981 ], [ 37.790042877000076, -1.378282427999977 ], [ 37.789546331000054, -1.376950362999935 ], [ 37.790376345000027, -1.376274138999975 ], [ 37.789831352000078, -1.375206696999953 ], [ 37.788711548000038, -1.374958276999962 ], [ 37.787759781000034, -1.37507033299994 ], [ 37.78677749600007, -1.375245630999927 ], [ 37.785643895000078, -1.375403125999981 ], [ 37.785016060000032, -1.373424112999942 ], [ 37.784214020000036, -1.372985779999965 ], [ 37.783901215000071, -1.37228115399995 ], [ 37.784084829000051, -1.371079750999968 ], [ 37.783275604000039, -1.371242165999945 ], [ 37.782705307000072, -1.371924042999979 ], [ 37.781944275000058, -1.372248768999953 ], [ 37.781326294000053, -1.371748685999933 ], [ 37.780905406000045, -1.37061874099993 ], [ 37.780315399000074, -1.369673847999934 ], [ 37.779689789000031, -1.368738769999936 ], [ 37.77916336100003, -1.367988705999949 ], [ 37.778629303000059, -1.367014526999981 ], [ 37.778209686000025, -1.366128205999928 ], [ 37.777980804000038, -1.365217387999962 ], [ 37.777782440000067, -1.364287137999952 ], [ 37.777282715000069, -1.363517641999977 ], [ 37.776729584000066, -1.362645804999943 ], [ 37.776386261000027, -1.361793398999964 ], [ 37.776222229000041, -1.360609948999979 ], [ 37.775673390000065, -1.36004012799998 ], [ 37.774339676000068, -1.360536843999967 ], [ 37.77340698200004, -1.360512494999966 ], [ 37.771907806000058, -1.359752773999958 ], [ 37.770942688000048, -1.359197496999968 ], [ 37.770084381000061, -1.358496188999936 ], [ 37.769130707000045, -1.357726573999969 ], [ 37.768302917000028, -1.357044696999935 ], [ 37.767404938000027, -1.356701874999942 ], [ 37.766119194000055, -1.357305812999925 ], [ 37.765368144000035, -1.356258987999979 ], [ 37.765660858000047, -1.354884701999936 ], [ 37.764490128000034, -1.354887127999973 ], [ 37.763528824000048, -1.355296253999938 ], [ 37.762584686000025, -1.355218350999962 ], [ 37.761327744000027, -1.354872524999962 ], [ 37.760045052000066, -1.354787259999966 ], [ 37.759127299000056, -1.355249166999954 ], [ 37.758358955000062, -1.356243550999977 ], [ 37.756983757000057, -1.356672167999932 ], [ 37.755724589000067, -1.357096721999937 ], [ 37.755147934000036, -1.356280087999949 ], [ 37.754899979000072, -1.355476498999963 ], [ 37.754065037000032, -1.354795828999954 ], [ 37.752822876000039, -1.355414787999962 ], [ 37.75241025300005, -1.356720069999938 ], [ 37.751276016000077, -1.356971680999948 ], [ 37.750373840000066, -1.35707068399995 ], [ 37.74939600600004, -1.357461978999936 ], [ 37.74832611100004, -1.357488917999945 ], [ 37.747943878000058, -1.356583674999968 ], [ 37.747174581000024, -1.356190800999968 ], [ 37.746336619000033, -1.356096624999964 ], [ 37.745595932000072, -1.356358050999972 ], [ 37.744781494000051, -1.356328814999927 ], [ 37.744624138000063, -1.355286448999948 ], [ 37.745107651000069, -1.35415166599995 ], [ 37.745878601000072, -1.353263329999947 ], [ 37.745601654000041, -1.35241779699993 ], [ 37.745445251000035, -1.351657926999962 ], [ 37.745059013000059, -1.350839763999943 ], [ 37.744281133000072, -1.349782059999939 ], [ 37.743247986000029, -1.349290966999945 ], [ 37.74213409400005, -1.348864793999951 ], [ 37.740901947000054, -1.348161041999958 ], [ 37.739881897000032, -1.347592138999971 ], [ 37.739585876000035, -1.346709608999959 ], [ 37.73943201700007, -1.345325608999929 ], [ 37.738594055000078, -1.34441077699995 ], [ 37.737699127000042, -1.343286680999938 ], [ 37.738001823000047, -1.342111090999936 ], [ 37.737037659000066, -1.341858654999953 ], [ 37.736170451000078, -1.341657320999957 ], [ 37.735264460000053, -1.340836663999937 ], [ 37.734638214000029, -1.341439783999931 ], [ 37.734008789000029, -1.341900824999925 ], [ 37.733177185000045, -1.341775893999966 ], [ 37.732601166000052, -1.34111344799993 ], [ 37.732349396000075, -1.340357541999936 ], [ 37.732252757000026, -1.339416940999968 ], [ 37.731870015000027, -1.338556488999927 ], [ 37.731973648000064, -1.337772309999934 ], [ 37.732498169000053, -1.336894034999943 ], [ 37.732500076000065, -1.335841178999942 ], [ 37.731954575000032, -1.334830581999938 ], [ 37.731315613000049, -1.333854078999934 ], [ 37.730424881000033, -1.333301245999962 ], [ 37.729908943000055, -1.332273542999928 ], [ 37.729742686000066, -1.331146835999959 ], [ 37.729265213000076, -1.330466627999954 ], [ 37.728828430000078, -1.329765319999979 ], [ 37.728562355000065, -1.328757166999935 ], [ 37.728176117000032, -1.327787875999945 ], [ 37.727708817000064, -1.327028095999935 ], [ 37.727225304000058, -1.325883507999947 ], [ 37.726626396000029, -1.324385851999978 ], [ 37.726032257000043, -1.323399602999928 ], [ 37.724905014000058, -1.322737231999952 ], [ 37.724056244000053, -1.322036861999948 ], [ 37.724195099000042, -1.321137547999967 ], [ 37.724819183000079, -1.320525049999958 ], [ 37.725538889000063, -1.319608131999928 ], [ 37.725227356000062, -1.318732737999937 ], [ 37.72430801400003, -1.317633985999976 ], [ 37.723944187000029, -1.316887795999946 ], [ 37.724433899000076, -1.315509120999934 ], [ 37.724451701000078, -1.314496039999938 ], [ 37.724997711000071, -1.313541173999965 ], [ 37.724274953000076, -1.313114205999966 ], [ 37.723419190000072, -1.31279726799994 ], [ 37.722446441000045, -1.312594612999931 ], [ 37.721632004000071, -1.31192576899997 ], [ 37.721246719000078, -1.310900985999979 ], [ 37.720981598000037, -1.310033082999951 ], [ 37.72063674900005, -1.309176253999965 ], [ 37.720510483000055, -1.307822525999939 ], [ 37.719865799000047, -1.306952684999942 ], [ 37.719606127000077, -1.306080153999972 ], [ 37.719300842000052, -1.305136894999976 ], [ 37.718384334000064, -1.304546645999949 ], [ 37.717771912000046, -1.303626107999946 ], [ 37.717138290000037, -1.302624905999949 ], [ 37.717083931000047, -1.301391630999944 ], [ 37.717110443000024, -1.30052950399994 ], [ 37.717350006000061, -1.299516935999975 ], [ 37.716583252000078, -1.299090702999933 ], [ 37.715761820000068, -1.299163341999929 ], [ 37.714725494000049, -1.299280970999973 ], [ 37.713664373000029, -1.298463423999976 ], [ 37.713441031000059, -1.297384670999975 ], [ 37.714060593000056, -1.296552013999928 ], [ 37.714389801000038, -1.295702099999971 ], [ 37.714004516000045, -1.295018910999943 ], [ 37.713579178000032, -1.293779809999933 ], [ 37.71355533600007, -1.292465239999956 ], [ 37.713623683000037, -1.291543840999964 ], [ 37.713612874000034, -1.290290638999977 ], [ 37.712407430000042, -1.289737363999961 ], [ 37.711065292000058, -1.288964747999955 ], [ 37.710081736000063, -1.288947402999952 ], [ 37.709177399000055, -1.28936648399997 ], [ 37.70855440400004, -1.288563404999934 ], [ 37.708602905000077, -1.28731369999997 ], [ 37.708360036000045, -1.286194085999966 ], [ 37.707721710000044, -1.28540563599995 ], [ 37.707333374000029, -1.28473992399995 ], [ 37.707347870000035, -1.283776282999952 ], [ 37.707571665000046, -1.283000826999967 ], [ 37.707400322000069, -1.281850665999968 ], [ 37.70685132400007, -1.280703484999947 ], [ 37.706366948000039, -1.27906504699996 ], [ 37.70505619000005, -1.278764128999967 ], [ 37.704463959000066, -1.277742564999926 ], [ 37.704326630000025, -1.27663167299994 ], [ 37.703769684000065, -1.275843202999965 ], [ 37.702897072000042, -1.275331288999951 ], [ 37.702440898000077, -1.274444659999972 ], [ 37.70235570300008, -1.273593782999967 ], [ 37.702327728000057, -1.272824108999941 ], [ 37.702612305000059, -1.271996378999972 ], [ 37.701799393000044, -1.271297215999937 ], [ 37.701021830000059, -1.270626961999938 ], [ 37.699804306000033, -1.270909457999949 ], [ 37.698636373000056, -1.270808497999951 ], [ 37.698453522000079, -1.269840812999973 ], [ 37.697786331000032, -1.268920719999926 ], [ 37.696896235000054, -1.26826435299995 ], [ 37.69679603600008, -1.266557764999959 ], [ 37.69778747600003, -1.265691732999926 ], [ 37.697385788000076, -1.264707982999937 ], [ 37.696956635000049, -1.263867258999937 ], [ 37.696682612000075, -1.262741763999941 ], [ 37.696335634000036, -1.261675565999951 ], [ 37.695433617000049, -1.260898291999979 ], [ 37.694831085000033, -1.260131143999956 ], [ 37.69547108200004, -1.259484626999949 ], [ 37.695028686000057, -1.258259581999937 ], [ 37.694081624000034, -1.257602591999955 ], [ 37.694341024000039, -1.256850440999926 ], [ 37.694447517000071, -1.255879640999979 ], [ 37.693940004000069, -1.254479358999959 ], [ 37.693707466000035, -1.253241806999938 ], [ 37.693357849000051, -1.25244805799997 ], [ 37.693513234000079, -1.25115722399994 ], [ 37.693513870000061, -1.249957024999958 ], [ 37.693560600000069, -1.249137997999981 ], [ 37.692954063000059, -1.248440980999931 ], [ 37.692085266000049, -1.248802542999954 ], [ 37.691068649000044, -1.249236106999945 ], [ 37.689922333000027, -1.249042152999948 ], [ 37.689130783000053, -1.248183210999969 ], [ 37.689945221000073, -1.247417211999959 ], [ 37.69075164800006, -1.246850847999951 ], [ 37.690053940000041, -1.246271430999968 ], [ 37.688741684000036, -1.246125459999973 ], [ 37.688123703000031, -1.244909971999959 ], [ 37.68856938700003, -1.243743260999963 ], [ 37.689031219000071, -1.242947458999936 ], [ 37.689439392000054, -1.241562103999968 ], [ 37.688633601000049, -1.240616718999945 ], [ 37.688510132000033, -1.239561652999953 ], [ 37.687840462000054, -1.238484233999941 ], [ 37.687114716000053, -1.23779809499996 ], [ 37.686240514000076, -1.237331985999958 ], [ 37.685985565000067, -1.236456334999957 ], [ 37.68539714800005, -1.235844253999971 ], [ 37.685202281000045, -1.234931587999938 ], [ 37.684284210000044, -1.23411250099997 ], [ 37.682897568000044, -1.233942627999966 ], [ 37.681924820000063, -1.233670383999936 ], [ 37.681123734000039, -1.233737885999972 ], [ 37.680255890000069, -1.233621676999974 ], [ 37.679347992000032, -1.233424186999969 ], [ 37.678325653000059, -1.233245610999973 ], [ 37.677379990000077, -1.232846533999975 ], [ 37.677104950000057, -1.231768756999941 ], [ 37.67605336500003, -1.231445709999946 ], [ 37.675563812000064, -1.230183004999958 ], [ 37.675401052000041, -1.229047456999979 ], [ 37.674465179000038, -1.228187798999954 ], [ 37.673875809000037, -1.227656304999925 ], [ 37.673354149000033, -1.226758837999967 ], [ 37.672679138000035, -1.226166367999951 ], [ 37.67173415700006, -1.22636328599998 ], [ 37.671918869000081, -1.225369125999975 ], [ 37.671395438000047, -1.224595529999931 ], [ 37.670382500000073, -1.224252774999968 ], [ 37.669932556000049, -1.223427009999966 ], [ 37.66922187800003, -1.222665190999976 ], [ 37.668423971000038, -1.222155490999967 ], [ 37.667568970000048, -1.221656536999944 ], [ 37.667457581000065, -1.220813711999938 ], [ 37.666702271000077, -1.219971417999943 ], [ 37.666118622000056, -1.219291924999936 ], [ 37.665652513000055, -1.218491896999979 ], [ 37.666684151000027, -1.21796747999997 ], [ 37.666980743000067, -1.217244266999955 ], [ 37.666495323000049, -1.216463401999931 ], [ 37.665575027000045, -1.216512381999962 ], [ 37.664643606000027, -1.21648625499995 ], [ 37.663812002000043, -1.215796529999977 ], [ 37.66325187700005, -1.214582482999958 ], [ 37.662597021000067, -1.213362310999969 ], [ 37.66186126100007, -1.212044859999935 ], [ 37.661705017000031, -1.21110749199994 ], [ 37.661324310000055, -1.210350655999946 ], [ 37.660063171000047, -1.209925412999951 ], [ 37.65966510800007, -1.209032386999979 ], [ 37.658547401000078, -1.208339690999935 ], [ 37.657681783000044, -1.207646766999972 ], [ 37.657034874000033, -1.206923841999981 ], [ 37.656372918000045, -1.205769366999959 ], [ 37.655667305000065, -1.204521253999928 ], [ 37.655662537000069, -1.203641265999977 ], [ 37.655770620000055, -1.202445367999928 ], [ 37.65540790600005, -1.20127353099997 ], [ 37.654763794000075, -1.200254082999948 ], [ 37.653656960000035, -1.199853300999962 ], [ 37.652788162000036, -1.199082195999949 ], [ 37.652226130000031, -1.198305308999977 ], [ 37.650959015000069, -1.198158621999937 ], [ 37.649923325000032, -1.197230696999952 ], [ 37.649492899000052, -1.196269352999934 ], [ 37.649533590000033, -1.195348699999954 ], [ 37.649225235000074, -1.194616913999937 ], [ 37.648944855000025, -1.193821757999956 ], [ 37.648352941000041, -1.192913432999944 ], [ 37.648117065000065, -1.191838487999973 ], [ 37.647506714000031, -1.191207090999967 ], [ 37.647449493000067, -1.189563273999966 ], [ 37.647322083000063, -1.188474177999979 ], [ 37.646715164000057, -1.18797755199995 ], [ 37.646392822000053, -1.187152703999971 ], [ 37.645708084000034, -1.186559497999951 ], [ 37.645595551000042, -1.185773193999978 ], [ 37.645330429000069, -1.184745072999931 ], [ 37.644621277000056, -1.18398880999996 ], [ 37.643900553000037, -1.183166582999945 ], [ 37.643962860000045, -1.182009180999955 ], [ 37.643617630000051, -1.18097886399994 ], [ 37.643011475000037, -1.179984282999953 ], [ 37.642934799000045, -1.178981422999925 ], [ 37.642639160000044, -1.178033917999926 ], [ 37.641939163000075, -1.177626579999981 ], [ 37.641427358000044, -1.176775613999951 ], [ 37.641237895000074, -1.175579030999927 ], [ 37.640577316000076, -1.174446343999932 ], [ 37.640082042000074, -1.173531491999938 ], [ 37.640050888000076, -1.172530958999971 ], [ 37.639532725000038, -1.171219666999946 ], [ 37.639175415000068, -1.170512496999947 ], [ 37.638904572000058, -1.169649898999978 ], [ 37.638513565000039, -1.168726324999966 ], [ 37.637858550000033, -1.167750661999946 ], [ 37.637185097000042, -1.166638701999943 ], [ 37.636749268000074, -1.165577470999949 ], [ 37.636196136000081, -1.164908289999971 ], [ 37.635377248000054, -1.164136925999969 ], [ 37.635049820000063, -1.162280499999952 ], [ 37.634473165000031, -1.161342977999936 ], [ 37.633438428000034, -1.160951484999941 ], [ 37.632656097000051, -1.159962891999953 ], [ 37.631858063000038, -1.159042787999965 ], [ 37.631502787000045, -1.158020416999932 ], [ 37.630720520000068, -1.157367086999955 ], [ 37.630059242000073, -1.156707614999959 ], [ 37.629376984000032, -1.155908169999975 ], [ 37.629173279000042, -1.154904365999926 ], [ 37.62874094600005, -1.154218752999952 ], [ 37.628193224000029, -1.15338150599996 ], [ 37.627246232000061, -1.152942956999937 ], [ 37.626241032000053, -1.152112695999961 ], [ 37.626337850000027, -1.151294073999964 ], [ 37.626345952000065, -1.150061050999966 ], [ 37.625830332000078, -1.14914325899997 ], [ 37.625099980000073, -1.14868359299993 ], [ 37.624430339000071, -1.148316740999974 ], [ 37.624216312000044, -1.147314199999926 ], [ 37.623405457000047, -1.146945833999951 ], [ 37.622402191000049, -1.146322766999958 ], [ 37.621587118000036, -1.145875214999933 ], [ 37.621148427000037, -1.145248372999959 ], [ 37.620814532000054, -1.144456756999944 ], [ 37.619990235000046, -1.14401477499996 ], [ 37.619279861000052, -1.143579154999941 ], [ 37.618434906000061, -1.143367031999958 ], [ 37.617674128000033, -1.142891850999945 ], [ 37.616836548000038, -1.143181522999953 ], [ 37.615936713000053, -1.142764547999946 ], [ 37.614777751000076, -1.142654266999955 ], [ 37.613675344000058, -1.142064743999924 ], [ 37.612615944000027, -1.141991016999953 ], [ 37.611973269000032, -1.141076091999935 ], [ 37.611017812000057, -1.140404991999958 ], [ 37.609805607000055, -1.140485953999928 ], [ 37.608735871000079, -1.140819089999979 ], [ 37.607736859000056, -1.141048280999939 ], [ 37.607044686000052, -1.141685305999943 ], [ 37.606105161000073, -1.142329510999957 ], [ 37.60468101500004, -1.141308515999924 ], [ 37.604106903000059, -1.140330850999931 ], [ 37.603907891000063, -1.139443881999966 ], [ 37.603937459000065, -1.137777489999962 ], [ 37.604094432000068, -1.136832540999933 ], [ 37.60354996600006, -1.135827965999965 ], [ 37.603295436000053, -1.134776919999979 ], [ 37.602952027000072, -1.133970034999948 ], [ 37.602299278000032, -1.133172981999962 ], [ 37.601776123000036, -1.132315 ], [ 37.601288605000036, -1.131705069999953 ], [ 37.600400543000035, -1.131067966999979 ], [ 37.599441804000037, -1.131097661999945 ], [ 37.598510382000029, -1.131172741999933 ], [ 37.597708977000025, -1.130707518999941 ], [ 37.597459793000041, -1.123217343999954 ], [ 37.597246170000062, -1.117911397999933 ], [ 37.597123453000052, -1.116375349999942 ], [ 37.597083153000028, -1.115415843999926 ], [ 37.596866608000028, -1.109699189999958 ], [ 37.596466064000026, -1.102714180999953 ], [ 37.596097946000043, -1.094305812999949 ], [ 37.595777274000056, -1.088094887999944 ], [ 37.595709852000027, -1.086816011999929 ], [ 37.60348510700004, -1.086468576999948 ], [ 37.613155365000068, -1.086030482999945 ], [ 37.626617432000046, -1.085393905999979 ], [ 37.627624512000068, -1.085346221999941 ], [ 37.635200500000053, -1.085001825999939 ], [ 37.643585205000079, -1.084601997999926 ], [ 37.652969360000043, -1.08422434299996 ], [ 37.666519165000068, -1.083602427999949 ], [ 37.675306320000061, -1.082902073999946 ], [ 37.684123993000071, -1.082414030999928 ], [ 37.692543030000024, -1.081991910999932 ], [ 37.702541351000036, -1.081547617999945 ], [ 37.710227966000048, -1.081181168999933 ], [ 37.719020844000056, -1.080692409999926 ], [ 37.730129242000032, -1.080214857999977 ], [ 37.733562469000049, -1.080048202999933 ], [ 37.73882675200008, -1.083824514999947 ], [ 37.745910645000038, -1.089033603999951 ], [ 37.752452850000054, -1.094276070999967 ], [ 37.760726929000043, -1.100418090999938 ], [ 37.761966705000077, -1.101258754999947 ], [ 37.767337799000074, -1.10532724899997 ], [ 37.77285766600005, -1.109359025999936 ], [ 37.774410248000038, -1.110514163999937 ], [ 37.776943207000045, -1.112457870999947 ], [ 37.778831482000044, -1.113690614999939 ], [ 37.780033112000069, -1.114690303999964 ], [ 37.781242371000076, -1.115612148999958 ], [ 37.781944275000058, -1.116178631999958 ], [ 37.782707214000027, -1.116711616999964 ], [ 37.786064148000037, -1.119088530999932 ], [ 37.787418365000065, -1.120177030999969 ], [ 37.788883209000062, -1.121276616999978 ], [ 37.790504456000065, -1.122420548999969 ], [ 37.791637421000075, -1.123220324999977 ], [ 37.792514801000038, -1.123942255999964 ], [ 37.793742923000025, -1.125181779999934 ] ] ] ] } },
{ "type": "Feature", "properties": { "Shape_Area": 1.0340808181600001, "name": "Kitui South", "ADM1_EN": "Kitui", "ADM0_EN": "Kenya" }, "geometry": { "type": "MultiPolygon", "coordinates": [ [ [ [ 39.013686317000065, -1.915024660999961 ], [ 39.006505968000056, -1.930643873999941 ], [ 38.999584196000058, -1.945804367999926 ], [ 38.993066787000032, -1.958429876999958 ], [ 38.986549380000042, -1.971055382999964 ], [ 38.958135630000072, -2.02632690799993 ], [ 38.929721857000061, -2.081598479999968 ], [ 38.864624062000075, -2.208229248999942 ], [ 38.799526236000077, -2.334860075999927 ], [ 38.798097624000036, -2.337638967999965 ], [ 38.796466403000068, -2.34074211099994 ], [ 38.795619448000025, -2.341466548999961 ], [ 38.79438401200008, -2.341594475999955 ], [ 38.792876247000038, -2.34145222899997 ], [ 38.791752675000055, -2.341494743999931 ], [ 38.790705565000053, -2.341858552999952 ], [ 38.789853726000047, -2.342524525999977 ], [ 38.789347751000037, -2.343259810999939 ], [ 38.789038018000042, -2.343995566999979 ], [ 38.788809914000069, -2.344884257999979 ], [ 38.788672439000038, -2.345961150999926 ], [ 38.788665764000029, -2.347094911999932 ], [ 38.788656247000063, -2.347945441999968 ], [ 38.788609052000027, -2.349109510999938 ], [ 38.788403168000059, -2.350251299999968 ], [ 38.788166044000036, -2.351000360999933 ], [ 38.787614186000042, -2.351868491999937 ], [ 38.786845614000072, -2.352508536999949 ], [ 38.785869285000047, -2.353172309999934 ], [ 38.784991141000035, -2.353642545999946 ], [ 38.784306725000079, -2.35440349299995 ], [ 38.783505757000057, -2.354851721999978 ], [ 38.782732008000039, -2.35476588399996 ], [ 38.781867348000048, -2.354824467999947 ], [ 38.780534291000038, -2.354993585999978 ], [ 38.779593469000076, -2.354241205999926 ], [ 38.778939562000062, -2.353648853999971 ], [ 38.778130845000078, -2.353330726999957 ], [ 38.777139387000034, -2.353252991999966 ], [ 38.776129724000043, -2.353082623999967 ], [ 38.774929590000056, -2.35310039899997 ], [ 38.773835665000036, -2.353266745999974 ], [ 38.772751619000076, -2.353277442999968 ], [ 38.771778863000065, -2.353216174999943 ], [ 38.770958457000063, -2.352941512999962 ], [ 38.770112272000063, -2.352859792999936 ], [ 38.769200638000029, -2.353185412999949 ], [ 38.768317910000064, -2.353468542999963 ], [ 38.767302327000039, -2.354193045999978 ], [ 38.766274043000067, -2.354776794999964 ], [ 38.765245563000065, -2.35474473499994 ], [ 38.764230459000032, -2.355061704999969 ], [ 38.763211636000051, -2.355380816999968 ], [ 38.762110460000031, -2.354792483999972 ], [ 38.761573114000043, -2.355503594999959 ], [ 38.761297862000049, -2.356327762999967 ], [ 38.760611722000078, -2.356732270999942 ], [ 38.75992864300008, -2.357184206999932 ], [ 38.759084064000035, -2.357752948999973 ], [ 38.758115261000057, -2.358625776999929 ], [ 38.757861615000024, -2.359815924999964 ], [ 38.757250785000053, -2.360717660999967 ], [ 38.756494149000048, -2.361443096999949 ], [ 38.75541226200005, -2.361550915999942 ], [ 38.754456834000052, -2.361100671999964 ], [ 38.753372734000038, -2.360932930999979 ], [ 38.752693178000072, -2.361364958999957 ], [ 38.752371468000035, -2.362085659999934 ], [ 38.751804953000033, -2.362852726999961 ], [ 38.750998569000046, -2.363237402999971 ], [ 38.749980444000073, -2.363228088999961 ], [ 38.74890726700005, -2.362729117999947 ], [ 38.747846331000062, -2.363459172999967 ], [ 38.746381998000061, -2.363989946999936 ], [ 38.745348670000055, -2.364882189999946 ], [ 38.744036685000026, -2.364532810999947 ], [ 38.742613185000039, -2.364210822999951 ], [ 38.741039472000068, -2.36393577399997 ], [ 38.739989937000075, -2.363855653999963 ], [ 38.739074027000072, -2.363926158999959 ], [ 38.738258356000074, -2.364381550999951 ], [ 38.737824913000054, -2.365094544999977 ], [ 38.737270355000078, -2.366025420999961 ], [ 38.736571889000061, -2.366975863999926 ], [ 38.736372373000052, -2.367889110999954 ], [ 38.736296044000028, -2.369104223999955 ], [ 38.735530854000046, -2.370137690999968 ], [ 38.734455111000045, -2.370636220999927 ], [ 38.733919157000059, -2.371758519999958 ], [ 38.733764645000065, -2.372917208999979 ], [ 38.733949662000043, -2.373680830999945 ], [ 38.734054018000052, -2.374446494999972 ], [ 38.733679578000078, -2.375497249999967 ], [ 38.733614640000042, -2.376948586999958 ], [ 38.733245669000041, -2.37841850999996 ], [ 38.732221613000036, -2.379083432999948 ], [ 38.731511116000036, -2.37968832699994 ], [ 38.730869300000052, -2.380134537999936 ], [ 38.730068206000055, -2.380326750999927 ], [ 38.72915038800005, -2.380764725999938 ], [ 38.72843363000004, -2.38210244499993 ], [ 38.727446445000055, -2.382873448999931 ], [ 38.726631799000074, -2.383792401999926 ], [ 38.72565065200007, -2.383841506999943 ], [ 38.724556864000078, -2.384196541999927 ], [ 38.723725640000055, -2.384550690999959 ], [ 38.723359271000049, -2.385579073999963 ], [ 38.722813127000052, -2.386733235999941 ], [ 38.722854623000046, -2.387785086999941 ], [ 38.722490201000028, -2.388467529999957 ], [ 38.721423786000059, -2.388598158999969 ], [ 38.72068310700007, -2.388919357999953 ], [ 38.719716929000072, -2.389429784999948 ], [ 38.71853892200005, -2.389286790999961 ], [ 38.717720043000043, -2.389438011999971 ], [ 38.717335602000048, -2.39036446199998 ], [ 38.716439044000026, -2.390910585999961 ], [ 38.715742488000046, -2.391471046999925 ], [ 38.715334326000061, -2.39213295199994 ], [ 38.715159434000043, -2.393198294999934 ], [ 38.715652695000074, -2.394198316999962 ], [ 38.715542029000062, -2.395269824999957 ], [ 38.714291134000064, -2.395811173999959 ], [ 38.713500979000059, -2.396343033999926 ], [ 38.712944460000074, -2.39712564499996 ], [ 38.712038039000049, -2.397642533999942 ], [ 38.711195372000077, -2.397928287999946 ], [ 38.71008869700006, -2.398507726999981 ], [ 38.708949405000055, -2.399035416999936 ], [ 38.70776826000008, -2.39922490899994 ], [ 38.706488293000064, -2.399381540999968 ], [ 38.705137859000047, -2.400084143999948 ], [ 38.703765469000075, -2.400778518999971 ], [ 38.702925880000066, -2.401031271999955 ], [ 38.703392036000025, -2.401806474999944 ], [ 38.704114914000058, -2.402937125999927 ], [ 38.703903816000036, -2.404203379999956 ], [ 38.702868211000066, -2.404793661999975 ], [ 38.702018148000036, -2.405239360999929 ], [ 38.701468228000067, -2.406012991999944 ], [ 38.700967062000075, -2.406678742999929 ], [ 38.700040538000053, -2.407458366999947 ], [ 38.698962790000053, -2.407038026999942 ], [ 38.697878360000061, -2.40713894199996 ], [ 38.69718890300004, -2.40782846299993 ], [ 38.696644467000056, -2.408855612999957 ], [ 38.695878982000067, -2.409233702999927 ], [ 38.695171357000049, -2.409659857999941 ], [ 38.694129093000072, -2.410090982999975 ], [ 38.692821380000055, -2.41014361699996 ], [ 38.691589989000079, -2.410632609999936 ], [ 38.690812520000065, -2.410234079999952 ], [ 38.690019931000052, -2.410284976999947 ], [ 38.688810346000025, -2.411097060999964 ], [ 38.687561900000048, -2.412102992999962 ], [ 38.686684620000051, -2.412594492999972 ], [ 38.685763365000071, -2.412930592999942 ], [ 38.684768840000061, -2.413202475999981 ], [ 38.68116950700005, -2.413493035999977 ], [ 38.677569710000057, -2.413828710999951 ], [ 38.676364124000031, -2.414079846999925 ], [ 38.675579882000079, -2.414286404999928 ], [ 38.674637788000041, -2.414609071999962 ], [ 38.673810953000043, -2.414983485999926 ], [ 38.672944077000068, -2.415220912999928 ], [ 38.672149630000035, -2.415488136999954 ], [ 38.671130971000025, -2.416001673999972 ], [ 38.670156477000035, -2.416459867999947 ], [ 38.669411661000026, -2.416742075999935 ], [ 38.668256204000045, -2.41713482199998 ], [ 38.667229968000072, -2.417381280999962 ], [ 38.66633945500007, -2.417508587999976 ], [ 38.665443038000035, -2.417562525999926 ], [ 38.664468186000079, -2.417640946999938 ], [ 38.663205370000071, -2.417793343999961 ], [ 38.662156092000032, -2.417913996999971 ], [ 38.661088797000048, -2.418000141999926 ], [ 38.659818671000039, -2.418025253999929 ], [ 38.658665653000071, -2.418001480999976 ], [ 38.657550794000031, -2.417969597999956 ], [ 38.656444541000042, -2.41791404099996 ], [ 38.655558890000066, -2.417871568999942 ], [ 38.654608164000081, -2.417840855999941 ], [ 38.653615956000067, -2.417834511999956 ], [ 38.652575182000078, -2.417778756999951 ], [ 38.651356699000075, -2.417826460999947 ], [ 38.650113102000034, -2.418118146999973 ], [ 38.648835202000043, -2.418283877999954 ], [ 38.647720345000039, -2.418359405999979 ], [ 38.646798130000036, -2.418327498999929 ], [ 38.645853050000028, -2.418216278999978 ], [ 38.64466731300007, -2.418089024999972 ], [ 38.643447252000044, -2.417988187999924 ], [ 38.642234329000075, -2.417408919999957 ], [ 38.641372355000044, -2.416487644999961 ], [ 38.64047335500004, -2.416108514999962 ], [ 38.639485354000044, -2.415977253999927 ], [ 38.638670239000078, -2.415671060999955 ], [ 38.637632369000073, -2.41546253599995 ], [ 38.636346880000076, -2.415796374999957 ], [ 38.635059678000061, -2.416503559999967 ], [ 38.633989897000049, -2.41648012099995 ], [ 38.633422845000041, -2.415716050999947 ], [ 38.633108763000052, -2.414769689999957 ], [ 38.632939315000044, -2.41357529499993 ], [ 38.632423092000067, -2.412585067999942 ], [ 38.63151104700006, -2.412211187999958 ], [ 38.630736833000071, -2.412135673999956 ], [ 38.629858338000076, -2.412089309999942 ], [ 38.629045499000028, -2.412076000999946 ], [ 38.628297843000041, -2.411905002999958 ], [ 38.627533904000074, -2.411384029999965 ], [ 38.626371395000035, -2.411099002999947 ], [ 38.625323614000024, -2.411429182999939 ], [ 38.62451840600005, -2.411853379999968 ], [ 38.623676301000046, -2.41249758999993 ], [ 38.849813472000051, -2.726855881999938 ], [ 39.075652634000051, -3.040864854999938 ], [ 39.07470991100007, -3.040667351999957 ], [ 39.073686596000073, -3.040449851999938 ], [ 39.072554452000077, -3.040285418999929 ], [ 39.071529373000033, -3.040276930999937 ], [ 39.070716548000064, -3.040355266999939 ], [ 39.069913235000058, -3.040494439999975 ], [ 39.069052697000075, -3.04064305199995 ], [ 39.068141637000053, -3.040838836999967 ], [ 39.06704632900005, -3.041060959999925 ], [ 39.065797319000069, -3.041309891999958 ], [ 39.064505021000059, -3.04135482099997 ], [ 39.063402812000049, -3.04122512899994 ], [ 39.062386346000039, -3.041031245999932 ], [ 39.061238833000061, -3.04062001799997 ], [ 39.060401610000042, -3.040144660999943 ], [ 39.059616734000031, -3.039542271999949 ], [ 39.058738336000033, -3.038618551999946 ], [ 39.057877535000046, -3.037755555999979 ], [ 39.056987489000051, -3.036803374999977 ], [ 39.056385039000077, -3.036065938999968 ], [ 39.055909634000045, -3.035452028999941 ], [ 39.055404668000051, -3.03480996199994 ], [ 39.054828637000071, -3.03418462999997 ], [ 39.053874609000047, -3.033293287999925 ], [ 39.052588620000051, -3.032694234999951 ], [ 39.051302574000033, -3.03251807099997 ], [ 39.050195150000036, -3.032409031999975 ], [ 39.049046047000047, -3.032285696999963 ], [ 39.047979989000055, -3.03204535499998 ], [ 39.04702885100005, -3.031696435999947 ], [ 39.045922907000033, -3.031287648999978 ], [ 39.045183035000036, -3.030554950999942 ], [ 39.044688141000051, -3.029698525999947 ], [ 39.04454486800006, -3.028816155999948 ], [ 39.044472208000059, -3.027661739999928 ], [ 39.044591276000062, -3.026853710999944 ], [ 39.044743837000055, -3.026104071999953 ], [ 39.045017235000046, -3.024494278999953 ], [ 39.045269014000041, -3.022995239999943 ], [ 39.045389172000057, -3.02212812099998 ], [ 39.045404151000071, -3.02109902199993 ], [ 39.044451708000054, -3.021053918999939 ], [ 39.043563844000062, -3.021358305999968 ], [ 39.042835260000061, -3.021858198999951 ], [ 39.04217209400008, -3.022349648999977 ], [ 39.041533361000063, -3.022834904999968 ], [ 39.040601726000034, -3.023577433999947 ], [ 39.03921215400004, -3.024305726999955 ], [ 39.037909333000073, -3.024794786999962 ], [ 39.036952657000029, -3.024996746999932 ], [ 39.036064139000075, -3.024941360999946 ], [ 39.034874039000044, -3.024448718999963 ], [ 39.033622423000054, -3.023769043999948 ], [ 39.032401714000059, -3.02313030199997 ], [ 39.03159045600006, -3.022652154999946 ], [ 39.030809078000061, -3.022134864999941 ], [ 39.030040320000069, -3.021817604999967 ], [ 39.029233309000062, -3.021527821999939 ], [ 39.028217090000055, -3.021081974999959 ], [ 39.027344710000079, -3.020823482999958 ], [ 39.02637536900005, -3.020635868999932 ], [ 39.025530269000058, -3.020646032999935 ], [ 39.024481293000065, -3.021016629999963 ], [ 39.023251942000059, -3.021644270999957 ], [ 39.022481055000071, -3.022275500999967 ], [ 39.021631887000069, -3.022804747999942 ], [ 39.020408709000037, -3.023438868999961 ], [ 39.019389477000061, -3.024038713999971 ], [ 39.018534395000074, -3.024497267999948 ], [ 39.017409649000058, -3.024767973999928 ], [ 39.015811915000029, -3.025021071999959 ], [ 39.014056149000055, -3.025309548999928 ], [ 39.01278037000003, -3.025463016999936 ], [ 39.011302436000051, -3.025634714999967 ], [ 39.009893772000055, -3.025767736999967 ], [ 39.00881251800007, -3.025844740999958 ], [ 39.007781028000068, -3.025741313999958 ], [ 39.006780626000079, -3.025567861999946 ], [ 39.005847927000048, -3.025313056999948 ], [ 39.004972457000065, -3.025117553999962 ], [ 39.004165655000065, -3.024989151999932 ], [ 39.00309154200005, -3.024898661999941 ], [ 39.002041216000066, -3.024775620999947 ], [ 39.001262026000063, -3.024713830999929 ], [ 39.000257059000035, -3.024682266999946 ], [ 38.998922351000033, -3.024722692999944 ], [ 38.997464900000068, -3.024769361999972 ], [ 38.996289725000054, -3.024795768999979 ], [ 38.995411237000042, -3.024970727999971 ], [ 38.994435672000066, -3.025096987999973 ], [ 38.993276298000069, -3.025282182999945 ], [ 38.992045090000033, -3.025709270999926 ], [ 38.99102901200007, -3.026135106999959 ], [ 38.990112066000052, -3.026614064999933 ], [ 38.98932959800004, -3.027175279999938 ], [ 38.988888669000062, -3.027800442999933 ], [ 38.988532353000039, -3.028832854999962 ], [ 38.987972794000029, -3.029874112999948 ], [ 38.987592707000033, -3.030586700999947 ], [ 38.987117107000074, -3.031690871999956 ], [ 38.986461160000033, -3.032832328999973 ], [ 38.98557624700004, -3.033615929999939 ], [ 38.984685894000052, -3.034128928999962 ], [ 38.983795950000058, -3.03461619199993 ], [ 38.982896802000027, -3.03512453899998 ], [ 38.982102836000024, -3.035547859999951 ], [ 38.981392375000041, -3.036186597999972 ], [ 38.980525395000029, -3.036888394999949 ], [ 38.979423520000068, -3.037467830999958 ], [ 38.978644502000066, -3.037993868999934 ], [ 38.977978225000072, -3.038643119999961 ], [ 38.977131536000059, -3.039189782999927 ], [ 38.976208693000046, -3.039315939999938 ], [ 38.97509817200006, -3.039372605999972 ], [ 38.974155293000081, -3.039503714999967 ], [ 38.973089637000044, -3.039596131999929 ], [ 38.972017289000064, -3.039572001999943 ], [ 38.970631284000035, -3.039569293999932 ], [ 38.969558124000059, -3.039746625999953 ], [ 38.968459612000061, -3.039873709999938 ], [ 38.967502710000076, -3.039625194999928 ], [ 38.966418419000036, -3.039491410999972 ], [ 38.96527134300004, -3.039612741999974 ], [ 38.964464564000025, -3.039437291999946 ], [ 38.963598219000062, -3.039006 ], [ 38.962255486000061, -3.038899383999933 ], [ 38.960736445000066, -3.038864217999958 ], [ 38.959455957000046, -3.038702334999925 ], [ 38.958401977000051, -3.038716117999968 ], [ 38.957565048000049, -3.038720762999958 ], [ 38.956772485000045, -3.038623791999953 ], [ 38.955851362000033, -3.038508852999939 ], [ 38.954721925000058, -3.038597387999971 ], [ 38.953342190000058, -3.038565006999931 ], [ 38.952421567000044, -3.038460918999931 ], [ 38.951586782000049, -3.03834411899993 ], [ 38.950407298000073, -3.038035643999933 ], [ 38.949128416000065, -3.037541585999975 ], [ 38.947989785000061, -3.037138549999952 ], [ 38.946979205000048, -3.036715452999942 ], [ 38.945977644000038, -3.036330576999944 ], [ 38.945223616000078, -3.036131679999926 ], [ 38.944400788000053, -3.035827905999952 ], [ 38.943609809000066, -3.035595287999968 ], [ 38.942637638000065, -3.035269685999936 ], [ 38.941427308000073, -3.034928167999965 ], [ 38.940066759000047, -3.034630998999944 ], [ 38.93890859000004, -3.034519090999936 ], [ 38.93806231800005, -3.034465804999968 ], [ 38.937182649000079, -3.034402214999943 ], [ 38.936246503000064, -3.034589660999927 ], [ 38.935461686000053, -3.035195800999929 ], [ 38.934867290000057, -3.035899923999978 ], [ 38.934303704000058, -3.036578567999925 ], [ 38.93383861600006, -3.037397876999933 ], [ 38.933096751000051, -3.038470067999981 ], [ 38.932629177000081, -3.03923003899996 ], [ 38.931938775000049, -3.039944677999927 ], [ 38.930888116000062, -3.040248683999948 ], [ 38.929606245000059, -3.040182914999946 ], [ 38.928421754000055, -3.040067812999951 ], [ 38.92723359200005, -3.039729834999946 ], [ 38.92621022700007, -3.039628862999962 ], [ 38.925292416000048, -3.039752303999933 ], [ 38.924381971000059, -3.040076141999975 ], [ 38.923611236000056, -3.040367278999952 ], [ 38.922742327000037, -3.040691786999957 ], [ 38.921655024000074, -3.041152987999965 ], [ 38.920223263000025, -3.041791194999973 ], [ 38.919121334000067, -3.042240363999952 ], [ 38.918344646000037, -3.04250468999993 ], [ 38.917174773000056, -3.042786124999964 ], [ 38.915871871000036, -3.042945438999936 ], [ 38.91477272700007, -3.042869157999974 ], [ 38.91399791300006, -3.042779512999971 ], [ 38.913194102000034, -3.042840298999977 ], [ 38.912363894000066, -3.042985739999949 ], [ 38.911252249000029, -3.042844102999936 ], [ 38.910144653000032, -3.042520329999945 ], [ 38.909202868000079, -3.042338750999932 ], [ 38.908152044000076, -3.042057218999958 ], [ 38.90677514600003, -3.042063900999949 ], [ 38.905429354000034, -3.042180463999955 ], [ 38.904311280000059, -3.042295789999969 ], [ 38.903404892000026, -3.042351159999953 ], [ 38.902575647000049, -3.042153022999969 ], [ 38.901954903000046, -3.041585272999953 ], [ 38.901444112000036, -3.04091938199997 ], [ 38.900730295000074, -3.040014453999959 ], [ 38.899925917000076, -3.039074963999951 ], [ 38.898877569000035, -3.038184089999959 ], [ 38.897691414000064, -3.037822586999937 ], [ 38.896480324000038, -3.037636737999946 ], [ 38.89535010700007, -3.037597424999944 ], [ 38.89404296400005, -3.037640678999935 ], [ 38.892972755000073, -3.037816756999973 ], [ 38.892005614000027, -3.038123067999948 ], [ 38.891257604000032, -3.038509490999957 ], [ 38.890313306000053, -3.03906094499996 ], [ 38.889564839000059, -3.039589314999944 ], [ 38.889000898000063, -3.040151690999949 ], [ 38.888395719000073, -3.041050436999967 ], [ 38.887329301000079, -3.041612825999948 ], [ 38.886207179000053, -3.042075833999945 ], [ 38.885556529000041, -3.04261414299998 ], [ 38.884840952000047, -3.043096951999928 ], [ 38.883929257000034, -3.04361841399998 ], [ 38.882881429000065, -3.044193269999937 ], [ 38.88070298100007, -3.045659780999927 ], [ 38.879154204000031, -3.046746249999956 ], [ 38.878099444000043, -3.047570346999976 ], [ 38.876725127000043, -3.04865123899998 ], [ 38.875762061000046, -3.049212171999955 ], [ 38.874577117000058, -3.049734038999929 ], [ 38.873788841000078, -3.050007864999941 ], [ 38.873047830000075, -3.050468157999944 ], [ 38.872073647000036, -3.051195848999953 ], [ 38.871021564000046, -3.051781271999971 ], [ 38.870351097000025, -3.052332600999932 ], [ 38.869492414000035, -3.052842927999961 ], [ 38.868476863000069, -3.053641037999967 ], [ 38.867474336000043, -3.054240954999955 ], [ 38.866648944000076, -3.054756905999966 ], [ 38.865814915000044, -3.055154121999976 ], [ 38.865062720000026, -3.05572340599997 ], [ 38.864284636000036, -3.056409907999978 ], [ 38.863427165000076, -3.056855749999954 ], [ 38.862516706000065, -3.057386412999961 ], [ 38.861489495000058, -3.057517582999935 ], [ 38.860640045000025, -3.057560837999972 ], [ 38.859866163000049, -3.057810161999953 ], [ 38.858925140000053, -3.058211488999973 ], [ 38.85806752700006, -3.05854897699993 ], [ 38.857179794000047, -3.058603194999932 ], [ 38.856119400000068, -3.059009458999981 ], [ 38.854934683000067, -3.059401989999969 ], [ 38.854073270000072, -3.059674418999975 ], [ 38.853175306000026, -3.060024257999942 ], [ 38.85232762000004, -3.060229342999946 ], [ 38.851263366000069, -3.060430163999968 ], [ 38.850093848000029, -3.060659053999927 ], [ 38.849249368000073, -3.060781083999927 ], [ 38.848392919000048, -3.06090742799995 ], [ 38.847412467000026, -3.060770819999959 ], [ 38.846432801000049, -3.059985768999979 ], [ 38.846078179000074, -3.05863652499994 ], [ 38.846018174000051, -3.057226277999973 ], [ 38.845732614000042, -3.056238761999964 ], [ 38.845297975000051, -3.055463871999962 ], [ 38.844553556000051, -3.054708350999931 ], [ 38.843827560000079, -3.054066233999947 ], [ 38.843110271000057, -3.053580040999975 ], [ 38.842169131000048, -3.053359992999958 ], [ 38.841121678000036, -3.053505605999931 ], [ 38.840014223000026, -3.05419466799998 ], [ 38.839046002000032, -3.055156411999974 ], [ 38.838388315000032, -3.05605129099996 ], [ 38.837612930000034, -3.057004388999928 ], [ 38.837134682000055, -3.057952803999967 ], [ 38.836504089000073, -3.058893520999959 ], [ 38.835730566000052, -3.059480737999934 ], [ 38.834975682000049, -3.059781317999978 ], [ 38.83414341200006, -3.05994553599993 ], [ 38.832323070000029, -3.060015672999953 ], [ 38.830462193000074, -3.060034756999926 ], [ 38.829541212000038, -3.059973725999953 ], [ 38.82835317200005, -3.060049547999938 ], [ 38.827223632000027, -3.060264952999944 ], [ 38.82629247400007, -3.060637418999931 ], [ 38.825245420000044, -3.061249654999926 ], [ 38.824388295000062, -3.062049291999926 ], [ 38.823743820000061, -3.062755587999959 ], [ 38.82322399800006, -3.063401595999949 ], [ 38.82249180000008, -3.064113711999937 ], [ 38.821825720000049, -3.064743012999941 ], [ 38.821116183000072, -3.065621316999966 ], [ 38.820358948000035, -3.066519417999928 ], [ 38.819406871000069, -3.067196236999962 ], [ 38.818318107000039, -3.067206633999945 ], [ 38.817142379000074, -3.067129548999958 ], [ 38.815490733000047, -3.06717515899993 ], [ 38.814351222000028, -3.067236631999947 ], [ 38.813219233000041, -3.067320067999958 ], [ 38.811948787000063, -3.067423646999941 ], [ 38.811014466000074, -3.067454124999927 ], [ 38.810121375000051, -3.067523471999948 ], [ 38.809236730000066, -3.067709046999937 ], [ 38.80837309900005, -3.068132161999927 ], [ 38.807480485000042, -3.068397355999934 ], [ 38.806603325000026, -3.068450101999929 ], [ 38.805539216000057, -3.068432983999969 ], [ 38.804468163000024, -3.068323914999951 ], [ 38.803596716000072, -3.068238375999954 ], [ 38.802830706000066, -3.068091169999946 ], [ 38.802026030000036, -3.067875286999936 ], [ 38.801162729000055, -3.067547145999924 ], [ 38.800293770000053, -3.067123187999925 ], [ 38.799549108000065, -3.06672709399993 ], [ 38.798922461000075, -3.066271966999977 ], [ 38.798629480000045, -3.065239476999977 ], [ 38.798275172000046, -3.064160410999932 ], [ 38.797966487000053, -3.06315331199994 ], [ 38.79790528500007, -3.061908794999965 ], [ 38.79803501400005, -3.060673795999946 ], [ 38.798357571000054, -3.059750036999958 ], [ 38.799237730000073, -3.058832038999981 ], [ 38.800154187000032, -3.058218455999963 ], [ 38.801138317000039, -3.057876653999926 ], [ 38.802115120000053, -3.057747193999944 ], [ 38.802884095000024, -3.057705240999951 ], [ 38.803780552000035, -3.057792651999932 ], [ 38.80474102200003, -3.058210650999968 ], [ 38.805826086000025, -3.059137838999959 ], [ 38.807066697000039, -3.059809740999981 ], [ 38.808169944000042, -3.059148003999951 ], [ 38.808784477000074, -3.058501078999939 ], [ 38.809299898000063, -3.057637565999926 ], [ 38.809694834000027, -3.056695220999927 ], [ 38.809879833000025, -3.05592053099997 ], [ 38.809946040000057, -3.055155095999964 ], [ 38.809895194000035, -3.054338016999964 ], [ 38.80959972900007, -3.053518734999955 ], [ 38.809056127000076, -3.052923419999956 ], [ 38.808243448000042, -3.052555109999957 ], [ 38.807164142000033, -3.052305287999957 ], [ 38.80587347200003, -3.052199071999951 ], [ 38.80477767800005, -3.052138837999962 ], [ 38.803800585000033, -3.052096684999981 ], [ 38.802706001000047, -3.052048381999953 ], [ 38.801549895000051, -3.051975810999977 ], [ 38.800572933000069, -3.051966153999956 ], [ 38.799619684000049, -3.05192352399996 ], [ 38.798796544000027, -3.051777655999956 ], [ 38.79774786400003, -3.051507537999953 ], [ 38.79674839900008, -3.051162553999973 ], [ 38.795955453000033, -3.050788008999973 ], [ 38.795122614000036, -3.050324733999958 ], [ 38.794232281000063, -3.049758198999939 ], [ 38.79347672800003, -3.049319432999937 ], [ 38.792765617000043, -3.049005484999952 ], [ 38.791827137000041, -3.04863906199995 ], [ 38.790639886000065, -3.048181008999961 ], [ 38.789842787000055, -3.047848529999953 ], [ 38.788869745000056, -3.047627809999938 ], [ 38.787826851000034, -3.047583574999976 ], [ 38.786960278000038, -3.047634293999977 ], [ 38.785940371000038, -3.047722587999942 ], [ 38.784576055000059, -3.047896388999959 ], [ 38.78325716900008, -3.048190291999958 ], [ 38.782032439000034, -3.048265620999928 ], [ 38.781132215000071, -3.048223818999929 ], [ 38.779830802000049, -3.048014685999931 ], [ 38.77873846500006, -3.047766567999929 ], [ 38.777774009000041, -3.04701238399997 ], [ 38.777194973000064, -3.045791021999946 ], [ 38.776336223000044, -3.044855134999978 ], [ 38.775540835000072, -3.044002182999975 ], [ 38.774395447000074, -3.04351722499996 ], [ 38.773095049000062, -3.043310294999969 ], [ 38.772025443000075, -3.043241719999969 ], [ 38.771136271000046, -3.043165858999942 ], [ 38.770213130000059, -3.043109953999931 ], [ 38.769146171000045, -3.043082 ], [ 38.768023816000039, -3.043237734999934 ], [ 38.767011977000038, -3.043485330999943 ], [ 38.766068465000046, -3.043789616999959 ], [ 38.765017508000028, -3.044169239999974 ], [ 38.764189086000044, -3.044501898999954 ], [ 38.763300263000076, -3.044854519999944 ], [ 38.762316848000069, -3.045201257999963 ], [ 38.761365463000061, -3.045487167999966 ], [ 38.76017857100004, -3.045987664999927 ], [ 38.75901140700006, -3.046496984999976 ], [ 38.758196831000078, -3.046712902999957 ], [ 38.757064061000051, -3.046672569999942 ], [ 38.755928667000035, -3.046461978999957 ], [ 38.75456269700004, -3.046219958999927 ], [ 38.75316812300008, -3.045964380999976 ], [ 38.75188064300005, -3.045670006999956 ], [ 38.750797528000078, -3.045376554999962 ], [ 38.749842640000054, -3.044943129999979 ], [ 38.748901054000044, -3.044508545999975 ], [ 38.747893583000064, -3.044156267999938 ], [ 38.746508984000059, -3.043787928999961 ], [ 38.745482454000069, -3.04352119999993 ], [ 38.744348510000066, -3.04325885399993 ], [ 38.742973453000047, -3.043056544999956 ], [ 38.74209539900005, -3.042971294999973 ], [ 38.74119255800008, -3.042898297999955 ], [ 38.740239768000038, -3.042808002999948 ], [ 38.739366952000069, -3.042754779999939 ], [ 38.738324957000032, -3.04275411499998 ], [ 38.737075033000053, -3.04270215899993 ], [ 38.735958075000042, -3.042524747999948 ], [ 38.734790804000056, -3.042382599999939 ], [ 38.733733499000039, -3.04227904399994 ], [ 38.732509259000039, -3.041990312999928 ], [ 38.731459941000026, -3.041443563999962 ], [ 38.730644494000046, -3.040824200999964 ], [ 38.729898448000029, -3.040244589999929 ], [ 38.72913231900003, -3.039672310999947 ], [ 38.728050868000025, -3.03890920799995 ], [ 38.726831664000031, -3.03821742599996 ], [ 38.725791920000063, -3.037685875999955 ], [ 38.72496467700006, -3.037281077999978 ], [ 38.724078494000025, -3.036885435999977 ], [ 38.723327635000032, -3.036602972999958 ], [ 38.722397175000026, -3.036360656999932 ], [ 38.721180797000045, -3.036210169999947 ], [ 38.720155411000064, -3.036099756999931 ], [ 38.719150321000029, -3.035961843999928 ], [ 38.718093082000053, -3.035501902999954 ], [ 38.716772718000072, -3.034822326999972 ], [ 38.715741158000071, -3.03433313599993 ], [ 38.71448325800003, -3.03385523299994 ], [ 38.713370872000041, -3.033510009999929 ], [ 38.712327648000041, -3.033197821999977 ], [ 38.711460440000053, -3.032947225999976 ], [ 38.71065489700004, -3.032772338999962 ], [ 38.70956542700003, -3.032463005999944 ], [ 38.708501397000077, -3.031807737999941 ], [ 38.707758799000032, -3.031555916999935 ], [ 38.706746535000036, -3.031484920999958 ], [ 38.705547633000037, -3.031607059999942 ], [ 38.704754831000059, -3.031763229999967 ], [ 38.703978852000034, -3.032021291999968 ], [ 38.703116540000053, -3.032408821999979 ], [ 38.702144391000047, -3.03295 ], [ 38.701204936000067, -3.03340499799998 ], [ 38.700298585000041, -3.033510362999948 ], [ 38.699535691000051, -3.033628021999959 ], [ 38.698630067000067, -3.033912043999976 ], [ 38.697735262000037, -3.034213146999946 ], [ 38.69637106700003, -3.034807339999929 ], [ 38.694644483000047, -3.035520247999955 ], [ 38.691545476000044, -3.035721187999968 ], [ 38.688676813000029, -3.035796589999961 ], [ 38.687196033000077, -3.035703646999934 ], [ 38.685861506000037, -3.035458061999975 ], [ 38.684498377000068, -3.035001578999925 ], [ 38.683299384000065, -3.03492393199997 ], [ 38.68207884800006, -3.034988845999976 ], [ 38.680977618000043, -3.035145781999972 ], [ 38.679800730000068, -3.035355953999954 ], [ 38.678699954000081, -3.03554989099996 ], [ 38.677962938000064, -3.035794688999943 ], [ 38.677195666000046, -3.03604381699995 ], [ 38.676285119000056, -3.036284103999947 ], [ 38.67534448300006, -3.036512402999961 ], [ 38.67433008200004, -3.036728076999964 ], [ 38.673034399000073, -3.036950278999939 ], [ 38.671759873000042, -3.037104301999932 ], [ 38.670332902000041, -3.037299339999947 ], [ 38.669040675000076, -3.037616542999956 ], [ 38.668126422000057, -3.037832224999931 ], [ 38.66732597500004, -3.038108547999968 ], [ 38.666455886000051, -3.038743465999971 ], [ 38.665478328000063, -3.039317030999939 ], [ 38.664728683000078, -3.038961559999962 ], [ 38.664106157000049, -3.038138871999934 ], [ 38.663450234000038, -3.03699506199996 ], [ 38.662969802000077, -3.035933033999925 ], [ 38.662615349000077, -3.034887280999953 ], [ 38.662409696000054, -3.033821648999947 ], [ 38.662301874000036, -3.032758389999969 ], [ 38.662126144000069, -3.031780872999946 ], [ 38.661910624000029, -3.030528853999954 ], [ 38.66146755300008, -3.029467924999949 ], [ 38.660990868000056, -3.028619165999942 ], [ 38.660328231000051, -3.027853299999947 ], [ 38.659461395000051, -3.027299769999956 ], [ 38.658052090000069, -3.026917973999957 ], [ 38.657056182000076, -3.026549367999962 ], [ 38.656241109000064, -3.02623975399996 ], [ 38.655433651000067, -3.025925320999932 ], [ 38.654617316000042, -3.025557057999947 ], [ 38.653889517000039, -3.025111716999959 ], [ 38.653243376000034, -3.024480624999967 ], [ 38.652570403000027, -3.023417250999955 ], [ 38.651870246000044, -3.022019833999934 ], [ 38.651348104000078, -3.020904955999924 ], [ 38.650739515000055, -3.019998761999943 ], [ 38.649728081000035, -3.019171898999957 ], [ 38.648744101000034, -3.018447708999929 ], [ 38.647829687000069, -3.017559696999967 ], [ 38.646861707000028, -3.016644485999961 ], [ 38.645738851000033, -3.015440326999965 ], [ 38.645227434000049, -3.01470637999995 ], [ 38.644681723000076, -3.014092554999934 ], [ 38.64398194100005, -3.013474220999967 ], [ 38.643118952000066, -3.012911453999948 ], [ 38.641998289000071, -3.012384984999926 ], [ 38.640859082000077, -3.012133491999975 ], [ 38.63974762600003, -3.011849810999934 ], [ 38.638568242000076, -3.011466966999933 ], [ 38.637513346000048, -3.011173 ], [ 38.636415145000058, -3.010935353999969 ], [ 38.635485759000062, -3.010816417999933 ], [ 38.634622798000066, -3.010932665999974 ], [ 38.633674948000078, -3.011238630999969 ], [ 38.632717133000028, -3.011495595999975 ], [ 38.631737390000069, -3.011663861999978 ], [ 38.630952832000048, -3.011831447999953 ], [ 38.63009198900005, -3.011918116999937 ], [ 38.62908537800007, -3.011871062999944 ], [ 38.628034116000038, -3.011635413999954 ], [ 38.626986759000033, -3.010988140999928 ], [ 38.626058246000071, -3.010289780999926 ], [ 38.625151433000042, -3.009950018999973 ], [ 38.624324323000053, -3.009818979999977 ], [ 38.623503045000064, -3.009780361999958 ], [ 38.622609771000043, -3.009804029999941 ], [ 38.621482036000032, -3.009851840999943 ], [ 38.620318894000036, -3.009924325999975 ], [ 38.619493479000027, -3.009937408999974 ], [ 38.618406691000075, -3.009929783999951 ], [ 38.61723685100003, -3.009787011999947 ], [ 38.616434095000045, -3.009446355999955 ], [ 38.615672430000075, -3.008964173999971 ], [ 38.614972752000028, -3.008425627999941 ], [ 38.614329022000049, -3.007889071999955 ], [ 38.613515274000065, -3.007220290999953 ], [ 38.612313859000039, -3.006860986999925 ], [ 38.611392976000047, -3.007024803999968 ], [ 38.61039910900007, -3.007282717999942 ], [ 38.609423625000034, -3.007042989999945 ], [ 38.608421713000041, -3.006514716999959 ], [ 38.607433445000026, -3.005509512999936 ], [ 38.60661930200007, -3.004772750999962 ], [ 38.606144353000047, -3.004026369999963 ], [ 38.606198391000078, -3.002911049999966 ], [ 38.606665206000059, -3.001880623999966 ], [ 38.607077916000037, -3.001076259999934 ], [ 38.60750484600004, -3.000232849999975 ], [ 38.60798072700004, -2.999285328999974 ], [ 38.608544033000044, -2.998235158999933 ], [ 38.608967453000048, -2.997315020999963 ], [ 38.609178531000055, -2.996502155999963 ], [ 38.609072434000041, -2.995542846999967 ], [ 38.608335646000057, -2.994704220999949 ], [ 38.607087160000049, -2.994627888999958 ], [ 38.606305018000057, -2.995055104999949 ], [ 38.605617513000027, -2.995670307999944 ], [ 38.604770983000037, -2.996463877999929 ], [ 38.603845506000027, -2.997327145999975 ], [ 38.602958670000078, -2.998111600999948 ], [ 38.602101428000026, -2.998557949999963 ], [ 38.601040368000042, -2.998710833999951 ], [ 38.59991933200007, -2.998745941999971 ], [ 38.598905568000077, -2.998794439999926 ], [ 38.598052328000051, -2.998888965999924 ], [ 38.597249666000039, -2.999013613999978 ], [ 38.596276415000034, -2.999155585999972 ], [ 38.595403667000028, -2.99923027799997 ], [ 38.594611652000026, -2.999172131999956 ], [ 38.593743007000057, -2.998936162999939 ], [ 38.593065258000024, -2.998569374999931 ], [ 38.592494633000058, -2.998037866999937 ], [ 38.591861706000032, -2.997192717999951 ], [ 38.591205596000066, -2.996230338999965 ], [ 38.590585385000054, -2.995346409999968 ], [ 38.589817044000029, -2.994513535999943 ], [ 38.588958740000066, -2.993792199999973 ], [ 38.588055136000037, -2.99275929099997 ], [ 38.587368010000034, -2.991853711999966 ], [ 38.586839667000049, -2.990921250999975 ], [ 38.586410514000079, -2.990005008999958 ], [ 38.585961743000041, -2.989131167999972 ], [ 38.585334148000072, -2.988333048999948 ], [ 38.584445949000042, -2.987681213999963 ], [ 38.583475743000065, -2.987327009999944 ], [ 38.582425435000061, -2.987110908999966 ], [ 38.581274988000075, -2.986922295999932 ], [ 38.580497110000067, -2.986825849999946 ], [ 38.579565674000037, -2.98678466299998 ], [ 38.578702286000066, -2.986738593999974 ], [ 38.577858555000034, -2.986794286999952 ], [ 38.576981291000038, -2.98703725699994 ], [ 38.575824139000076, -2.987343574999954 ], [ 38.574652205000064, -2.987328131999959 ], [ 38.573881153000059, -2.987088524999933 ], [ 38.572730370000045, -2.986860915999955 ], [ 38.571695323000029, -2.98666346899995 ], [ 38.57091332400006, -2.986542489999977 ], [ 38.569673548000026, -2.986490205999928 ], [ 38.568629739000073, -2.986496444999943 ], [ 38.567688305000047, -2.986627236999936 ], [ 38.566823955000075, -2.986795485999949 ], [ 38.565950878000081, -2.986914117999959 ], [ 38.564990677000026, -2.986960160999956 ], [ 38.564117439000029, -2.986917726999934 ], [ 38.563195705000055, -2.986785225999938 ], [ 38.562211028000036, -2.986603011999932 ], [ 38.561203720000037, -2.986380248999978 ], [ 38.560321785000042, -2.986188947999949 ], [ 38.559557598000026, -2.986050908999971 ], [ 38.55879273000005, -2.985818552999945 ], [ 38.55792862100003, -2.985405731999947 ], [ 38.556896608000045, -2.984901839999964 ], [ 38.555638170000066, -2.984478210999953 ], [ 38.55474853700008, -2.983990454999969 ], [ 38.553896603000055, -2.983415280999964 ], [ 38.553099656000029, -2.982755429999941 ], [ 38.552351012000031, -2.982116154999972 ], [ 38.551660532000028, -2.981498699999975 ], [ 38.550997722000034, -2.980922447999944 ], [ 38.550300803000027, -2.98051252199997 ], [ 38.549562465000065, -2.980303943999957 ], [ 38.548798256000055, -2.980200932999935 ], [ 38.547869156000047, -2.980090406999977 ], [ 38.546985629000062, -2.979841681999972 ], [ 38.546097338000038, -2.979773058999967 ], [ 38.544890323000061, -2.979803654999955 ], [ 38.543854715000066, -2.979600368999968 ], [ 38.54306444100007, -2.979001134999976 ], [ 38.542416168000045, -2.97811066099996 ], [ 38.54195468100005, -2.977429772999926 ], [ 38.541428887000052, -2.97668628699995 ], [ 38.540857281000058, -2.975832817999958 ], [ 38.540280516000053, -2.975080220999928 ], [ 38.53961531300007, -2.974302602999956 ], [ 38.538874098000065, -2.973776319999956 ], [ 38.538047790000064, -2.973508351999953 ], [ 38.537141166000026, -2.973467766999931 ], [ 38.536117002000026, -2.973571711999966 ], [ 38.535109684000076, -2.973949033999929 ], [ 38.533919341000058, -2.974585279999928 ], [ 38.532903660000045, -2.975159743999939 ], [ 38.531809329000055, -2.975675747999958 ], [ 38.530698133000044, -2.97592844299993 ], [ 38.529606328000057, -2.975835826999969 ], [ 38.52842584800004, -2.97535894799995 ], [ 38.527459349000026, -2.974727184999949 ], [ 38.52635123500005, -2.974144968999951 ], [ 38.525146479000057, -2.973995048999939 ], [ 38.524021154000025, -2.974216056999978 ], [ 38.52256807200007, -2.974597982999967 ], [ 38.521501532000059, -2.974682765999944 ], [ 38.520693212000026, -2.974722094999947 ], [ 38.519542932000036, -2.974786628999937 ], [ 38.51848220800008, -2.974590777999936 ], [ 38.517459870000039, -2.974343378999947 ], [ 38.516601562000062, -2.973893403999966 ], [ 38.51592254600007, -2.973409175999961 ], [ 38.515243530000077, -2.97275829299997 ], [ 38.514560699000072, -2.971902687999943 ], [ 38.513980866000054, -2.97079606899996 ], [ 38.513543447000075, -2.969737211999927 ], [ 38.513195038000049, -2.968756913999925 ], [ 38.512769699000046, -2.968059539999956 ], [ 38.512176514000032, -2.96729755399997 ], [ 38.511659622000025, -2.966703533999976 ], [ 38.51111602800006, -2.96616125099996 ], [ 38.510519664000071, -2.965602476999948 ], [ 38.509502411000028, -2.964934348999975 ], [ 38.508175532000052, -2.964549660999978 ], [ 38.507215500000029, -2.964753627999926 ], [ 38.506483714000069, -2.965257246999954 ], [ 38.505648613000062, -2.96592527599995 ], [ 38.504781087000026, -2.965694744999951 ], [ 38.504261017000033, -2.964999039999952 ], [ 38.503563309000072, -2.963800787999958 ], [ 38.502905528000042, -2.962800740999967 ], [ 38.502342224000074, -2.962042569999937 ], [ 38.501876831000061, -2.96141401899996 ], [ 38.501127243000042, -2.960304955999959 ], [ 38.500371552000047, -2.959482812999966 ], [ 38.499912739000024, -2.958520709999959 ], [ 38.499360657000068, -2.95757479699995 ], [ 38.498807907000071, -2.956695556999932 ], [ 38.497932010000056, -2.955742597999972 ], [ 38.496695709000051, -2.955535888999975 ], [ 38.49572263400006, -2.955894197999953 ], [ 38.494432926000059, -2.956232308999972 ], [ 38.493255615000066, -2.956179856999938 ], [ 38.492247963000068, -2.955646526999942 ], [ 38.49166815600006, -2.954653092999934 ], [ 38.49168443700006, -2.953669368999954 ], [ 38.492323939000073, -2.952799073999927 ], [ 38.492996216000051, -2.952012061999937 ], [ 38.493412018000072, -2.951181820999977 ], [ 38.493342590000054, -2.950048994999975 ], [ 38.492815653000036, -2.948836485999948 ], [ 38.492210960000079, -2.948099386999957 ], [ 38.491525014000047, -2.947554111999978 ], [ 38.491210937000062, -2.946844985999974 ], [ 38.489883423000038, -2.945445537999944 ], [ 38.488982201000056, -2.944581955999979 ], [ 38.488260142000058, -2.94340879899994 ], [ 38.488213348000045, -2.942404984999939 ], [ 38.488429070000052, -2.94160097799994 ], [ 38.488484955000047, -2.940795278999929 ], [ 38.488488769000071, -2.939978122999946 ], [ 38.488332748000062, -2.93883365399995 ], [ 38.488110134000067, -2.93767179799994 ], [ 38.487613106000026, -2.936692201999961 ], [ 38.486530304000041, -2.93584126199994 ], [ 38.485656738000046, -2.935735702999978 ], [ 38.484794617000034, -2.935953187999928 ], [ 38.483966065000061, -2.936201095999934 ], [ 38.482883453000056, -2.936388219999969 ], [ 38.481866201000059, -2.936607995999964 ], [ 38.480906804000028, -2.936822374999963 ], [ 38.479868889000045, -2.936950861999946 ], [ 38.478863716000035, -2.937062143999981 ], [ 38.477420807000044, -2.937077760999955 ], [ 38.476459503000058, -2.936853026999927 ], [ 38.475830555000073, -2.936083793999956 ], [ 38.475531260000025, -2.93523939399995 ], [ 38.475260053000056, -2.934474331999979 ], [ 38.475047429000028, -2.933712839999941 ], [ 38.474894206000045, -2.932652287999929 ], [ 38.474844615000052, -2.931201004999934 ], [ 38.474804469000048, -2.930027893999977 ], [ 38.474736786000051, -2.929101848999949 ], [ 38.474667231000069, -2.928222099999971 ], [ 38.474464416000046, -2.927026543999943 ], [ 38.474232992000054, -2.926170309999975 ], [ 38.473641396000062, -2.925050734999957 ], [ 38.473218536000047, -2.924289989999977 ], [ 38.472681999000031, -2.923059045999935 ], [ 38.472251892000031, -2.922178208999981 ], [ 38.471752485000025, -2.921315013999958 ], [ 38.471318817000054, -2.920211648999953 ], [ 38.470942497000067, -2.919517933999941 ], [ 38.470598602000052, -2.918810557999961 ], [ 38.469692993000081, -2.917319917999976 ], [ 38.469252268000048, -2.916451811999934 ], [ 38.468774796000048, -2.91529350299993 ], [ 38.468386587000055, -2.914193176999959 ], [ 38.468019213000048, -2.913049629999932 ], [ 38.467604637000079, -2.912026047999973 ], [ 38.467368603000068, -2.911160379999956 ], [ 38.466851711000061, -2.910051732999932 ], [ 38.466294765000043, -2.90879827699996 ], [ 38.465386073000047, -2.907694935999928 ], [ 38.464446259000056, -2.906822967999972 ], [ 38.46351861900007, -2.906175076999943 ], [ 38.462554932000046, -2.905343472999959 ], [ 38.461847033000026, -2.904498542999931 ], [ 38.46118621800008, -2.903314780999949 ], [ 38.460849762000066, -2.902494334999972 ], [ 38.460789998000052, -2.901414215999978 ], [ 38.46099308600003, -2.900142294999966 ], [ 38.461283111000057, -2.89925451299996 ], [ 38.461457253000049, -2.898500620999926 ], [ 38.461479187000066, -2.897561004999943 ], [ 38.461209107000059, -2.896727990999977 ], [ 38.460485458000051, -2.896039405999943 ], [ 38.459476471000073, -2.895342468999957 ], [ 38.458277861000056, -2.894938220999961 ], [ 38.457124710000073, -2.894812285999933 ], [ 38.456298828000058, -2.894707798999946 ], [ 38.455270767000059, -2.894648253999947 ], [ 38.453975677000074, -2.89457452299996 ], [ 38.452993393000042, -2.894524454999953 ], [ 38.452165604000072, -2.894360660999951 ], [ 38.451288223000063, -2.894035418999977 ], [ 38.450662401000045, -2.893129904999967 ], [ 38.450609843000052, -2.89206170999995 ], [ 38.450696564000054, -2.891263150999976 ], [ 38.450983865000069, -2.890309299999956 ], [ 38.451244736000035, -2.888769328999956 ], [ 38.452069855000047, -2.88765654599996 ], [ 38.453104019000079, -2.886699219999969 ], [ 38.453821564000066, -2.885937547999958 ], [ 38.45439624800008, -2.885128576999932 ], [ 38.455002308000076, -2.884026526999946 ], [ 38.455083847000026, -2.883081197999957 ], [ 38.454815547000067, -2.882148066999946 ], [ 38.454304695000076, -2.881163238999932 ], [ 38.453719330000069, -2.88032979999997 ], [ 38.452732722000064, -2.879488745999936 ], [ 38.451486799000065, -2.878962648999959 ], [ 38.45032446700003, -2.878874437999968 ], [ 38.449172592000025, -2.879112362999933 ], [ 38.447854932000041, -2.879424289999974 ], [ 38.446728388000054, -2.879756807999968 ], [ 38.445926666000048, -2.879937171999927 ], [ 38.445068359000061, -2.879976331999956 ], [ 38.443994045000068, -2.879585056999929 ], [ 38.44337310800006, -2.878852652999967 ], [ 38.443080902000077, -2.878127455999959 ], [ 38.443028768000033, -2.877137501999925 ], [ 38.44349670400004, -2.875925421999966 ], [ 38.444156647000057, -2.874994217999927 ], [ 38.444719315000043, -2.874265729999934 ], [ 38.445247650000056, -2.873214959999927 ], [ 38.445518494000055, -2.872389673999976 ], [ 38.44569778400006, -2.871586441999966 ], [ 38.44586257900005, -2.87071905099998 ], [ 38.445892334000064, -2.869759737999971 ], [ 38.445770264000032, -2.868915605999973 ], [ 38.445187887000031, -2.868163744999947 ], [ 38.444555664000063, -2.86746835699995 ], [ 38.443588003000059, -2.867009043999929 ], [ 38.442548116000069, -2.866761127999951 ], [ 38.441808065000032, -2.866521119999959 ], [ 38.441010285000061, -2.866123389999927 ], [ 38.439872742000034, -2.865477938999959 ], [ 38.438827991000039, -2.864671051999949 ], [ 38.438282967000077, -2.86394977599997 ], [ 38.437889644000052, -2.862997327999949 ], [ 38.437873840000066, -2.861934279999957 ], [ 38.438110987000073, -2.86112658199994 ], [ 38.438575200000059, -2.86021293899995 ], [ 38.439192963000039, -2.859081720999939 ], [ 38.439586639000026, -2.857921321999925 ], [ 38.439338139000029, -2.857103074999941 ], [ 38.438770930000032, -2.856269597999926 ], [ 38.437765121000041, -2.855571786999974 ], [ 38.436607361000029, -2.855415939999943 ], [ 38.43569374100008, -2.855527221999978 ], [ 38.434823036000068, -2.855670988999975 ], [ 38.433715820000032, -2.85558565499997 ], [ 38.432131631000061, -2.855086530999927 ], [ 38.431234741000026, -2.854406260999951 ], [ 38.430358378000051, -2.853354262999972 ], [ 38.428998470000067, -2.851669787999981 ], [ 38.427906990000054, -2.849547176999977 ], [ 38.42795054100003, -2.848274826999955 ], [ 38.428441184000064, -2.847287756999947 ], [ 38.429089864000048, -2.846557100999973 ], [ 38.429441834000045, -2.845783710999967 ], [ 38.429976940000074, -2.844933449999928 ], [ 38.431066786000031, -2.842919281999968 ], [ 38.431365172000028, -2.841361914999936 ], [ 38.431183951000037, -2.838816335999979 ], [ 38.430890083000065, -2.837750821999975 ], [ 38.430768694000051, -2.836767264999935 ], [ 38.430339813000046, -2.835530817999938 ], [ 38.429855347000057, -2.834603388999938 ], [ 38.429337025000052, -2.833629637999934 ], [ 38.428955078000058, -2.83290505399998 ], [ 38.428492410000047, -2.832213162999949 ], [ 38.428014278000035, -2.831029464999972 ], [ 38.427627563000044, -2.829921960999968 ], [ 38.427183469000056, -2.828839579999965 ], [ 38.426728948000061, -2.827432846999955 ], [ 38.42673301700006, -2.826036214999931 ], [ 38.42681312600007, -2.824886877999973 ], [ 38.426988602000051, -2.823910593999926 ], [ 38.427133833000028, -2.822982310999976 ], [ 38.427094174000047, -2.821615808999979 ], [ 38.426846822000073, -2.820489922999968 ], [ 38.426671709000061, -2.819394519999946 ], [ 38.426371002000053, -2.818578099999968 ], [ 38.426000595000062, -2.817760864999968 ], [ 38.42537784600006, -2.817009925999969 ], [ 38.424693298000079, -2.816626882999969 ], [ 38.423891703000038, -2.816363810999974 ], [ 38.423065186000031, -2.816094278999969 ], [ 38.421947098000032, -2.815739821999955 ], [ 38.420579910000072, -2.815238087999944 ], [ 38.41956405600007, -2.814554929999929 ], [ 38.418972969000038, -2.813925206999954 ], [ 38.418446132000042, -2.813060896999957 ], [ 38.418184280000048, -2.812183498999957 ], [ 38.418210166000051, -2.811409472999969 ], [ 38.418762970000046, -2.81014715799995 ], [ 38.419602585000064, -2.80893746199996 ], [ 38.420352936000029, -2.807804862999944 ], [ 38.420922597000072, -2.807026981999968 ], [ 38.421433449000062, -2.80611023299997 ], [ 38.421885490000079, -2.805288135999945 ], [ 38.422134399000072, -2.804404288999933 ], [ 38.422207642000046, -2.803366660999927 ], [ 38.422118187000081, -2.802259861999971 ], [ 38.421975136000071, -2.801121979999948 ], [ 38.421948433000068, -2.799999772999968 ], [ 38.422142029000042, -2.799005889999933 ], [ 38.422436305000076, -2.797915492999948 ], [ 38.422861099000045, -2.796482085999969 ], [ 38.423286438000048, -2.795601546999933 ], [ 38.424143473000072, -2.794651547999933 ], [ 38.425096512000039, -2.793912529999943 ], [ 38.42605829200005, -2.793459414999973 ], [ 38.427143097000055, -2.793078565999963 ], [ 38.428102112000033, -2.792878388999952 ], [ 38.429148865000059, -2.792571210999938 ], [ 38.430243356000062, -2.792101859999946 ], [ 38.431256612000027, -2.791529654999977 ], [ 38.431753976000039, -2.790877648999981 ], [ 38.432153130000074, -2.789904856999954 ], [ 38.432260241000051, -2.788632732999929 ], [ 38.432108561000064, -2.787604172999977 ], [ 38.431821442000057, -2.786817407999933 ], [ 38.43145116200003, -2.785968859999969 ], [ 38.430996895000078, -2.785301684999979 ], [ 38.430534999000031, -2.784581740999954 ], [ 38.429930369000033, -2.783587147999981 ], [ 38.42916488700007, -2.78244310599996 ], [ 38.428371429000038, -2.781321644999935 ], [ 38.427764892000027, -2.780222224999932 ], [ 38.427489689000026, -2.779420409999943 ], [ 38.426929855000026, -2.778310012999953 ], [ 38.42656097400004, -2.777276944999926 ], [ 38.426377092000052, -2.776162879999958 ], [ 38.426218033000055, -2.775040804999946 ], [ 38.426045736000049, -2.774192451999966 ], [ 38.425957998000058, -2.773349205999978 ], [ 38.425816854000061, -2.772348403999956 ], [ 38.425358772000038, -2.771055387999979 ], [ 38.424642563000077, -2.769631901999958 ], [ 38.424036980000039, -2.768629550999947 ], [ 38.423486074000039, -2.767591555999957 ], [ 38.423086802000057, -2.766770680999969 ], [ 38.422652435000032, -2.766003846999979 ], [ 38.422320557000035, -2.76515240699996 ], [ 38.421911621000049, -2.764241408999965 ], [ 38.421684265000067, -2.763449089999938 ], [ 38.421430588000078, -2.762590527999976 ], [ 38.421202405000031, -2.761496503999979 ], [ 38.420765686000038, -2.760435151999957 ], [ 38.420397186000059, -2.759664487999942 ], [ 38.419898733000025, -2.758678308999947 ], [ 38.419229507000068, -2.757471531999954 ], [ 38.418401337000034, -2.756491755999946 ], [ 38.417599996000035, -2.75556778899994 ], [ 38.416851044000055, -2.754648367999948 ], [ 38.416044871000054, -2.753609259999962 ], [ 38.415290833000029, -2.752639452999972 ], [ 38.41463851900005, -2.75168442699993 ], [ 38.414078522000068, -2.750762891999955 ], [ 38.413628578000043, -2.750014423999971 ], [ 38.413426399000059, -2.749104737999971 ], [ 38.412979889000042, -2.748252295999976 ], [ 38.412740707000069, -2.747480391999943 ], [ 38.412556934000065, -2.746236705999934 ], [ 38.412398815000074, -2.744886606999955 ], [ 38.412080765000042, -2.743229627999938 ], [ 38.411616007000077, -2.741807539999968 ], [ 38.411206246000063, -2.740700900999968 ], [ 38.410953522000057, -2.73961329499997 ], [ 38.410710653000081, -2.738550741999973 ], [ 38.410343170000033, -2.737546920999932 ], [ 38.409880829000031, -2.736201810999944 ], [ 38.40965557100003, -2.735222875999966 ], [ 38.409281254000064, -2.734348773999955 ], [ 38.408428192000031, -2.733330010999964 ], [ 38.407459259000063, -2.732403659999932 ], [ 38.406649017000063, -2.731440448999933 ], [ 38.406103770000072, -2.730630317999953 ], [ 38.40568733200007, -2.72985684899993 ], [ 38.405309677000048, -2.729053139999962 ], [ 38.404368718000057, -2.727112292999948 ], [ 38.404023965000079, -2.726012269999956 ], [ 38.403589249000049, -2.724996089999934 ], [ 38.40232162500007, -2.722341775999951 ], [ 38.401741346000051, -2.72119945299994 ], [ 38.40124638900005, -2.719942834999927 ], [ 38.400829315000067, -2.718838214999948 ], [ 38.400401306000049, -2.717800759999932 ], [ 38.40014521300003, -2.716883976999952 ], [ 38.399981363000052, -2.715876340999955 ], [ 38.399617004000049, -2.715076732999933 ], [ 38.399308141000063, -2.713939300999925 ], [ 38.398880768000026, -2.712939548999941 ], [ 38.398383549000073, -2.71209835999997 ], [ 38.398070653000048, -2.71117591899997 ], [ 38.397487958000056, -2.709921478999945 ], [ 38.397195053000075, -2.708654586999955 ], [ 38.396936035000067, -2.707716035999965 ], [ 38.396791077000046, -2.706856154999969 ], [ 38.396471500000075, -2.705839931999947 ], [ 38.395779610000034, -2.704735695999943 ], [ 38.395134517000031, -2.703530396999952 ], [ 38.394016266000051, -2.701543767999965 ], [ 38.393251101000033, -2.700412829999948 ], [ 38.392623901000036, -2.699398803999941 ], [ 38.392169953000064, -2.698422868999955 ], [ 38.391762416000063, -2.697239239999931 ], [ 38.391472626000052, -2.695930730999976 ], [ 38.391191755000079, -2.694655758999943 ], [ 38.390482744000053, -2.693587670999932 ], [ 38.390044212000078, -2.692504763999978 ], [ 38.389582952000069, -2.691510299999948 ], [ 38.389086587000065, -2.690214905999937 ], [ 38.389179866000063, -2.68913698199998 ], [ 38.389252472000067, -2.68813443199997 ], [ 38.389188131000026, -2.686917821999941 ], [ 38.388794708000034, -2.685931443999948 ], [ 38.388323975000048, -2.685017680999977 ], [ 38.388022900000067, -2.684122681999952 ], [ 38.387611813000035, -2.683084328999939 ], [ 38.387208939000061, -2.682045181999968 ], [ 38.386856842000043, -2.681105088999971 ], [ 38.386456649000024, -2.680145412999934 ], [ 38.386170959000026, -2.678964900999972 ], [ 38.385955810000041, -2.677955729999951 ], [ 38.385556115000043, -2.67679288599993 ], [ 38.384812164000039, -2.675742673999935 ], [ 38.384338379000042, -2.674896557999944 ], [ 38.383791924000036, -2.673735147999935 ], [ 38.383352280000054, -2.672701119999942 ], [ 38.382915497000056, -2.67198581699995 ], [ 38.382455826000069, -2.67126929799997 ], [ 38.38201046000006, -2.670527696999955 ], [ 38.381568909000066, -2.669714450999948 ], [ 38.381548882000061, -2.668586521999941 ], [ 38.38183484800004, -2.667285101999937 ], [ 38.382191467000041, -2.665922259999945 ], [ 38.382357279000075, -2.66496340499998 ], [ 38.382406235000076, -2.664082049999934 ], [ 38.382185618000051, -2.663236021999978 ], [ 38.381648064000046, -2.66226306599998 ], [ 38.380923462000055, -2.661472463999928 ], [ 38.380296071000032, -2.660960355999975 ], [ 38.379554558000052, -2.660275053999953 ], [ 38.378921509000065, -2.659561633999942 ], [ 38.378224691000071, -2.659053404999952 ], [ 38.377030373000025, -2.658474534999925 ], [ 38.376067162000027, -2.658003985999926 ], [ 38.375325203000045, -2.65761935699993 ], [ 38.374699116000045, -2.656924843999946 ], [ 38.374088923000045, -2.655789732999949 ], [ 38.373255412000049, -2.655215421999969 ], [ 38.372162819000039, -2.654665386999966 ], [ 38.371193886000071, -2.653598546999945 ], [ 38.370490074000031, -2.652976452999951 ], [ 38.369621754000036, -2.652325927999925 ], [ 38.368732452000074, -2.651624559999959 ], [ 38.368196106000028, -2.651017236999962 ], [ 38.367261887000041, -2.650348901999962 ], [ 38.366813660000048, -2.649537026999951 ], [ 38.366631508000069, -2.648693561999949 ], [ 38.366573334000066, -2.647906445999979 ], [ 38.366649628000062, -2.646685361999971 ], [ 38.36700391800008, -2.64535680399996 ], [ 38.367707316000065, -2.643791921999934 ], [ 38.367852783000046, -2.642652081999927 ], [ 38.36754099500007, -2.641894300999979 ], [ 38.366868337000028, -2.641254146999927 ], [ 38.366196950000074, -2.64075851399997 ], [ 38.365378698000029, -2.640286405999973 ], [ 38.364509583000029, -2.639911412999936 ], [ 38.363669586000071, -2.639413880999939 ], [ 38.363105774000076, -2.638731280999934 ], [ 38.362623692000057, -2.638011484999936 ], [ 38.362202454000055, -2.637104606999969 ], [ 38.361931801000026, -2.636306464999961 ], [ 38.361993154000061, -2.63518126799994 ], [ 38.36213913000006, -2.634022426999934 ], [ 38.36222267200003, -2.632959663999941 ], [ 38.362296295000078, -2.632002400999966 ], [ 38.362166882000054, -2.63082688999998 ], [ 38.361727715000029, -2.629724323999937 ], [ 38.361486435000074, -2.628905176999979 ], [ 38.361143112000036, -2.628012716999933 ], [ 38.36062774700008, -2.626947704999964 ], [ 38.360224247000076, -2.625666140999954 ], [ 38.359805107000057, -2.624631702999977 ], [ 38.359408061000067, -2.62386480999993 ], [ 38.359062195000035, -2.623071240999934 ], [ 38.358723958000041, -2.622239112999978 ], [ 38.358285268000031, -2.621312776999957 ], [ 38.357986450000055, -2.620396341999935 ], [ 38.357782364000059, -2.61956715599996 ], [ 38.357597351000038, -2.618696069999942 ], [ 38.356475194000041, -2.615773279999928 ], [ 38.356042862000038, -2.614807664999944 ], [ 38.35565805400006, -2.613784074999955 ], [ 38.355162484000061, -2.612475496999934 ], [ 38.35471649200008, -2.611566924999977 ], [ 38.354357038000046, -2.61071450399993 ], [ 38.354134560000034, -2.609830140999975 ], [ 38.353939056000058, -2.608969449999961 ], [ 38.353540103000057, -2.607843875999947 ], [ 38.353260040000066, -2.606467532999943 ], [ 38.35289818900003, -2.605227265999929 ], [ 38.352291107000042, -2.604269563999935 ], [ 38.35149612400005, -2.603236484999968 ], [ 38.350976308000043, -2.602496504999976 ], [ 38.350362142000051, -2.601376493999965 ], [ 38.349834442000031, -2.600428401999977 ], [ 38.349367777000055, -2.59968852999998 ], [ 38.349101257000029, -2.598957251999934 ], [ 38.348904201000039, -2.597957338999947 ], [ 38.348686763000046, -2.596838507999962 ], [ 38.348531451000042, -2.595651115999942 ], [ 38.348299027000053, -2.59463739399996 ], [ 38.348208745000079, -2.593834797999932 ], [ 38.347938156000055, -2.592587279999975 ], [ 38.347774506000064, -2.591562032999946 ], [ 38.347599029000037, -2.590645721999977 ], [ 38.34739255900007, -2.589420794999967 ], [ 38.346871948000057, -2.588478469999927 ], [ 38.346021016000066, -2.588155229999927 ], [ 38.344973246000052, -2.58773509699995 ], [ 38.344060898000066, -2.587362884999948 ], [ 38.342997869000044, -2.587064583999961 ], [ 38.34212493900003, -2.586943387999952 ], [ 38.341326714000047, -2.586888491999957 ], [ 38.340066147000073, -2.586621053999977 ], [ 38.339258194000024, -2.585922300999925 ], [ 38.338812510000025, -2.58511614799994 ], [ 38.33856391900008, -2.58408411299996 ], [ 38.338422139000045, -2.582828878999976 ], [ 38.338287354000045, -2.581907152999975 ], [ 38.338030497000034, -2.580993651999961 ], [ 38.337596893000068, -2.579823374999933 ], [ 38.337124189000065, -2.578637182999955 ], [ 38.336804708000045, -2.577329197999973 ], [ 38.336718559000076, -2.576423882999961 ], [ 38.336505345000035, -2.575389384999937 ], [ 38.336224365000078, -2.574409341999967 ], [ 38.335945892000041, -2.573696135999967 ], [ 38.335630144000049, -2.572916813999939 ], [ 38.335356140000044, -2.572067975999971 ], [ 38.335233961000029, -2.571091174999935 ], [ 38.335052144000031, -2.569920864999972 ], [ 38.334856669000033, -2.568936983999947 ], [ 38.334479014000067, -2.56818385899993 ], [ 38.333856964000063, -2.56728243799995 ], [ 38.33342043600004, -2.566481311999951 ], [ 38.332953453000073, -2.565767824999966 ], [ 38.332196903000067, -2.564855128999966 ], [ 38.331672414000025, -2.563529800999959 ], [ 38.331506457000046, -2.562426021999954 ], [ 38.331751823000047, -2.561499058999971 ], [ 38.332452138000065, -2.560899257999949 ], [ 38.333330154000066, -2.560550391999925 ], [ 38.334483973000033, -2.560333760999924 ], [ 38.335736593000036, -2.559706846999973 ], [ 38.337564468000039, -2.557965099999933 ], [ 38.33799489300003, -2.557286818999955 ], [ 38.338322798000036, -2.556244601999936 ], [ 38.338130188000036, -2.555240725999965 ], [ 38.337489319000042, -2.554597567999963 ], [ 38.336752574000059, -2.554206768999961 ], [ 38.335983276000036, -2.553866862999939 ], [ 38.334972382000046, -2.553269117999946 ], [ 38.334088326000028, -2.552332341999943 ], [ 38.333459854000068, -2.551601051999967 ], [ 38.332754135000073, -2.550978540999949 ], [ 38.331894684000076, -2.550540780999938 ], [ 38.330713653000032, -2.550208186999953 ], [ 38.329573949000064, -2.549830038999971 ], [ 38.328430939000043, -2.549674128999925 ], [ 38.32731437700005, -2.549652933999937 ], [ 38.326255798000034, -2.549541234999936 ], [ 38.325301361000072, -2.549299382999948 ], [ 38.324216080000042, -2.54894950399995 ], [ 38.323070526000038, -2.548437594999939 ], [ 38.322384198000066, -2.547346392999941 ], [ 38.32215627000005, -2.546249627999941 ], [ 38.322256361000029, -2.544982739999966 ], [ 38.322790782000027, -2.544077475999927 ], [ 38.323195140000053, -2.543291329999931 ], [ 38.323393140000064, -2.54227784699998 ], [ 38.323134286000027, -2.541111434999948 ], [ 38.322657776000028, -2.540245818999949 ], [ 38.321661154000026, -2.539437919999955 ], [ 38.320545741000046, -2.538539341999979 ], [ 38.320003510000049, -2.537829080999927 ], [ 38.319716644000039, -2.537054681999962 ], [ 38.319502513000032, -2.536258458999953 ], [ 38.319423676000042, -2.535443210999972 ], [ 38.319601695000074, -2.534493406999957 ], [ 38.319971085000077, -2.53364759699997 ], [ 38.320503235000047, -2.532808958999965 ], [ 38.32106733300003, -2.531843006999964 ], [ 38.321521214000029, -2.530499526999961 ], [ 38.321497599000054, -2.52947441699996 ], [ 38.321143150000069, -2.528428703999964 ], [ 38.320653915000037, -2.527501344999962 ], [ 38.320098877000078, -2.52684366699998 ], [ 38.319347382000046, -2.526080309999941 ], [ 38.318776448000051, -2.525536298999953 ], [ 38.318103790000066, -2.524894594999978 ], [ 38.317320688000052, -2.523909568999954 ], [ 38.317156219000026, -2.52289776799995 ], [ 38.317236328000035, -2.522023248999972 ], [ 38.317485809000061, -2.521248054999944 ], [ 38.317623138000044, -2.520425855999974 ], [ 38.317647934000036, -2.519618033999961 ], [ 38.31765302000008, -2.518699049999952 ], [ 38.317501704000051, -2.517572124999958 ], [ 38.317353566000065, -2.516717194999956 ], [ 38.317006683000045, -2.515707945999964 ], [ 38.316253344000074, -2.514609008999969 ], [ 38.315361023000037, -2.513767432999941 ], [ 38.31450576800006, -2.513394784999946 ], [ 38.313633601000049, -2.513059536999947 ], [ 38.312852859000031, -2.512550055999952 ], [ 38.312290955000037, -2.511978339999928 ], [ 38.312038898000026, -2.51115965799994 ], [ 38.311981837000076, -2.510033656999951 ], [ 38.312132517000066, -2.508839765999937 ], [ 38.312299728000028, -2.508052030999977 ], [ 38.312609100000032, -2.507110738999927 ], [ 38.312860489000059, -2.506321668999931 ], [ 38.312975202000075, -2.505197388999932 ], [ 38.312936510000043, -2.503846951999947 ], [ 38.312561580000079, -2.502795627999944 ], [ 38.311851501000035, -2.501761401999943 ], [ 38.31079156100003, -2.501009395999972 ], [ 38.309727987000031, -2.500691453999934 ], [ 38.308876800000064, -2.500511788999972 ], [ 38.308048248000034, -2.500375389999931 ], [ 38.307238261000066, -2.500037391999967 ], [ 38.305964515000028, -2.499514885999929 ], [ 38.304560852000066, -2.499233293999964 ], [ 38.303341230000058, -2.498831867999968 ], [ 38.302236175000075, -2.498256682999966 ], [ 38.301530202000038, -2.49766627899993 ], [ 38.300546646000043, -2.496544122999978 ], [ 38.300035095000055, -2.495634603999974 ], [ 38.29936654200003, -2.49473581999996 ], [ 38.298861980000027, -2.493859439999937 ], [ 38.298482513000067, -2.493085955999959 ], [ 38.298191616000054, -2.492154938999931 ], [ 38.298081080000031, -2.491289058999939 ], [ 38.297827244000075, -2.490159620999975 ], [ 38.297584534000066, -2.488820830999941 ], [ 38.297191620000035, -2.487868785999979 ], [ 38.296589661000041, -2.487113284999964 ], [ 38.295385361000058, -2.486268579999944 ], [ 38.294352531000072, -2.485806881999963 ], [ 38.293219248000071, -2.485489884999936 ], [ 38.291813987000069, -2.485244750999925 ], [ 38.290893555000025, -2.485052942999971 ], [ 38.289944649000063, -2.484625517999973 ], [ 38.288916270000072, -2.483784714999956 ], [ 38.288328171000046, -2.48273599099997 ], [ 38.288148880000051, -2.481751799999927 ], [ 38.287919998000064, -2.480819284999939 ], [ 38.287728627000035, -2.479987064999932 ], [ 38.287511444000074, -2.478990649999957 ], [ 38.287363434000042, -2.477878284999974 ], [ 38.287359238000079, -2.476803779999955 ], [ 38.287396431000047, -2.475926279999953 ], [ 38.287323761000039, -2.47470965399998 ], [ 38.287092209000036, -2.473527729999944 ], [ 38.286843300000044, -2.472553669999968 ], [ 38.286354065000069, -2.47153874199995 ], [ 38.285729726000056, -2.470551013999966 ], [ 38.285393397000064, -2.469715793999967 ], [ 38.285070737000069, -2.468442062999941 ], [ 38.284955978000028, -2.467241763999937 ], [ 38.284938812000064, -2.466435908999927 ], [ 38.284905116000061, -2.46545767799995 ], [ 38.284863790000031, -2.464520453999967 ], [ 38.284782791000055, -2.463323592999927 ], [ 38.284456730000045, -2.46168953199998 ], [ 38.284140015000048, -2.460434102999955 ], [ 38.283478737000053, -2.459170847999928 ], [ 38.283222743000067, -2.457868030999975 ], [ 38.282986450000067, -2.456889151999974 ], [ 38.282968521000043, -2.456098079999947 ], [ 38.283002472000078, -2.455097770999942 ], [ 38.282905579000044, -2.453984319999961 ], [ 38.282805443000029, -2.45295441199994 ], [ 38.282650948000025, -2.452129184999933 ], [ 38.282341004000045, -2.451237916999958 ], [ 38.281958262000046, -2.450577338999949 ], [ 38.281467983000027, -2.449688434999928 ], [ 38.280813853000041, -2.448904513999935 ], [ 38.280336952000027, -2.448035251999954 ], [ 38.280088043000035, -2.446871280999972 ], [ 38.279801686000042, -2.446018059999972 ], [ 38.279597691000049, -2.445077418999972 ], [ 38.279528618000029, -2.444118380999953 ], [ 38.279356820000032, -2.442851508999979 ], [ 38.279010137000057, -2.441500464999933 ], [ 38.278806305000046, -2.440350722999938 ], [ 38.278451920000066, -2.43957471799996 ], [ 38.278164864000075, -2.438849210999933 ], [ 38.277792249000072, -2.437814439999954 ], [ 38.277213287000052, -2.436530398999935 ], [ 38.276908875000061, -2.435658573999945 ], [ 38.276718140000071, -2.434915720999925 ], [ 38.276463191000062, -2.43372527799994 ], [ 38.276273250000031, -2.43236511899994 ], [ 38.275941849000048, -2.430974185999958 ], [ 38.275836945000037, -2.429736494999929 ], [ 38.275571187000025, -2.42868137399995 ], [ 38.275416565000057, -2.427822446999926 ], [ 38.275074768000025, -2.426958655999954 ], [ 38.274711609000065, -2.425694226999951 ], [ 38.274456978000046, -2.424650489999976 ], [ 38.274038315000041, -2.423974811999926 ], [ 38.273432414000069, -2.423406123999939 ], [ 38.272476355000038, -2.422847032999925 ], [ 38.271221161000028, -2.42242209099993 ], [ 38.270451864000052, -2.422125815999948 ], [ 38.269509888000073, -2.421885919999966 ], [ 38.267865181000047, -2.421888380999974 ], [ 38.266504288000078, -2.422144054999933 ], [ 38.265296936000027, -2.422216176999939 ], [ 38.264020538000068, -2.422102021999933 ], [ 38.262972150000053, -2.421621935999951 ], [ 38.262006124000038, -2.420907616999955 ], [ 38.261062622000054, -2.420424985999944 ], [ 38.260357857000031, -2.420108556999935 ], [ 38.259335995000072, -2.419893472999945 ], [ 38.258113384000069, -2.420096814999965 ], [ 38.256904793000047, -2.420512777999932 ], [ 38.255604744000038, -2.420709788999943 ], [ 38.254319509000027, -2.420791148999967 ], [ 38.252911250000068, -2.420765955999968 ], [ 38.251945496000076, -2.420315861999939 ], [ 38.251210689000061, -2.419772386999966 ], [ 38.250158946000056, -2.418956438999942 ], [ 38.249035517000038, -2.418120065999972 ], [ 38.248057365000079, -2.417426108999962 ], [ 38.247345924000058, -2.416898369999956 ], [ 38.24680614500005, -2.415963977999979 ], [ 38.246465301000057, -2.414951705999954 ], [ 38.246187210000073, -2.413992682999947 ], [ 38.245563030000028, -2.413028090999944 ], [ 38.244567235000034, -2.412240147999967 ], [ 38.24372100800008, -2.411686121999935 ], [ 38.242591222000044, -2.411076584999932 ], [ 38.24130376200003, -2.410530248999976 ], [ 38.240389506000042, -2.41015132299998 ], [ 38.239470164000068, -2.409858067999949 ], [ 38.238149262000036, -2.409651135999979 ], [ 38.237010956000063, -2.409624655999949 ], [ 38.236180623000052, -2.409394104999933 ], [ 38.23551019000007, -2.408656656999938 ], [ 38.234846751000077, -2.407515366999974 ], [ 38.234468460000073, -2.406224548999944 ], [ 38.233969116000026, -2.405035530999953 ], [ 38.233438110000066, -2.403796338999939 ], [ 38.232629299000052, -2.402763544999971 ], [ 38.231896083000038, -2.401854872999934 ], [ 38.231174469000052, -2.401406108999936 ], [ 38.230527496000036, -2.400935220999941 ], [ 38.229743958000029, -2.400744040999939 ], [ 38.228571574000057, -2.400688012999979 ], [ 38.226184845000034, -2.400558471999943 ], [ 38.225405121000051, -2.400367068999969 ], [ 38.224622345000057, -2.400006722999933 ], [ 38.223672485000066, -2.399834632999955 ], [ 38.222603934000063, -2.399277822999977 ], [ 38.222047170000053, -2.398384729999975 ], [ 38.221689860000026, -2.397365351999952 ], [ 38.221450806000064, -2.396288513999934 ], [ 38.221213341000066, -2.395171939999955 ], [ 38.221024195000041, -2.394062995999946 ], [ 38.220735169000079, -2.393127774999925 ], [ 38.220397404000039, -2.391949346999979 ], [ 38.220170593000034, -2.390797662999944 ], [ 38.21993128500003, -2.389982461999978 ], [ 38.219691595000029, -2.389188209999929 ], [ 38.219430923000061, -2.388358592999964 ], [ 38.21909523000005, -2.38752436599998 ], [ 38.218888855000046, -2.386716794999927 ], [ 38.218797684000037, -2.385908841999935 ], [ 38.218706131000033, -2.385120033999954 ], [ 38.218596458000036, -2.383906632999981 ], [ 38.218550110000081, -2.382790517999979 ], [ 38.21844863900003, -2.382018247999952 ], [ 38.218218485000079, -2.381236354999942 ], [ 38.217844645000071, -2.380380550999973 ], [ 38.217505773000028, -2.379460254999969 ], [ 38.217264175000025, -2.378676771999949 ], [ 38.216781616000048, -2.377601434999974 ], [ 38.216467857000055, -2.376487492999956 ], [ 38.216179657000055, -2.375512694999941 ], [ 38.215953827000078, -2.37462431199998 ], [ 38.215780640000048, -2.373783635999928 ], [ 38.215494537000041, -2.372758054999963 ], [ 38.215344429000027, -2.371788441999968 ], [ 38.215021769000032, -2.370950102999927 ], [ 38.214699554000049, -2.370051097999976 ], [ 38.214546204000044, -2.369278072999975 ], [ 38.214232854000045, -2.368404728999963 ], [ 38.213910421000037, -2.367448170999978 ], [ 38.213706970000032, -2.366636037999967 ], [ 38.213359288000049, -2.365808520999963 ], [ 38.213097763000064, -2.364540226999964 ], [ 38.212642670000037, -2.363323449999939 ], [ 38.212391662000073, -2.362379693999969 ], [ 38.21208114600006, -2.361419009999963 ], [ 38.211844762000055, -2.360367655999937 ], [ 38.21172142000006, -2.35940968999995 ], [ 38.211814880000077, -2.35831812999993 ], [ 38.211941719000038, -2.357325791999926 ], [ 38.211795171000063, -2.356200742999931 ], [ 38.211077372000034, -2.355266649999976 ], [ 38.210272789000044, -2.354964375999941 ], [ 38.208984375000057, -2.354874451999933 ], [ 38.208094279000079, -2.354602495999927 ], [ 38.207166036000046, -2.354321797999944 ], [ 38.206224442000064, -2.35415923599993 ], [ 38.205390930000078, -2.354056834999938 ], [ 38.204379082000059, -2.353929340999969 ], [ 38.203150749000031, -2.353633522999928 ], [ 38.201747259000058, -2.353518922999967 ], [ 38.200466156000061, -2.353494762999958 ], [ 38.198689778000073, -2.35343321199997 ], [ 38.197855949000029, -2.353220164999925 ], [ 38.197307587000068, -2.352588374999925 ], [ 38.196962357000075, -2.351764440999943 ], [ 38.196613857000045, -2.350805248999961 ], [ 38.196473440000034, -2.349783102999936 ], [ 38.196132660000046, -2.348745958999928 ], [ 38.195351601000027, -2.348018288999981 ], [ 38.194660187000068, -2.346948066999971 ], [ 38.193858147000071, -2.346470415999931 ], [ 38.192938487000049, -2.34603261999996 ], [ 38.192292531000078, -2.345368464999979 ], [ 38.191914558000065, -2.344681143999935 ], [ 38.191386541000043, -2.343665758999975 ], [ 38.190952301000038, -2.342951178999954 ], [ 38.190575600000045, -2.342272996999952 ], [ 38.189893723000068, -2.34127680499995 ], [ 38.188928332000046, -2.340260198999943 ], [ 38.188102722000053, -2.339648484999941 ], [ 38.187152100000048, -2.339239739999925 ], [ 38.186391449000041, -2.338924884999926 ], [ 38.185420990000068, -2.338351308999961 ], [ 38.184452057000044, -2.337977885999976 ], [ 38.183363342000064, -2.337821196999926 ], [ 38.182268143000044, -2.337839543999962 ], [ 38.181204796000031, -2.338022311999964 ], [ 38.179719925000029, -2.338134586999956 ], [ 38.178771973000039, -2.338244676999977 ], [ 38.177976608000051, -2.338344573999962 ], [ 38.176890373000049, -2.33846288899997 ], [ 38.175670624000077, -2.33852148099993 ], [ 38.174516950000054, -2.338387352999973 ], [ 38.173519135000049, -2.338016747999973 ], [ 38.17276077300005, -2.337559461999945 ], [ 38.171970912000063, -2.336795465999955 ], [ 38.17130374900006, -2.336107134999963 ], [ 38.170523643000024, -2.335579454999959 ], [ 38.169748942000069, -2.335184891999972 ], [ 38.168829918000029, -2.334838270999967 ], [ 38.16786670700003, -2.334595977999925 ], [ 38.166854858000079, -2.334466456999962 ], [ 38.165939331000061, -2.334299802999965 ], [ 38.164993286000026, -2.333994721999943 ], [ 38.164147377000063, -2.333603798999945 ], [ 38.163411140000051, -2.333181082999943 ], [ 38.162698110000065, -2.332621414999949 ], [ 38.16202545200008, -2.332195639999952 ], [ 38.16125011400004, -2.331777274999979 ], [ 38.160339991000058, -2.331455190999975 ], [ 38.159330749000048, -2.331088446999956 ], [ 38.158289274000026, -2.330437480999933 ], [ 38.157412529000055, -2.329569577999962 ], [ 38.156459808000079, -2.329065846999924 ], [ 38.155484517000048, -2.328824519999955 ], [ 38.154714584000033, -2.328686058999949 ], [ 38.153620148000073, -2.328306960999953 ], [ 38.152485847000037, -2.327824085999964 ], [ 38.151753425000038, -2.327282249999939 ], [ 38.151106771000059, -2.326447271999939 ], [ 38.150566737000077, -2.325480222999943 ], [ 38.150013987000079, -2.32434253699995 ], [ 38.149419785000077, -2.323516010999924 ], [ 38.148976803000039, -2.32250380499994 ], [ 38.147938156000066, -2.321436905999974 ], [ 38.146833420000064, -2.32091265899993 ], [ 38.145675023000024, -2.320727029999944 ], [ 38.14431095100008, -2.320619821999969 ], [ 38.143379211000024, -2.320588111999939 ], [ 38.142608643000074, -2.320564746999935 ], [ 38.141789436000067, -2.320549726999957 ], [ 38.14060306500005, -2.320536374999961 ], [ 38.13957500500004, -2.320497989999978 ], [ 38.138474147000068, -2.320457696999938 ], [ 38.137047359000064, -2.320521093999957 ], [ 38.135750599000062, -2.320750003999933 ], [ 38.134569168000041, -2.320714711999926 ], [ 38.133490244000029, -2.320779005999952 ], [ 38.132246017000057, -2.320921599999963 ], [ 38.13110860200004, -2.321302532999937 ], [ 38.130135128000063, -2.322002819999966 ], [ 38.12791315700008, -2.322101433999933 ], [ 38.126556397000058, -2.321663601999944 ], [ 38.125658035000072, -2.320938229999967 ], [ 38.124423981000064, -2.31959720499998 ], [ 38.123719533000042, -2.31875673899998 ], [ 38.122719447000065, -2.317762215999949 ], [ 38.121520996000072, -2.316581308999957 ], [ 38.120275116000073, -2.315722465999954 ], [ 38.119086424000045, -2.315217683999947 ], [ 38.117805481000062, -2.314415811999936 ], [ 38.117080688000044, -2.313785552999946 ], [ 38.116606712000078, -2.31301823299998 ], [ 38.116340637000064, -2.312064265999936 ], [ 38.116263390000029, -2.310967802999926 ], [ 38.116243362000034, -2.310160874999951 ], [ 38.116198730000065, -2.309379958999955 ], [ 38.116201782000076, -2.308434247999969 ], [ 38.116227468000034, -2.307369748999974 ], [ 38.116162872000075, -2.306600236999941 ], [ 38.116086578000079, -2.305787467999949 ], [ 38.116021729000067, -2.304989099999943 ], [ 38.115924835000044, -2.304177140999968 ], [ 38.115689595000049, -2.303291240999954 ], [ 38.115154743000062, -2.302501379999967 ], [ 38.11437606800007, -2.302032708999945 ], [ 38.113264084000036, -2.301842510999961 ], [ 38.112259865000055, -2.301817416999938 ], [ 38.111214320000045, -2.301760037999941 ], [ 38.110050202000025, -2.30138440099995 ], [ 38.109377543000051, -2.300618449999945 ], [ 38.109245300000055, -2.299482481999974 ], [ 38.10959243800005, -2.298390745999939 ], [ 38.110010529000078, -2.297592210999937 ], [ 38.110661824000033, -2.296638925999957 ], [ 38.110778173000028, -2.29558624799995 ], [ 38.110838890000025, -2.294507741999951 ], [ 38.11072413100004, -2.293632586999934 ], [ 38.110500971000079, -2.292566696999927 ], [ 38.110426585000027, -2.29179739999995 ], [ 38.11034965500005, -2.290996431999929 ], [ 38.110344696000027, -2.290146874999948 ], [ 38.110635757000068, -2.289131243999975 ], [ 38.111441294000031, -2.28816334399994 ], [ 38.111790339000038, -2.287032961999955 ], [ 38.111193657000058, -2.285834013999931 ], [ 38.110435486000029, -2.285327195999969 ], [ 38.109300613000073, -2.284843861999946 ], [ 38.107868512000039, -2.284441887999947 ], [ 38.106681824000077, -2.284194230999958 ], [ 38.105672200000072, -2.283942063999973 ], [ 38.104820251000035, -2.283702182999946 ], [ 38.103937785000028, -2.283430178999936 ], [ 38.103030205000039, -2.282951354999966 ], [ 38.102294922000056, -2.282377123999936 ], [ 38.10166072800007, -2.281813799999952 ], [ 38.100592931000051, -2.280656257999965 ], [ 38.099943542000062, -2.279703950999931 ], [ 38.09971618600008, -2.278967856999941 ], [ 38.099374771000043, -2.278260707999948 ], [ 38.098935700000027, -2.277349280999942 ], [ 38.098828997000055, -2.276337588999979 ], [ 38.098831177000079, -2.275242745999947 ], [ 38.098693085000036, -2.27440080699995 ], [ 38.098271942000054, -2.273714446999975 ], [ 38.097730001000059, -2.273136138999973 ], [ 38.096865082000079, -2.27276339499997 ], [ 38.095457331000034, -2.272840904999953 ], [ 38.094175975000041, -2.273249585999963 ], [ 38.093191783000066, -2.273415962999934 ], [ 38.092177073000073, -2.273492653999938 ], [ 38.091047287000038, -2.27345263999996 ], [ 38.089550018000068, -2.273178910999945 ], [ 38.088559469000074, -2.272776523999937 ], [ 38.087687174000052, -2.272167602999957 ], [ 38.087073008000061, -2.271633385999962 ], [ 38.086392212000078, -2.270741772999941 ], [ 38.085894585000062, -2.269625633999965 ], [ 38.08581352200008, -2.268713056999957 ], [ 38.085886002000052, -2.267742514999952 ], [ 38.085841497000047, -2.266558527999962 ], [ 38.08564472200004, -2.265761255999962 ], [ 38.085522788000048, -2.265002011999968 ], [ 38.08527517300007, -2.264047681999955 ], [ 38.08462219200004, -2.263198136999961 ], [ 38.084214528000075, -2.262435396999933 ], [ 38.08357238800005, -2.261765181999976 ], [ 38.082759857000042, -2.261250197999971 ], [ 38.081799825000076, -2.260788440999931 ], [ 38.080911255000046, -2.260549640999955 ], [ 38.079937935000032, -2.260687648999976 ], [ 38.078737259000036, -2.26129205999996 ], [ 38.077885628000047, -2.261548041999959 ], [ 38.077117920000035, -2.261899768999967 ], [ 38.076132638000047, -2.261940274999972 ], [ 38.075566610000067, -2.261365015999957 ], [ 38.075242179000043, -2.260633263999978 ], [ 38.075249672000041, -2.259697198999959 ], [ 38.075516701000026, -2.258906423999974 ], [ 38.075805664000029, -2.258187770999939 ], [ 38.076022625000064, -2.257198065999944 ], [ 38.076283455000066, -2.256266176999929 ], [ 38.076371892000054, -2.25517218899995 ], [ 38.07552909900005, -2.253938753999932 ], [ 38.074243800000033, -2.253103359999955 ], [ 38.073223114000029, -2.252172946999963 ], [ 38.072598775000074, -2.251254359999962 ], [ 38.072449275000054, -2.250453233999963 ], [ 38.072174549000067, -2.249280352999961 ], [ 38.071899414000029, -2.248171716999934 ], [ 38.071769396000036, -2.246917485999973 ], [ 38.07184600800008, -2.245938777999925 ], [ 38.071922302000075, -2.245145081999965 ], [ 38.072010803000069, -2.244203805999973 ], [ 38.072048187000064, -2.242997884999966 ], [ 38.071997833000069, -2.242186688999936 ], [ 38.071887425000057, -2.241240364999953 ], [ 38.071812524000052, -2.23996726699994 ], [ 38.071629206000068, -2.238895296999942 ], [ 38.071415424000065, -2.23773375199994 ], [ 38.071237564000057, -2.236255158999938 ], [ 38.070961380000028, -2.234916984999927 ], [ 38.07089710200006, -2.234029471999975 ], [ 38.07064125800008, -2.23295903199994 ], [ 38.070306142000049, -2.231535473999941 ], [ 38.070093727000028, -2.230393438999954 ], [ 38.069750786000043, -2.229073196999934 ], [ 38.069578807000028, -2.227857589999928 ], [ 38.069355011000027, -2.227042257999926 ], [ 38.069249630000058, -2.226079910999943 ], [ 38.069043159000046, -2.22504609799995 ], [ 38.068684896000036, -2.224216698999953 ], [ 38.067842960000064, -2.223541438999973 ], [ 38.066955566000047, -2.223396062999939 ], [ 38.065895843000078, -2.223270463999938 ], [ 38.064936320000072, -2.22314731299997 ], [ 38.06404113800005, -2.222762965999948 ], [ 38.063397217000045, -2.221984052999971 ], [ 38.063261032000071, -2.220979004999947 ], [ 38.063430786000026, -2.219852208999953 ], [ 38.063668823000057, -2.219097613999963 ], [ 38.064373970000076, -2.218217670999934 ], [ 38.065386454000077, -2.217827875999944 ], [ 38.066254616000037, -2.217426895999949 ], [ 38.067012787000067, -2.217015265999976 ], [ 38.067917415000068, -2.216655355999933 ], [ 38.069066048000025, -2.216024428999958 ], [ 38.070027669000069, -2.215218543999924 ], [ 38.070399390000034, -2.214425854999945 ], [ 38.069987488000038, -2.213426541999979 ], [ 38.069282532000045, -2.212970673999962 ], [ 38.068483353000033, -2.212823628999956 ], [ 38.067311859000029, -2.212697267999943 ], [ 38.06603670100003, -2.212146877999942 ], [ 38.065044403000059, -2.211780150999971 ], [ 38.064226151000071, -2.21138127599994 ], [ 38.063148499000079, -2.210650840999961 ], [ 38.062220573000047, -2.209841668999957 ], [ 38.061559677000048, -2.209041078999974 ], [ 38.060964203000026, -2.208068561999937 ], [ 38.060441335000064, -2.207311232999928 ], [ 38.060027652000031, -2.206448395999928 ], [ 38.059547424000073, -2.205381631999956 ], [ 38.05907503800006, -2.204417545999945 ], [ 38.058874130000049, -2.203544258999955 ], [ 38.05850558800006, -2.202582729999961 ], [ 38.058119774000033, -2.201390742999934 ], [ 38.057807922000052, -2.200668453999924 ], [ 38.057481493000068, -2.199904236999942 ], [ 38.057202149000034, -2.199066781999932 ], [ 38.05687522900007, -2.198377072999961 ], [ 38.056360626000071, -2.197318934999942 ], [ 38.056028366000078, -2.196323553999946 ], [ 38.055733272000055, -2.195458105999933 ], [ 38.055617650000045, -2.194613058999948 ], [ 38.055296739000028, -2.193581302999974 ], [ 38.055133057000035, -2.192466735999972 ], [ 38.054933548000065, -2.191707372999929 ], [ 38.054958344000056, -2.190695285999936 ], [ 38.054968834000078, -2.189749717999973 ], [ 38.054988861000027, -2.188922523999963 ], [ 38.054947444000049, -2.188105310999958 ], [ 38.054740701000071, -2.187051449999956 ], [ 38.054144723000036, -2.185830865999947 ], [ 38.053263664000042, -2.185191988999975 ], [ 38.052568817000065, -2.184862041999963 ], [ 38.051723480000078, -2.184225797999943 ], [ 38.050689697000053, -2.183403014999953 ], [ 38.048819224000056, -2.181244928999945 ], [ 38.048277664000068, -2.180230545999962 ], [ 38.04809633900004, -2.178896704999943 ], [ 38.048344930000042, -2.178036927999926 ], [ 38.048801422000054, -2.177330493999932 ], [ 38.049274445000037, -2.176718552999944 ], [ 38.049880187000042, -2.175822366999967 ], [ 38.050366720000056, -2.174780447999979 ], [ 38.050575801000036, -2.173889909999957 ], [ 38.05065727200008, -2.172854125999947 ], [ 38.050566673000048, -2.172094821999963 ], [ 38.050351620000072, -2.171271234999949 ], [ 38.049748230000034, -2.170173501999955 ], [ 38.049111843000048, -2.169326513999977 ], [ 38.048502604000078, -2.168593406999946 ], [ 38.047814178000067, -2.16804571199998 ], [ 38.047079722000035, -2.167608101999974 ], [ 38.046308517000057, -2.167268037999975 ], [ 38.04552332600008, -2.166907548999973 ], [ 38.044614519000049, -2.166480711999952 ], [ 38.043267886000081, -2.166237353999975 ], [ 38.042207718000043, -2.166288256999962 ], [ 38.041333771000041, -2.166490601999953 ], [ 38.040111542000034, -2.166758417999972 ], [ 38.039093018000074, -2.166880368999955 ], [ 38.038074493000067, -2.166821181999978 ], [ 38.036858368000026, -2.166529750999928 ], [ 38.035828590000051, -2.165989756999977 ], [ 38.033678532000067, -2.164588093999953 ], [ 38.032694817000049, -2.163977086999978 ], [ 38.03199386600005, -2.163641929999926 ], [ 38.031137848000071, -2.16324052799996 ], [ 38.029939652000053, -2.162705500999948 ], [ 38.028614680000032, -2.162432789999968 ], [ 38.027652741000054, -2.161918321999963 ], [ 38.026965332000032, -2.161265134999951 ], [ 38.026411692000067, -2.160632927999927 ], [ 38.025959778000072, -2.159998607999967 ], [ 38.025530679000042, -2.159141233999947 ], [ 38.025070190000065, -2.158101170999942 ], [ 38.024574280000024, -2.156949082999972 ], [ 38.024293899000043, -2.155952989999946 ], [ 38.024009705000026, -2.154837379999947 ], [ 38.023829142000068, -2.153596043999926 ], [ 38.023596764000047, -2.152348219999965 ], [ 38.023357391000047, -2.151312350999945 ], [ 38.023134613000025, -2.150323009999966 ], [ 38.022824860000071, -2.149256077999951 ], [ 38.022392273000037, -2.148142337999957 ], [ 38.02194118500006, -2.147494732999974 ], [ 38.021296183000061, -2.146965980999937 ], [ 38.020413717000054, -2.146743495999942 ], [ 38.01943874400007, -2.146794199999931 ], [ 38.018340429000034, -2.147202421999964 ], [ 38.017082850000065, -2.147941231999937 ], [ 38.016140938000035, -2.148536443999944 ], [ 38.015233994000027, -2.148900746999971 ], [ 38.014353752000034, -2.14933502699995 ], [ 38.013442993000069, -2.149945020999951 ], [ 38.012798309000061, -2.150390147999929 ], [ 38.011871338000049, -2.15085669299998 ], [ 38.010615667000025, -2.151336232999938 ], [ 38.009642029000076, -2.151687144999926 ], [ 38.008802796000055, -2.151950072999966 ], [ 38.00779787700003, -2.152287284999943 ], [ 38.006861687000026, -2.152650176999941 ], [ 38.005816142000072, -2.152762372999973 ], [ 38.004608154000039, -2.152874707999956 ], [ 38.003830719000064, -2.153038453999955 ], [ 38.002822399000024, -2.153514027999961 ], [ 38.001827240000068, -2.154017304999968 ], [ 38.000688553000032, -2.154147505999958 ], [ 37.999174118000042, -2.154321550999953 ], [ 37.998004532000039, -2.15452473199997 ], [ 37.996812566000074, -2.155174342999942 ], [ 37.995599365000032, -2.155657672999951 ], [ 37.994586945000037, -2.155818163999925 ], [ 37.993786494000062, -2.15614235399994 ], [ 37.992862701000035, -2.156312226999944 ], [ 37.991934776000051, -2.156494140999939 ], [ 37.991026878000071, -2.156675218999965 ], [ 37.990142822000053, -2.156992101999947 ], [ 37.989197413000056, -2.157441436999932 ], [ 37.988075256000059, -2.157825230999947 ], [ 37.987194824000028, -2.158349275999967 ], [ 37.986174901000027, -2.158984461999978 ], [ 37.985134125000059, -2.159591722999949 ], [ 37.984230042000036, -2.160379349999971 ], [ 37.983290354000076, -2.160887240999955 ], [ 37.982394218000024, -2.161237120999942 ], [ 37.981534322000073, -2.161578575999954 ], [ 37.980688477000058, -2.161794423999936 ], [ 37.979290009000067, -2.161925494999934 ], [ 37.978226980000045, -2.162075916999925 ], [ 37.977387746000034, -2.162248610999939 ], [ 37.976415253000027, -2.162556647999963 ], [ 37.975350189000039, -2.162877892999973 ], [ 37.974270630000035, -2.16325287799998 ], [ 37.973466873000064, -2.163717805999966 ], [ 37.972868601000073, -2.164311169999962 ], [ 37.972215652000045, -2.165082454999947 ], [ 37.971547445000056, -2.165919939999981 ], [ 37.97086334200003, -2.166460513999937 ], [ 37.970095317000073, -2.166791835999959 ], [ 37.969147491000058, -2.167069863999927 ], [ 37.968124390000071, -2.167181968999955 ], [ 37.967010498000036, -2.167061566999962 ], [ 37.966059685000062, -2.166634618999979 ], [ 37.965494537000041, -2.165981196999951 ], [ 37.964992523000035, -2.16525355999994 ], [ 37.964599609000061, -2.164528210999947 ], [ 37.964463806000026, -2.163681697999948 ], [ 37.964462757000035, -2.162761419999924 ], [ 37.964579105000041, -2.161528437999948 ], [ 37.964852905000043, -2.160032736999938 ], [ 37.965095997000049, -2.158574878999957 ], [ 37.965130397000053, -2.157452242999966 ], [ 37.965136210000026, -2.15658084599994 ], [ 37.965130329000033, -2.155487894999965 ], [ 37.964523315000065, -2.154509424999958 ], [ 37.964063372000055, -2.153448887999957 ], [ 37.963893345000031, -2.152251140999965 ], [ 37.963748932000044, -2.151238858999932 ], [ 37.963486989000046, -2.150088972999924 ], [ 37.963279724000074, -2.148850440999979 ], [ 37.963211060000049, -2.147651870999937 ], [ 37.963402430000031, -2.146572867999964 ], [ 37.96353244800008, -2.145609676999925 ], [ 37.963473907000036, -2.144294206999973 ], [ 37.963244302000078, -2.143166439999959 ], [ 37.962883758000032, -2.142305802999942 ], [ 37.962175369000079, -2.141590475999976 ], [ 37.961390177000055, -2.140912174999926 ], [ 37.960451762000048, -2.140646059999938 ], [ 37.959682465000071, -2.140516201999958 ], [ 37.958934784000064, -2.140229165999926 ], [ 37.958584785000028, -2.139365940999937 ], [ 37.958685875000072, -2.138196050999966 ], [ 37.957760016000066, -2.137036223999928 ], [ 37.956819153000026, -2.136420487999942 ], [ 37.955924988000049, -2.136097311999947 ], [ 37.95505619000005, -2.135426818999974 ], [ 37.954301834000034, -2.134367187999942 ], [ 37.954057693000038, -2.133598327999948 ], [ 37.953790937000065, -2.132840019999946 ], [ 37.953846523000038, -2.131775208999954 ], [ 37.954005241000061, -2.130678861999968 ], [ 37.954077244000075, -2.12946832199998 ], [ 37.954290663000052, -2.128442831999962 ], [ 37.954402924000078, -2.127476334999926 ], [ 37.954390208000063, -2.126558502999956 ], [ 37.954466248000074, -2.125787782999964 ], [ 37.954581601000029, -2.124688348999939 ], [ 37.954597473000035, -2.123311161999936 ], [ 37.954680761000077, -2.122256159999949 ], [ 37.954876709000075, -2.121305656999937 ], [ 37.954959869000049, -2.120534300999964 ], [ 37.955113002000076, -2.119600193999929 ], [ 37.955322266000053, -2.118571110999937 ], [ 37.955611038000029, -2.117428349999955 ], [ 37.955998739000052, -2.116342265999947 ], [ 37.956501484000057, -2.115193426999951 ], [ 37.95694896200007, -2.113921880999953 ], [ 37.957296371000041, -2.112668156999973 ], [ 37.957260513000051, -2.111265046999961 ], [ 37.95707257600003, -2.110235571999965 ], [ 37.956584507000059, -2.10931682599994 ], [ 37.956626224000047, -2.108007645999976 ], [ 37.956986427000061, -2.10660168499993 ], [ 37.957334518000039, -2.105389376999938 ], [ 37.95779927600006, -2.104472040999951 ], [ 37.958469391000051, -2.103931903999978 ], [ 37.95913124100008, -2.103203653999969 ], [ 37.959664277000059, -2.10193692799993 ], [ 37.959655762000068, -2.100668827999925 ], [ 37.959383011000057, -2.099804818999928 ], [ 37.959055583000065, -2.099077422999926 ], [ 37.958592733000046, -2.09801073899996 ], [ 37.958241145000045, -2.097016294999946 ], [ 37.958016713000063, -2.096186835999958 ], [ 37.957954407000045, -2.095288395999944 ], [ 37.95792579600004, -2.094436108999957 ], [ 37.958020346000069, -2.093364442999928 ], [ 37.958248138000044, -2.092236961999959 ], [ 37.958374023000033, -2.091354011999954 ], [ 37.958576838000056, -2.090524752999954 ], [ 37.958707809000032, -2.089603821999958 ], [ 37.958892822000053, -2.088242500999968 ], [ 37.958961487000067, -2.086462020999932 ], [ 37.958998544000053, -2.085478850999948 ], [ 37.959214687000042, -2.084334551999973 ], [ 37.959354401000041, -2.082910775999949 ], [ 37.959419250000053, -2.08162903799996 ], [ 37.95964908600007, -2.080706953999936 ], [ 37.96006965600003, -2.079824059999964 ], [ 37.960361481000064, -2.078957000999935 ], [ 37.960388184000067, -2.076677798999981 ], [ 37.960325241000078, -2.07560002799994 ], [ 37.960205078000058, -2.073539852999943 ], [ 37.960163117000036, -2.072214364999979 ], [ 37.960289001000035, -2.071332189999964 ], [ 37.959983826000041, -2.070437907999974 ], [ 37.959592342000064, -2.06949371099995 ], [ 37.95941216600005, -2.068355934999943 ], [ 37.959229279000056, -2.067318295999939 ], [ 37.959252167000045, -2.066414403999943 ], [ 37.959438748000025, -2.065332067999975 ], [ 37.959232330000077, -2.064166108999927 ], [ 37.958591461000026, -2.063212155999963 ], [ 37.958018303000074, -2.062539338999954 ], [ 37.957227325000076, -2.061769341999934 ], [ 37.956376076000026, -2.060970216999976 ], [ 37.955857086000037, -2.059832048999965 ], [ 37.955207348000044, -2.058999627999981 ], [ 37.954635620000033, -2.057726689999924 ], [ 37.954345703000058, -2.056746243999953 ], [ 37.954273224000076, -2.055939006999949 ], [ 37.95425987200008, -2.055028259999972 ], [ 37.954335530000037, -2.054027000999952 ], [ 37.954514822000078, -2.053182601999936 ], [ 37.954811096000071, -2.052344202999961 ], [ 37.955072403000031, -2.051572203999967 ], [ 37.955288696000025, -2.050640820999945 ], [ 37.955409241000041, -2.049469518999956 ], [ 37.95518493700007, -2.048221051999974 ], [ 37.954302107000046, -2.046936136999932 ], [ 37.953701973000079, -2.045768081999938 ], [ 37.953226089000054, -2.044448335999959 ], [ 37.953125, -2.043387507999967 ], [ 37.952889252000034, -2.042547750999972 ], [ 37.952412987000059, -2.041582750999964 ], [ 37.952000300000066, -2.040405431999943 ], [ 37.951655579000033, -2.039568805999977 ], [ 37.951508840000031, -2.038587887999938 ], [ 37.951270421000061, -2.037445008999953 ], [ 37.95037221900003, -2.036181628999941 ], [ 37.949281693000046, -2.035864352999965 ], [ 37.948375702000078, -2.035873054999968 ], [ 37.94740295400004, -2.035929560999932 ], [ 37.946393694000051, -2.036306380999974 ], [ 37.945594152000069, -2.037206778999973 ], [ 37.944085757000039, -2.037326494999945 ], [ 37.941616058000079, -2.03530675199994 ], [ 37.940567017000035, -2.034520864999934 ], [ 37.93970947300005, -2.033831977999967 ], [ 37.939123154000072, -2.033114710999939 ], [ 37.939028422000035, -2.032341598999949 ], [ 37.939573288000076, -2.031728465999947 ], [ 37.940414429000043, -2.031121174999953 ], [ 37.941384633000041, -2.03038724299995 ], [ 37.942412059000048, -2.02928537799994 ], [ 37.942394257000046, -2.02795396199997 ], [ 37.942296600000077, -2.026810979999937 ], [ 37.942610604000038, -2.025954961999958 ], [ 37.942972183000052, -2.025112091999972 ], [ 37.943521976000056, -2.024202555999977 ], [ 37.943888187000027, -2.022834798999952 ], [ 37.943403085000057, -2.02144605899997 ], [ 37.942353058000037, -2.020885848999967 ], [ 37.941273053000032, -2.02084022799994 ], [ 37.939981270000033, -2.020443915999977 ], [ 37.939058304000071, -2.019539062999968 ], [ 37.939034780000043, -2.018069346999937 ], [ 37.939538860000027, -2.016612231999943 ], [ 37.940015793000043, -2.015626847999954 ], [ 37.940443993000031, -2.014637559999926 ], [ 37.940933609000069, -2.013345225999956 ], [ 37.941195679000032, -2.012334536999958 ], [ 37.941189448000046, -2.011299669999971 ], [ 37.940735817000075, -2.010436415999948 ], [ 37.939999262000072, -2.009898781999937 ], [ 37.939133326000047, -2.009400724999978 ], [ 37.938013894000051, -2.009099551999952 ], [ 37.936963654000067, -2.008696508999947 ], [ 37.936199888000033, -2.007897078999974 ], [ 37.936018263000051, -2.006716898999969 ], [ 37.936256409000066, -2.005976835999945 ], [ 37.936688900000036, -2.005304276999937 ], [ 37.937239075000036, -2.004459762999943 ], [ 37.937610881000069, -2.003449884999952 ], [ 37.937722015000077, -2.002386426999976 ], [ 37.937389851000034, -2.00159776199996 ], [ 37.936380114000031, -2.001063073999944 ], [ 37.935016632000043, -2.000451713999951 ], [ 37.933867645000078, -1.999946236999961 ], [ 37.932935715000042, -1.998948672999973 ], [ 37.932192230000055, -1.998400782999965 ], [ 37.931439972000078, -1.997910618999924 ], [ 37.930596924000042, -1.997431659999961 ], [ 37.929947535000053, -1.996974984999952 ], [ 37.929135323000025, -1.996428161999972 ], [ 37.928534699000068, -1.995432449999953 ], [ 37.928580761000035, -1.994293570999957 ], [ 37.929371993000075, -1.993046581999977 ], [ 37.930043357000045, -1.992118494999943 ], [ 37.930205854000064, -1.990911288999939 ], [ 37.929367065000065, -1.989781215999926 ], [ 37.92851829500006, -1.989351212999964 ], [ 37.927749634000065, -1.988810824999973 ], [ 37.927085876000035, -1.988349139999968 ], [ 37.926328150000074, -1.987658440999951 ], [ 37.925205231000064, -1.985591485999976 ], [ 37.924866676000079, -1.984600543999932 ], [ 37.924612999000033, -1.983800634999966 ], [ 37.924341202000051, -1.982931235999956 ], [ 37.924053955000034, -1.98203418199995 ], [ 37.923692703000029, -1.981307 ], [ 37.92351586500007, -1.980506266999953 ], [ 37.923214504000043, -1.979515926999966 ], [ 37.922878424000032, -1.978296443999966 ], [ 37.922447629000033, -1.976891583999929 ], [ 37.922144095000078, -1.975570131999973 ], [ 37.921717644000069, -1.974036206999926 ], [ 37.921290261000024, -1.973040358999924 ], [ 37.920906703000071, -1.972258010999951 ], [ 37.920585087000063, -1.971441217999939 ], [ 37.920331955000051, -1.970558185999948 ], [ 37.920100212000079, -1.969627737999929 ], [ 37.919623057000024, -1.968595285999925 ], [ 37.919226074000051, -1.967629479999971 ], [ 37.918824005000033, -1.966532575999963 ], [ 37.918307304000052, -1.965405955999927 ], [ 37.917947769000079, -1.964306055999941 ], [ 37.917642975000035, -1.963352489999977 ], [ 37.917534638000063, -1.962523555999951 ], [ 37.917209625000055, -1.961554276999948 ], [ 37.916893005000077, -1.960378686999945 ], [ 37.916733742000076, -1.95961803199998 ], [ 37.91655985500006, -1.958796480999979 ], [ 37.916116238000029, -1.957576169999925 ], [ 37.915567398000064, -1.956747650999944 ], [ 37.914978027000075, -1.956163584999956 ], [ 37.914038386000072, -1.954853885999967 ], [ 37.914160411000069, -1.953642069999944 ], [ 37.91488647500006, -1.952449410999975 ], [ 37.915480296000055, -1.951243817999966 ], [ 37.916049163000025, -1.950076912999975 ], [ 37.916479111000058, -1.94912129599993 ], [ 37.916777039000067, -1.94828155099998 ], [ 37.916656494000051, -1.947502930999974 ], [ 37.916366577000076, -1.946534287999953 ], [ 37.916129303000048, -1.945515727999975 ], [ 37.91573969500007, -1.944736857999942 ], [ 37.915373230000057, -1.94384770399995 ], [ 37.915032514000075, -1.942785445999959 ], [ 37.914944172000048, -1.941356077999956 ], [ 37.914809545000026, -1.940284529999929 ], [ 37.914429665000057, -1.939509301999976 ], [ 37.913716634000025, -1.938720762999935 ], [ 37.912919998000064, -1.937907754999969 ], [ 37.912239075000059, -1.937192856999957 ], [ 37.911685944000055, -1.936621546999959 ], [ 37.911142349000045, -1.936043738999956 ], [ 37.910453161000078, -1.935240526999962 ], [ 37.909921646000043, -1.934535651999965 ], [ 37.909557978000066, -1.933795630999953 ], [ 37.909377670000026, -1.932580959999939 ], [ 37.90950164800006, -1.931375955999954 ], [ 37.909810638000067, -1.930367588999957 ], [ 37.910277367000049, -1.929378479999968 ], [ 37.911141396000062, -1.928486674999931 ], [ 37.911623955000039, -1.92785456799993 ], [ 37.912155914000039, -1.927144932999965 ], [ 37.912307739000028, -1.926124121999976 ], [ 37.911830139000074, -1.92531804999993 ], [ 37.911684309000066, -1.924436176999961 ], [ 37.911301041000058, -1.923330831999976 ], [ 37.910882677000075, -1.922305753999979 ], [ 37.910458883000047, -1.921439170999975 ], [ 37.910691155000052, -1.920390804999954 ], [ 37.911178044000053, -1.919391886999961 ], [ 37.911767687000065, -1.918646573999979 ], [ 37.912432194000075, -1.917673825999941 ], [ 37.913028172000054, -1.916628411999966 ], [ 37.913003286000048, -1.915170212999953 ], [ 37.912839678000068, -1.913999013999955 ], [ 37.913083758000028, -1.913080691999937 ], [ 37.913734981000061, -1.912411246999966 ], [ 37.914789327000051, -1.91182151199996 ], [ 37.916016579000029, -1.911069675999954 ], [ 37.916950771000074, -1.910532405999959 ], [ 37.917666753000049, -1.909894386999952 ], [ 37.918209924000053, -1.908950580999942 ], [ 37.918538666000074, -1.907622992999961 ], [ 37.918638229000067, -1.905998557999965 ], [ 37.918640900000071, -1.905022405999944 ], [ 37.918697834000056, -1.90388520099998 ], [ 37.918705940000052, -1.903009026999939 ], [ 37.918239594000056, -1.902267508999955 ], [ 37.917203903000029, -1.90180957299998 ], [ 37.916255951000039, -1.901762425999948 ], [ 37.915363312000068, -1.901772856999969 ], [ 37.914296722000074, -1.901898097999947 ], [ 37.913429260000044, -1.902119238999944 ], [ 37.912545885000043, -1.902456555999947 ], [ 37.91116657200007, -1.902804052999954 ], [ 37.910005188000071, -1.903223800999967 ], [ 37.909015656000065, -1.903502910999975 ], [ 37.907839639000031, -1.903580648999935 ], [ 37.906575203000045, -1.903011455999945 ], [ 37.905799866000052, -1.902196555999979 ], [ 37.905564626000057, -1.901262342999928 ], [ 37.905620670000076, -1.900128614999971 ], [ 37.906095505000053, -1.898877918999972 ], [ 37.906462533000024, -1.897785867999971 ], [ 37.906597137000063, -1.896984433999933 ], [ 37.906849997000052, -1.896167788999946 ], [ 37.906993230000069, -1.895275095999978 ], [ 37.907167912000034, -1.894347920999962 ], [ 37.907155991000025, -1.893557905999955 ], [ 37.907067776000076, -1.892735927999979 ], [ 37.906779480000068, -1.891927241999952 ], [ 37.906634808000035, -1.891070737999939 ], [ 37.906256994000046, -1.890119949999928 ], [ 37.905958812000051, -1.889414270999964 ], [ 37.905656338000028, -1.888563259999955 ], [ 37.905366898000068, -1.88773292299993 ], [ 37.905051231000073, -1.886872171999926 ], [ 37.904522705000034, -1.885576283999967 ], [ 37.90409524100005, -1.884563922999973 ], [ 37.90382724300008, -1.883596353999963 ], [ 37.903442383000026, -1.882784699999945 ], [ 37.903218587000026, -1.882051646999969 ], [ 37.902963003000025, -1.880894283999965 ], [ 37.902653376000046, -1.87979833299994 ], [ 37.902482986000052, -1.878956585999958 ], [ 37.902258929000027, -1.877989200999934 ], [ 37.903194427000074, -1.878341912999929 ], [ 37.904208047000054, -1.877911635999965 ], [ 37.904634264000038, -1.877050650999934 ], [ 37.905670802000031, -1.877609709999945 ], [ 37.906913757000041, -1.877820888999963 ], [ 37.907883453000068, -1.877562975999979 ], [ 37.908639526000059, -1.87737190699994 ], [ 37.909678396000061, -1.877241714999968 ], [ 37.910771847000035, -1.876546471999973 ], [ 37.91155548100005, -1.876175427999954 ], [ 37.912324905000048, -1.876333991999957 ], [ 37.913089752000076, -1.87603099599994 ], [ 37.913982391000047, -1.876209871999947 ], [ 37.915047328000071, -1.875602860999948 ], [ 37.915909237000051, -1.876112447999958 ], [ 37.916903686000069, -1.876133894999953 ], [ 37.917725699000073, -1.876508099999967 ], [ 37.918896866000068, -1.876928376999956 ], [ 37.919966561000024, -1.876798901999962 ], [ 37.920690536000052, -1.87720468599997 ], [ 37.92150306700006, -1.877568155999938 ], [ 37.922449748000076, -1.877781072999937 ], [ 37.923276520000059, -1.877727078999953 ], [ 37.924180031000049, -1.877492874999973 ], [ 37.924971263000032, -1.877093870999943 ], [ 37.925602913000034, -1.876166060999935 ], [ 37.926438141000062, -1.875519060999977 ], [ 37.927247047000037, -1.874865263999936 ], [ 37.92833752100006, -1.874266809999938 ], [ 37.929061508000075, -1.87492829599995 ], [ 37.930194378000067, -1.875293671999941 ], [ 37.93098907500007, -1.875683140999968 ], [ 37.931828181000071, -1.875757614999941 ], [ 37.932994025000028, -1.875552943999935 ], [ 37.93427712600004, -1.875189065999962 ], [ 37.935052599000073, -1.874297413999955 ], [ 37.936104366000052, -1.874148998999942 ], [ 37.936952591000079, -1.873824089999971 ], [ 37.937932151000041, -1.873368586999959 ], [ 37.938823700000057, -1.872972428999958 ], [ 37.939699809000047, -1.872726678999925 ], [ 37.940799168000069, -1.87255253099994 ], [ 37.94220209100007, -1.872808873999929 ], [ 37.943567658000063, -1.872748136999974 ], [ 37.944460551000077, -1.872491200999946 ], [ 37.945542018000026, -1.872287292999943 ], [ 37.948204041000054, -1.872140168999977 ], [ 37.956558228000063, -1.87200164799998 ], [ 37.956054688000052, -1.872627794999971 ], [ 37.955516815000067, -1.873365580999973 ], [ 37.95521545400004, -1.874271034999936 ], [ 37.95512771600005, -1.875277002999951 ], [ 37.95512771600005, -1.876327752999941 ], [ 37.955333710000048, -1.877456773999938 ], [ 37.955886841000051, -1.87865285099997 ], [ 37.956591606000075, -1.879653244999929 ], [ 37.957262039000057, -1.880676090999941 ], [ 37.957899729000076, -1.881469765999952 ], [ 37.958469391000051, -1.882419883999944 ], [ 37.958904266000047, -1.883303005999949 ], [ 37.959597905000066, -1.88452140499993 ], [ 37.960136413000043, -1.885695139999939 ], [ 37.960683823000068, -1.886678814999925 ], [ 37.961185455000077, -1.887651293999966 ], [ 37.961957932000075, -1.888623773999939 ], [ 37.962880134000045, -1.889311283999973 ], [ 37.963903427000048, -1.889965176999965 ], [ 37.964672089000032, -1.890434741999968 ], [ 37.965812683000024, -1.890920936999976 ], [ 37.967155457000047, -1.891407191999974 ], [ 37.968093872000054, -1.891742526999963 ], [ 37.969099045000064, -1.892077922999931 ], [ 37.970424652000077, -1.89248028399993 ], [ 37.971513748000064, -1.892782091999948 ], [ 37.972454071000072, -1.893117486999927 ], [ 37.973392487000069, -1.893419265999967 ], [ 37.974298477000048, -1.893620490999979 ], [ 37.975070953000056, -1.893855213999927 ], [ 37.975940704000038, -1.894123494999974 ], [ 37.976844788000051, -1.894358217999979 ], [ 37.977817535000042, -1.894559442999935 ], [ 37.978824615000065, -1.894727110999952 ], [ 37.979797363000046, -1.894961833999957 ], [ 37.980770111000027, -1.895196556999963 ], [ 37.98170852700008, -1.895297228999937 ], [ 37.982715607000046, -1.895397841999966 ], [ 37.98358726500004, -1.895464837999953 ], [ 37.984653473000037, -1.895632266999939 ], [ 37.98568534900005, -1.895778715999938 ], [ 37.986604691000025, -1.895891904999928 ], [ 37.987524033000057, -1.895990967999978 ], [ 37.988712311000029, -1.89606165899994 ], [ 37.989618301000064, -1.896118282999964 ], [ 37.99039459200003, -1.896146535999947 ], [ 37.991241455000079, -1.896142839999925 ], [ 37.992238998000062, -1.896116613999936 ], [ 37.993234634000032, -1.896055459999957 ], [ 37.994102478000059, -1.89600300799998 ], [ 37.995254517000035, -1.895828067999958 ], [ 37.996768951000035, -1.895452200999955 ], [ 37.998247147000029, -1.894774058999928 ], [ 38.000327110000057, -1.893901049999954 ], [ 38.002327728000068, -1.892795339999964 ], [ 38.003560066000034, -1.892536788999962 ], [ 38.00493812600007, -1.890084772999955 ], [ 38.005531311000027, -1.889449119999938 ], [ 38.006387075000077, -1.889084219999972 ], [ 38.007668813000066, -1.888681391999967 ], [ 38.008754730000078, -1.888705272999971 ], [ 38.009753545000081, -1.888758261999953 ], [ 38.011394374000076, -1.888394398999935 ], [ 38.012601375000031, -1.888246103999961 ], [ 38.013686044000053, -1.888041904999966 ], [ 38.014596939000057, -1.888150691999954 ], [ 38.015398298000036, -1.888177087999964 ], [ 38.016577244000075, -1.888908981999975 ], [ 38.018036524000024, -1.889751796999974 ], [ 38.019532680000054, -1.890121034999936 ], [ 38.020603657000038, -1.890575736999949 ], [ 38.022119795000037, -1.89135132499996 ], [ 38.023896281000077, -1.891599018999955 ], [ 38.025146484000061, -1.89165828199998 ], [ 38.02593078600006, -1.891535806999968 ], [ 38.026810646000058, -1.891463681999937 ], [ 38.027742386000057, -1.891083676999926 ], [ 38.028631592000067, -1.891022204999956 ], [ 38.02943547600006, -1.890700975999948 ], [ 38.030485426000041, -1.89061464599996 ], [ 38.031302134000043, -1.890286186999958 ], [ 38.032088280000039, -1.890221893999978 ], [ 38.032828013000028, -1.890498319999949 ], [ 38.033862686000077, -1.89099953799996 ], [ 38.034949303000076, -1.891314073999979 ], [ 38.035651398000027, -1.891823625999962 ], [ 38.036377430000073, -1.892501448999951 ], [ 38.037427266000066, -1.893183677999957 ], [ 38.038791339000056, -1.893663003999961 ], [ 38.039894649000075, -1.893949491999933 ], [ 38.040685018000033, -1.893944958999953 ], [ 38.041369756000051, -1.894672591999949 ], [ 38.042675631000066, -1.895118274999959 ], [ 38.043888855000034, -1.895301389999929 ], [ 38.044687271000043, -1.895332365999934 ], [ 38.045332909000024, -1.894447187999958 ], [ 38.046023233000028, -1.893499697999971 ], [ 38.046461105000049, -1.892693956999949 ], [ 38.046875, -1.892024784999933 ], [ 38.047432709000077, -1.89146795299996 ], [ 38.048049291000041, -1.890644212999973 ], [ 38.048667908000027, -1.890013674999977 ], [ 38.049513681000064, -1.889709352999944 ], [ 38.050145830000076, -1.88883451099997 ], [ 38.051054955000041, -1.88857934899994 ], [ 38.05171585100004, -1.889456220999932 ], [ 38.052440008000076, -1.889856914999939 ], [ 38.053044828000054, -1.890506883999933 ], [ 38.053590775000032, -1.889615743999968 ], [ 38.05494090500008, -1.888226934999977 ], [ 38.055958430000032, -1.887909670999932 ], [ 38.057006836000028, -1.888044499999978 ], [ 38.058250904000033, -1.88762229699995 ], [ 38.06003888500004, -1.886930139999947 ], [ 38.061377716000038, -1.887066363999963 ], [ 38.062346141000035, -1.887235680999936 ], [ 38.06317075100003, -1.887125908999963 ], [ 38.064378262000048, -1.886662154999954 ], [ 38.06580352800006, -1.886804535999943 ], [ 38.067195892000029, -1.887225170999955 ], [ 38.068087260000027, -1.887514272999965 ], [ 38.069020952000074, -1.887714845999938 ], [ 38.070152283000027, -1.887634825999953 ], [ 38.071064758000034, -1.887283706999938 ], [ 38.071974945000079, -1.887218880999967 ], [ 38.072911072000068, -1.887034964999941 ], [ 38.073720296000033, -1.886542439999971 ], [ 38.074302673000034, -1.885965942999974 ], [ 38.074893951000035, -1.885260462999952 ], [ 38.075678508000067, -1.884250322999947 ], [ 38.076313019000054, -1.883256673999938 ], [ 38.077062879000039, -1.882928592999974 ], [ 38.078048706000061, -1.882460253999966 ], [ 38.078064728000072, -1.881585597999958 ], [ 38.078337288000057, -1.880422332999956 ], [ 38.07864872600004, -1.878948370999979 ], [ 38.077867508000054, -1.877695351999932 ], [ 38.077514648000033, -1.876750611999967 ], [ 38.077150345000064, -1.875805183999944 ], [ 38.076058070000045, -1.875495810999951 ], [ 38.074592272000075, -1.875916659999973 ], [ 38.07321739200006, -1.876596599999971 ], [ 38.072103119000076, -1.876972936999948 ], [ 38.071142288000033, -1.877623384999936 ], [ 38.07001113900003, -1.877099409999971 ], [ 38.069789886000081, -1.876160829999947 ], [ 38.069916861000024, -1.875311527999941 ], [ 38.069655418000025, -1.874090477999971 ], [ 38.068805695000037, -1.873388587999955 ], [ 38.067828496000061, -1.873488306999946 ], [ 38.066586494000035, -1.873857303999955 ], [ 38.065845489000026, -1.874614178999934 ], [ 38.065284729000041, -1.87515168699997 ], [ 38.064673424000034, -1.874368398999934 ], [ 38.064284733000079, -1.873261757999956 ], [ 38.064002355000071, -1.872188190999964 ], [ 38.063175201000035, -1.871380447999968 ], [ 38.061622620000037, -1.870902401999956 ], [ 38.060971832000064, -1.87008323699996 ], [ 38.060919444000035, -1.869238018999965 ], [ 38.061075211000059, -1.868296145999977 ], [ 38.061206818000073, -1.86737304899998 ], [ 38.061413765000054, -1.866609394999955 ], [ 38.062032700000032, -1.865814566999973 ], [ 38.062528610000072, -1.864967673999956 ], [ 38.062715149000041, -1.864088177999975 ], [ 38.062412262000066, -1.863052904999961 ], [ 38.061365763000026, -1.862853904999952 ], [ 38.060373306000031, -1.862909435999939 ], [ 38.059642792000034, -1.863146805999975 ], [ 38.058854784000061, -1.864027073999978 ], [ 38.057672373000059, -1.863730430999965 ], [ 38.056966400000078, -1.862558245999935 ], [ 38.058414459000062, -1.86059784899993 ], [ 38.058313942000041, -1.859683602999951 ], [ 38.057085037000036, -1.859698881999975 ], [ 38.055689017000077, -1.860398262999979 ], [ 38.054553223000028, -1.860689496999953 ], [ 38.05380630500008, -1.859922169999948 ], [ 38.053432465000071, -1.859035968999933 ], [ 38.053085327000076, -1.858091890999958 ], [ 38.052618980000034, -1.857307433999949 ], [ 38.051612854000041, -1.857324808999977 ], [ 38.051032066000062, -1.858116119999977 ], [ 38.051349163000054, -1.859046354999975 ], [ 38.052098274000059, -1.860040738999942 ], [ 38.051232656000025, -1.86051452199996 ], [ 38.050174713000047, -1.860584020999966 ], [ 38.049260139000069, -1.860448598999938 ], [ 38.046991621000075, -1.857690248999972 ], [ 38.047523499000079, -1.856911777999926 ], [ 38.048083305000034, -1.856300889999943 ], [ 38.048347473000035, -1.855086097999958 ], [ 38.048280716000079, -1.854010104999929 ], [ 38.048165639000047, -1.853137770999979 ], [ 38.048046112000065, -1.852198361999967 ], [ 38.048456574000056, -1.851259354999968 ], [ 38.049329546000024, -1.850592440999947 ], [ 38.048613231000047, -1.850268482999979 ], [ 38.047735214000056, -1.850629448999939 ], [ 38.046513557000026, -1.850973099999976 ], [ 38.045073191000029, -1.851145505999966 ], [ 38.044125557000029, -1.85170543199996 ], [ 38.043180466000024, -1.851696172999937 ], [ 38.042786916000068, -1.850837707999972 ], [ 38.042676290000031, -1.84993529299993 ], [ 38.042545319000055, -1.84897112799996 ], [ 38.04215927100006, -1.848195433999933 ], [ 38.041435242000034, -1.84747111799993 ], [ 38.04079532600008, -1.846386670999948 ], [ 38.040816307000057, -1.845130800999925 ], [ 38.041431427000077, -1.84424241399995 ], [ 38.041818619000026, -1.843343972999946 ], [ 38.041793823000035, -1.842089622999936 ], [ 38.041053772000055, -1.841763734999972 ], [ 38.040328979000037, -1.842182874999935 ], [ 38.039489201000038, -1.842438118999951 ], [ 38.038787842000033, -1.841731667999966 ], [ 38.038120651000042, -1.840690850999977 ], [ 38.035587311000029, -1.838061809999942 ], [ 38.03499221800007, -1.83729171799996 ], [ 38.03461227400004, -1.83623771699996 ], [ 38.034445445000074, -1.835358460999942 ], [ 38.034315109000033, -1.83437085099996 ], [ 38.034000397000057, -1.833145548999937 ], [ 38.033374786000024, -1.832177956999942 ], [ 38.03243255600006, -1.832276582999953 ], [ 38.031869253000025, -1.833529591999934 ], [ 38.031711578000056, -1.834764837999955 ], [ 38.031608582000047, -1.835604130999968 ], [ 38.031581879000044, -1.83643740399998 ], [ 38.031115214000067, -1.837145268999961 ], [ 38.030026436000071, -1.837499260999948 ], [ 38.02913284300007, -1.837708830999929 ], [ 38.028387070000065, -1.838061749999952 ], [ 38.027528763000078, -1.838266312999963 ], [ 38.02691459600004, -1.837697773999935 ], [ 38.027351379000038, -1.836930721999977 ], [ 38.027963638000074, -1.836359202999972 ], [ 38.028546651000056, -1.83551895599993 ], [ 38.028776078000078, -1.834074493999935 ], [ 38.027413686000045, -1.834107160999963 ], [ 38.026544571000045, -1.834373831999926 ], [ 38.02552795400004, -1.834554373999936 ], [ 38.024345398000037, -1.83435579099995 ], [ 38.023525238000047, -1.834163307999972 ], [ 38.022474289000058, -1.833826362999957 ], [ 38.022224108000046, -1.832552964999934 ], [ 38.022714233000045, -1.831549834999976 ], [ 38.022504807000075, -1.830553560999931 ], [ 38.021343708000074, -1.830028652999943 ], [ 38.020996094000054, -1.829061587999945 ], [ 38.021217346000071, -1.828271428999926 ], [ 38.021138509000025, -1.827066202999958 ], [ 38.019356251000033, -1.825030713999979 ], [ 38.019355011000073, -1.823875641999962 ], [ 38.020117283000047, -1.822837799999945 ], [ 38.021056811000051, -1.821569417999967 ], [ 38.020532608000053, -1.820407270999965 ], [ 38.019712448000064, -1.819724440999948 ], [ 38.018945694000024, -1.819598137999947 ], [ 38.018150330000026, -1.819741224999973 ], [ 38.017280579000044, -1.819898902999967 ], [ 38.016525269000056, -1.819368254999972 ], [ 38.016876221000075, -1.818521141999952 ], [ 38.017500305000056, -1.817996596999933 ], [ 38.018007278000027, -1.817140429999938 ], [ 38.018283844000052, -1.816299239999978 ], [ 38.018508593000035, -1.815276453999957 ], [ 38.018841553000073, -1.814187144999948 ], [ 38.018772125000055, -1.813241987999959 ], [ 38.01861000100007, -1.812320510999939 ], [ 38.018515905000072, -1.811161398999957 ], [ 38.017520905000026, -1.811226546999933 ], [ 38.016404470000055, -1.811491240999942 ], [ 38.01579380000004, -1.810462474999952 ], [ 38.016354697000054, -1.809323310999957 ], [ 38.01729638200004, -1.808625408999944 ], [ 38.017324829000074, -1.807737755999938 ], [ 38.016668701000071, -1.806740378999962 ], [ 38.016212463000045, -1.805821030999937 ], [ 38.015464783000027, -1.805050928999947 ], [ 38.014420668000071, -1.804523815999971 ], [ 38.01460484100005, -1.803565501999969 ], [ 38.014049530000079, -1.802731791999975 ], [ 38.013468170000067, -1.801805376999937 ], [ 38.01298014300005, -1.800526747999925 ], [ 38.01261329700003, -1.799448668999958 ], [ 38.012331962000076, -1.798719942999981 ], [ 38.011968994000028, -1.797758578999947 ], [ 38.011439006000046, -1.796854098999972 ], [ 38.011575063000066, -1.795885403999932 ], [ 38.012656742000047, -1.795170810999934 ], [ 38.012006760000077, -1.794416367999929 ], [ 38.011013031000061, -1.79398286299994 ], [ 38.010075569000037, -1.79392945799998 ], [ 38.00905227700008, -1.794139702999928 ], [ 38.008071899000072, -1.794040560999974 ], [ 38.007118225000056, -1.793527543999971 ], [ 38.006512960000066, -1.793041745999972 ], [ 38.005746841000075, -1.79227930299993 ], [ 38.00508753500003, -1.791538595999953 ], [ 38.005165100000056, -1.790748342999962 ], [ 38.006300926000051, -1.790488570999969 ], [ 38.006956736000063, -1.789978761999976 ], [ 38.007358551000038, -1.789046445999929 ], [ 38.007527351000078, -1.787818818999938 ], [ 38.007461548000038, -1.78654118399993 ], [ 38.006869180000081, -1.785691533999966 ], [ 38.005674680000027, -1.785433371999943 ], [ 38.005265554000061, -1.784127413999954 ], [ 38.005010605000052, -1.783185213999957 ], [ 38.004487514000061, -1.782366632999924 ], [ 38.004126231000043, -1.781206051999959 ], [ 38.004039764000026, -1.780188738999925 ], [ 38.003953934000037, -1.779371797999943 ], [ 38.003570133000039, -1.77839075199995 ], [ 38.002452087000052, -1.777998041999979 ], [ 38.00175312600004, -1.777174932999969 ], [ 38.001968384000065, -1.77624130199996 ], [ 38.002632777000031, -1.775086700999964 ], [ 38.00261783600007, -1.774048655999934 ], [ 38.001907348000032, -1.773587902999964 ], [ 38.001096090000033, -1.773065089999932 ], [ 38.000709534000066, -1.772267788999955 ], [ 38.001213074000077, -1.771101206999958 ], [ 38.001974106000034, -1.770267962999981 ], [ 38.00277710000006, -1.769411801999979 ], [ 38.003748894000069, -1.768483757999945 ], [ 38.004817009000078, -1.767947852999953 ], [ 38.00563812300004, -1.767222433999962 ], [ 38.005941391000079, -1.766510068999935 ], [ 38.005795479000028, -1.765686630999937 ], [ 38.005219777000036, -1.764917572999934 ], [ 38.00446510300003, -1.763863175999973 ], [ 38.003676097000039, -1.763174811999932 ], [ 38.002496719000078, -1.762918829999933 ], [ 38.00124969500007, -1.762681602999976 ], [ 38.000662804000058, -1.761860101999957 ], [ 38.00088596300003, -1.760706603999949 ], [ 38.000992838000059, -1.759378563999974 ], [ 38.000023842000076, -1.758507400999974 ], [ 37.999053955000079, -1.758138219999978 ], [ 37.998172760000045, -1.757924635999927 ], [ 37.997090022000066, -1.757777601999976 ], [ 37.99688644400004, -1.756522607999955 ], [ 37.997758865000037, -1.755798458999948 ], [ 37.998976708000043, -1.754844833999925 ], [ 37.998840332000043, -1.753879208999933 ], [ 37.997569402000067, -1.753779013999974 ], [ 37.996704101000034, -1.753345488999969 ], [ 37.996309280000048, -1.752684324999962 ], [ 37.995829037000078, -1.751625098999966 ], [ 37.996644974000048, -1.750668197999971 ], [ 37.998003006000033, -1.750586449999957 ], [ 37.99941158300004, -1.750961164999978 ], [ 38.000776291000079, -1.751596172999939 ], [ 38.001770973000077, -1.751583128999926 ], [ 38.002666473000033, -1.751298814999927 ], [ 38.003633499000046, -1.75109946699996 ], [ 38.004826546000061, -1.750970452999979 ], [ 38.005733490000068, -1.75057142999998 ], [ 38.006469727000024, -1.749970753999946 ], [ 38.007078807000028, -1.749450245999981 ], [ 38.007699013000035, -1.74891927799996 ], [ 38.008172989000059, -1.748051344999965 ], [ 38.008548737000069, -1.74735420899998 ], [ 38.00989437100003, -1.744105696999952 ], [ 38.010158539000031, -1.74308323899993 ], [ 38.010293961000059, -1.742174684999952 ], [ 38.010362625000027, -1.741003542999977 ], [ 38.010431925000034, -1.739897489999976 ], [ 38.009136200000057, -1.737037002999955 ], [ 38.008842468000068, -1.73629802499994 ], [ 38.008654277000062, -1.735419670999931 ], [ 38.008584340000027, -1.734597086999941 ], [ 38.008164406000049, -1.733622863999926 ], [ 38.007147789000044, -1.733126192999976 ], [ 38.006032308000044, -1.732779929999936 ], [ 38.006305059000056, -1.731443802999934 ], [ 38.007114410000042, -1.730693280999958 ], [ 38.007515589000036, -1.729907830999935 ], [ 38.007083257000033, -1.729064285999925 ], [ 38.006340027000078, -1.729253708999977 ], [ 38.005468369000027, -1.729680100999929 ], [ 38.004255295000064, -1.729874133999942 ], [ 38.003454208000051, -1.730104147999953 ], [ 38.002520243000049, -1.730393468999978 ], [ 38.001251221000075, -1.730714141999954 ], [ 38.000215912000044, -1.731237983999961 ], [ 37.999327342000072, -1.731943567999963 ], [ 37.997777557000063, -1.73180268599998 ], [ 37.997226715000068, -1.730218350999962 ], [ 37.996579170000075, -1.729020550999962 ], [ 37.995497386000068, -1.728756268999973 ], [ 37.994419098000037, -1.72876596499998 ], [ 37.993232727000077, -1.728773235999938 ], [ 37.992072105000034, -1.729096918999971 ], [ 37.990928650000058, -1.730268050999939 ], [ 37.98982111600003, -1.730768799999964 ], [ 37.988969803000032, -1.730948209999951 ], [ 37.988149007000061, -1.731147050999937 ], [ 37.987245560000076, -1.731399178999936 ], [ 37.986268044000042, -1.731788396999946 ], [ 37.984864235000032, -1.732166647999975 ], [ 37.983334859000024, -1.731935043999954 ], [ 37.983007050000026, -1.730962776999945 ], [ 37.983395895000058, -1.72987163099998 ], [ 37.983545939000066, -1.728993892999938 ], [ 37.983874512000057, -1.727936696999961 ], [ 37.984798431000058, -1.726339995999979 ], [ 37.98554897300005, -1.72596538099998 ], [ 37.986412048000034, -1.725473184999942 ], [ 37.987067223000054, -1.724572330999933 ], [ 37.986584663000031, -1.723786740999969 ], [ 37.985700989000065, -1.72276906999997 ], [ 37.985986710000077, -1.72200089699993 ], [ 37.986450195000032, -1.721288124999944 ], [ 37.986696879000078, -1.720492759999956 ], [ 37.986273448000077, -1.719440409999947 ], [ 37.985197067000058, -1.718479573999957 ], [ 37.984249115000068, -1.717694580999932 ], [ 37.983293261000028, -1.716904810999949 ], [ 37.982419332000063, -1.716909050999959 ], [ 37.981410980000078, -1.717570930999955 ], [ 37.980490367000073, -1.718315322999956 ], [ 37.979244232000042, -1.71869726999995 ], [ 37.978037516000029, -1.718582033999951 ], [ 37.976896922000037, -1.718373536999934 ], [ 37.975980123000056, -1.717878897999981 ], [ 37.975504557000079, -1.717161138999927 ], [ 37.975526810000076, -1.716348826999933 ], [ 37.975778580000053, -1.715195893999976 ], [ 37.975971222000055, -1.714101115999938 ], [ 37.975743612000031, -1.713218529999949 ], [ 37.974978447000069, -1.712264388999927 ], [ 37.974123637000048, -1.711501836999958 ], [ 37.973990122000032, -1.71039370699998 ], [ 37.974632263000046, -1.70919108399994 ], [ 37.975221634000036, -1.70838725599998 ], [ 37.975807667000026, -1.707267030999958 ], [ 37.975909233000039, -1.706179499999962 ], [ 37.975595474000045, -1.70515748899993 ], [ 37.975211143000024, -1.703971832999969 ], [ 37.974471092000044, -1.702695190999975 ], [ 37.973564148000037, -1.701545804999967 ], [ 37.972755432000042, -1.700774788999979 ], [ 37.971921921000046, -1.700243770999975 ], [ 37.971183777000078, -1.699967383999933 ], [ 37.970414162000054, -1.700171023999928 ], [ 37.969666799000038, -1.700818498999979 ], [ 37.968847911000069, -1.701356738999948 ], [ 37.967824300000075, -1.70105119599998 ], [ 37.967198690000032, -1.700127392999946 ], [ 37.967212677000077, -1.699014424999973 ], [ 37.967365265000069, -1.698236047999956 ], [ 37.967642466000029, -1.697081922999928 ], [ 37.967709065000065, -1.695702850999965 ], [ 37.96662426000006, -1.694708108999976 ], [ 37.965788523000072, -1.694174646999954 ], [ 37.965456009000036, -1.693431466999925 ], [ 37.965366364000033, -1.69261312499998 ], [ 37.965185483000027, -1.691628664999939 ], [ 37.964445114000057, -1.690743624999925 ], [ 37.963481267000077, -1.690149564999956 ], [ 37.962563833000047, -1.689322749999974 ], [ 37.96147346500004, -1.689266979999957 ], [ 37.960584005000044, -1.689354299999934 ], [ 37.959612710000044, -1.688903280999966 ], [ 37.95964050300006, -1.687681257999941 ], [ 37.959793091000051, -1.686779200999979 ], [ 37.959844589000056, -1.686008154999968 ], [ 37.959579468000072, -1.685120671999925 ], [ 37.958673477000048, -1.684727906999967 ], [ 37.957653999000058, -1.684658705999937 ], [ 37.956358910000063, -1.684509634999927 ], [ 37.955123901000036, -1.684244155999977 ], [ 37.953918457000043, -1.683873116999962 ], [ 37.952999115000068, -1.68333125099997 ], [ 37.952308655000024, -1.682865678999974 ], [ 37.951415487000077, -1.682339001999935 ], [ 37.95254516600005, -1.680279850999966 ], [ 37.953144074000079, -1.679176985999959 ], [ 37.953602791000037, -1.677795886999945 ], [ 37.956771851000042, -1.671843766999928 ], [ 37.957345009000051, -1.670769065999934 ], [ 37.95779800400004, -1.669838249999941 ], [ 37.958117485000059, -1.66896137599997 ], [ 37.958347321000076, -1.668012499999975 ], [ 37.958544731000075, -1.666946708999944 ], [ 37.958599091000053, -1.665800094999952 ], [ 37.958538056000066, -1.66490073999995 ], [ 37.958566666000024, -1.663740545999929 ], [ 37.958824158000027, -1.662625342999945 ], [ 37.959437561000072, -1.661418365999964 ], [ 37.960245132000068, -1.660057693999931 ], [ 37.961182594000036, -1.658479228999965 ], [ 37.962412516000029, -1.65808355799993 ], [ 37.963211060000049, -1.657705902999965 ], [ 37.964071274000048, -1.656914412999924 ], [ 37.96530914300007, -1.655151605999947 ], [ 37.965847015000065, -1.654135345999975 ], [ 37.966396332000045, -1.653182029999925 ], [ 37.966800690000071, -1.652417540999977 ], [ 37.967250824000075, -1.651617109999961 ], [ 37.967763901000069, -1.650825678999979 ], [ 37.968294144000026, -1.650097190999929 ], [ 37.969039917000032, -1.648981987999946 ], [ 37.969381332000069, -1.648145615999965 ], [ 37.96972465500005, -1.64746206999996 ], [ 37.970414988000073, -1.646518945999958 ], [ 37.971416473000033, -1.64647817599996 ], [ 37.972372327000073, -1.646057792999954 ], [ 37.973176956000032, -1.64498430499998 ], [ 37.973775864000061, -1.643914073999952 ], [ 37.974209309000059, -1.642929300999924 ], [ 37.974448522000046, -1.641598224999939 ], [ 37.974581719000071, -1.640626102999931 ], [ 37.977592468000068, -1.637636720999978 ], [ 37.978467941000076, -1.636634736999952 ], [ 37.978737831000046, -1.635556920999932 ], [ 37.979198456000063, -1.634946584999966 ], [ 37.980123520000063, -1.634608387999947 ], [ 37.981170654000039, -1.63453382299997 ], [ 37.982395172000054, -1.634400416999938 ], [ 37.98316574100005, -1.633743047999928 ], [ 37.984149933000026, -1.632206677999932 ], [ 37.984954834000064, -1.631336450999925 ], [ 37.986694336000028, -1.629834770999935 ], [ 37.987921143000051, -1.628629445999934 ], [ 37.988983154000039, -1.628054618999954 ], [ 37.989788055000076, -1.627636908999932 ], [ 37.991443634000063, -1.62656784099994 ], [ 37.992238998000062, -1.625966071999926 ], [ 37.993513107000069, -1.625105857999927 ], [ 37.994418144000065, -1.624392359999945 ], [ 37.994979858000079, -1.623778223999977 ], [ 37.995772680000073, -1.62280527799993 ], [ 37.998092651000036, -1.62082445599998 ], [ 37.998863220000032, -1.620317339999929 ], [ 38.004528046000075, -1.620066642999973 ], [ 38.006446838000045, -1.619979142999966 ], [ 38.007354736000025, -1.619777639999938 ], [ 38.008152008000025, -1.619700073999979 ], [ 38.013369878000049, -1.618376850999937 ], [ 38.014369964000025, -1.618414004999977 ], [ 38.015369415000066, -1.618527531999973 ], [ 38.016666412000063, -1.618422746999954 ], [ 38.017784118000066, -1.618173807999938 ], [ 38.019165993000058, -1.617545038999936 ], [ 38.020404816000053, -1.617063611999924 ], [ 38.02188682600007, -1.616798281999934 ], [ 38.023021698000036, -1.616693496999972 ], [ 38.023792267000033, -1.616680383999949 ], [ 38.024881363000077, -1.616588651999962 ], [ 38.026253700000041, -1.616254597999955 ], [ 38.027381897000055, -1.615907430999926 ], [ 38.028425217000063, -1.61561924199998 ], [ 38.029726028000027, -1.615357219999964 ], [ 38.030715942000029, -1.615213155999925 ], [ 38.032123566000053, -1.615082144999974 ], [ 38.033027649000076, -1.614964246999932 ], [ 38.034116745000063, -1.61479389699997 ], [ 38.037412643000039, -1.613994776999959 ], [ 38.038213730000052, -1.61343476199994 ], [ 38.039197286000046, -1.612896501999955 ], [ 38.040018082000074, -1.61263889099996 ], [ 38.040822347000073, -1.612510044999965 ], [ 38.042392731000064, -1.612286495999967 ], [ 38.043384552000077, -1.61187905099996 ], [ 38.044251760000066, -1.611614862999943 ], [ 38.045215607000046, -1.611444592999931 ], [ 38.046243032000064, -1.611169377999943 ], [ 38.049622854000063, -1.609907388999943 ], [ 38.050493240000037, -1.609792798999933 ], [ 38.05166721300003, -1.609766602999969 ], [ 38.052480698000068, -1.609719713999937 ], [ 38.053514481000036, -1.610228418999952 ], [ 38.054420471000071, -1.610916077999946 ], [ 38.055276871000046, -1.611581027999932 ], [ 38.05743885000004, -1.612989306999964 ], [ 38.058351517000062, -1.61361491699995 ], [ 38.061596553000072, -1.615651984999943 ], [ 38.065778732000069, -1.615763306999952 ], [ 38.066873868000073, -1.615610499999946 ], [ 38.068695068000068, -1.615396499999974 ], [ 38.069548289000068, -1.615335424999955 ], [ 38.070974350000029, -1.615285187999973 ], [ 38.072156906000032, -1.614875793999943 ], [ 38.073346138000034, -1.614217519999954 ], [ 38.074426651000067, -1.613988279999944 ], [ 38.075748444000055, -1.614034115999971 ], [ 38.076991081000074, -1.613991498999951 ], [ 38.07799243900007, -1.613529741999969 ], [ 38.078968048000036, -1.613003531999937 ], [ 38.07993698100006, -1.612710952999976 ], [ 38.081146240000066, -1.612776445999941 ], [ 38.082255554000028, -1.612912678999976 ], [ 38.083085378000078, -1.612584312999957 ], [ 38.08491897600004, -1.611505686999976 ], [ 38.085737228000028, -1.611060201999976 ], [ 38.08672142000006, -1.610660731999928 ], [ 38.087841034000064, -1.610228478999943 ], [ 38.088691711000024, -1.609868168999981 ], [ 38.091678619000049, -1.608656346999965 ], [ 38.09254074100005, -1.608181446999936 ], [ 38.102882385000044, -1.607469677999973 ], [ 38.133136749000073, -1.605684637999957 ], [ 38.153240204000042, -1.604498624999962 ], [ 38.154262543000073, -1.606412946999967 ], [ 38.154506683000079, -1.607213258999934 ], [ 38.15473938000008, -1.608085572999926 ], [ 38.154869080000026, -1.609030007999934 ], [ 38.15497016900008, -1.610010444999944 ], [ 38.155113220000032, -1.610810696999977 ], [ 38.155574799000078, -1.612036227999965 ], [ 38.157932281000058, -1.617090105999978 ], [ 38.158443451000039, -1.617998480999972 ], [ 38.158935547000056, -1.618604063999953 ], [ 38.159568787000069, -1.619469165999931 ], [ 38.160331726000038, -1.620622753999953 ], [ 38.162592570000072, -1.624679167999943 ], [ 38.163225174000047, -1.625258326999926 ], [ 38.164259593000054, -1.625991284999941 ], [ 38.165022850000071, -1.627212076999967 ], [ 38.170269012000063, -1.63385915799995 ], [ 38.170902252000076, -1.634666621999941 ], [ 38.171745300000055, -1.63563269399998 ], [ 38.172271729000045, -1.636324762999948 ], [ 38.175056458000029, -1.642770051999946 ], [ 38.180109978000075, -1.646273791999931 ], [ 38.180953979000037, -1.647441744999981 ], [ 38.201694489000033, -1.672884225999951 ], [ 38.204519907000076, -1.675841092999974 ], [ 38.204998016000047, -1.676626642999963 ], [ 38.205457687000035, -1.677552937999963 ], [ 38.205753327000025, -1.678691982999965 ], [ 38.206020355000078, -1.679428457999961 ], [ 38.206772804000025, -1.680191903999969 ], [ 38.207345962000034, -1.681146844999944 ], [ 38.20821380600006, -1.683110713999952 ], [ 38.210510254000042, -1.687342881999939 ], [ 38.21470260600006, -1.692134737999936 ], [ 38.218227386000081, -1.697672843999953 ], [ 38.219680786000026, -1.701858281999932 ], [ 38.238430023000035, -1.731427788999952 ], [ 38.241405487000065, -1.736122726999952 ], [ 38.307762146000073, -1.738652944999956 ], [ 38.335849762000066, -1.739724039999942 ], [ 38.34262085000006, -1.739982127999951 ], [ 38.357012939000072, -1.744746970999927 ], [ 38.357871585000055, -1.744421110999951 ], [ 38.358913422000057, -1.744323640999937 ], [ 38.360042572000054, -1.744713646999969 ], [ 38.361703873000067, -1.744327932999965 ], [ 38.36270999900006, -1.743937879999976 ], [ 38.36351165800005, -1.743607353999948 ], [ 38.364734173000045, -1.742968290999954 ], [ 38.366158867000024, -1.742874183999959 ], [ 38.367139180000038, -1.742537140999957 ], [ 38.367748260000042, -1.742045918999963 ], [ 38.368609905000028, -1.741527452999946 ], [ 38.368603177000068, -1.740168915999959 ], [ 38.368849981000039, -1.739269769999964 ], [ 38.370300987000064, -1.738923375999946 ], [ 38.371902119000026, -1.738323568999931 ], [ 38.372304644000053, -1.739096794999966 ], [ 38.373191833000078, -1.739731415999927 ], [ 38.374750900000038, -1.740235661999975 ], [ 38.375886281000078, -1.74012466299996 ], [ 38.37682660400003, -1.739916443999959 ], [ 38.377852236000081, -1.739766503999931 ], [ 38.378772259000073, -1.738677739999957 ], [ 38.37931605700004, -1.737797242999932 ], [ 38.380297661000043, -1.737582355999962 ], [ 38.381112417000054, -1.737012584999945 ], [ 38.382042885000033, -1.73645171499993 ], [ 38.38280160100004, -1.735716478999962 ], [ 38.383824666000066, -1.735329044999958 ], [ 38.384687805000056, -1.734745048999969 ], [ 38.38514963800003, -1.734004536999976 ], [ 38.385663986000054, -1.73338554299994 ], [ 38.386750857000038, -1.733106712999927 ], [ 38.387143453000078, -1.731879392999929 ], [ 38.386979239000027, -1.730948651999938 ], [ 38.386428833000025, -1.730274581999936 ], [ 38.385522048000041, -1.729300687999967 ], [ 38.385899067000025, -1.728086575999953 ], [ 38.386610985000061, -1.72750571399996 ], [ 38.386802673000034, -1.726177125999925 ], [ 38.387402852000037, -1.72564226399993 ], [ 38.388414171000079, -1.724790811999981 ], [ 38.389294147000044, -1.724006706999944 ], [ 38.390631358000064, -1.723723947999929 ], [ 38.390943146000041, -1.722505902999956 ], [ 38.391355303000068, -1.721583591999945 ], [ 38.391949081000064, -1.720362221999949 ], [ 38.392951393000033, -1.720009852999965 ], [ 38.392890167000076, -1.718942498999979 ], [ 38.393244171000049, -1.718167209999933 ], [ 38.393844605000027, -1.71708079299998 ], [ 38.394041061000053, -1.715967833999969 ], [ 38.394057274000033, -1.715139925999949 ], [ 38.394168854000043, -1.714214607999963 ], [ 38.394433975000027, -1.713481842999954 ], [ 38.394712721000076, -1.712692754999978 ], [ 38.395011902000078, -1.711726108999926 ], [ 38.395607948000077, -1.710933833999945 ], [ 38.396591663000038, -1.71027597799997 ], [ 38.397680283000057, -1.709883361999971 ], [ 38.398990631000061, -1.709324985999956 ], [ 38.399814606000064, -1.708993291999946 ], [ 38.400446320000071, -1.708386623999957 ], [ 38.40196689000004, -1.708513815999936 ], [ 38.40323559400008, -1.70873629099998 ], [ 38.404344286000025, -1.709400482999968 ], [ 38.405645752000055, -1.709102916999939 ], [ 38.407119751000039, -1.708231716999933 ], [ 38.408411026000067, -1.708299144999955 ], [ 38.408967018000055, -1.708854287999941 ], [ 38.40937709800005, -1.709720760999971 ], [ 38.410129547000054, -1.710098742999946 ], [ 38.411481857000069, -1.708916365999926 ], [ 38.412480354000024, -1.708725958999935 ], [ 38.413500786000043, -1.708839356999931 ], [ 38.414370855000072, -1.709338505999938 ], [ 38.415567398000064, -1.709846972999969 ], [ 38.416809082000043, -1.710363318999953 ], [ 38.418016910000063, -1.711036517999958 ], [ 38.418962638000039, -1.712372242999948 ], [ 38.418535233000057, -1.713466912999934 ], [ 38.418270111000027, -1.714343172999975 ], [ 38.418725695000035, -1.715126786999974 ], [ 38.41961333900008, -1.715632489999962 ], [ 38.420655251000028, -1.715550660999952 ], [ 38.421536636000042, -1.715363704999959 ], [ 38.422002157000065, -1.714446007999925 ], [ 38.422793797000054, -1.713862691999964 ], [ 38.423600197000042, -1.713370590999943 ], [ 38.424109936000036, -1.712597235999965 ], [ 38.425403799000037, -1.711901755999975 ], [ 38.426179068000067, -1.711086357999932 ], [ 38.427230835000046, -1.711043397999958 ], [ 38.428173610000044, -1.711251360999938 ], [ 38.428691864000029, -1.710588727999948 ], [ 38.42910766600005, -1.709580990999939 ], [ 38.429562887000031, -1.708904961999963 ], [ 38.430740356000058, -1.70938412299995 ], [ 38.43180234600004, -1.708528056999967 ], [ 38.431353760000036, -1.707516324999972 ], [ 38.432290395000052, -1.707103549999943 ], [ 38.433353969000052, -1.706865142999959 ], [ 38.434473753000077, -1.705871983999941 ], [ 38.435623169000053, -1.706456024999966 ], [ 38.436670303000028, -1.707020818999979 ], [ 38.437507629000038, -1.707293251999943 ], [ 38.43828811700007, -1.707880877999969 ], [ 38.43890476200005, -1.708928475999926 ], [ 38.441311264000035, -1.70904556499994 ], [ 38.441997051000044, -1.708179339999958 ], [ 38.442186737000043, -1.707182597999974 ], [ 38.442707062000068, -1.706550180999955 ], [ 38.443490601000065, -1.705888652999931 ], [ 38.444379534000063, -1.705316015999927 ], [ 38.443739537000056, -1.704427987999964 ], [ 38.444310760000064, -1.703449654999929 ], [ 38.444757843000048, -1.702778815999977 ], [ 38.444736481000064, -1.70190596599997 ], [ 38.444443067000066, -1.701132445999974 ], [ 38.444475174000047, -1.700219630999925 ], [ 38.445033264000074, -1.699516629999948 ], [ 38.445783234000032, -1.698650598999961 ], [ 38.446111407000046, -1.697693602999948 ], [ 38.446256638000079, -1.696760196999946 ], [ 38.446817398000064, -1.69587880399996 ], [ 38.447550092000029, -1.695175204999941 ], [ 38.447770800000058, -1.694354874999931 ], [ 38.447544098000037, -1.693277259999945 ], [ 38.448139954000055, -1.692222658999981 ], [ 38.448964437000029, -1.691358943999944 ], [ 38.449728012000037, -1.691069364999976 ], [ 38.450578308000047, -1.691321825999978 ], [ 38.451639448000037, -1.691470963999961 ], [ 38.452445030000035, -1.691080063999948 ], [ 38.453549385000031, -1.690933152999946 ], [ 38.454818344000046, -1.690429234999954 ], [ 38.455866496000056, -1.689707278999947 ], [ 38.456415176000064, -1.688876479999976 ], [ 38.457197475000044, -1.687747516999934 ], [ 38.458241463000036, -1.687197 ], [ 38.459175873000049, -1.686591147999934 ], [ 38.459776402000045, -1.685760408999954 ], [ 38.459742069000072, -1.684630795999965 ], [ 38.459671021000077, -1.683414925999955 ], [ 38.459948404000045, -1.68225804399998 ], [ 38.46032381100008, -1.681132882999975 ], [ 38.460558319000029, -1.680090760999974 ], [ 38.460102717000041, -1.679393847999961 ], [ 38.460158094000064, -1.678248158999963 ], [ 38.460776193000072, -1.677259155999934 ], [ 38.461792416000037, -1.676792832999979 ], [ 38.46238848400003, -1.675721090999957 ], [ 38.46319743600003, -1.674876433999941 ], [ 38.464293480000038, -1.674800514999959 ], [ 38.465263367000034, -1.674284764999925 ], [ 38.46633625000004, -1.67418730199995 ], [ 38.467077528000061, -1.673883778999937 ], [ 38.467153549000045, -1.672696935999966 ], [ 38.467441983000072, -1.671499424999979 ], [ 38.467837742000029, -1.670405710999944 ], [ 38.468317032000073, -1.669472693999978 ], [ 38.469003889000078, -1.668826592999949 ], [ 38.469429779000052, -1.667592963999937 ], [ 38.469686508000052, -1.666260763999958 ], [ 38.47017211900004, -1.66542465699996 ], [ 38.470415497000033, -1.664597963999938 ], [ 38.470557403000043, -1.663749050999968 ], [ 38.470554829000037, -1.662758513999961 ], [ 38.470714569000052, -1.661977648999937 ], [ 38.47081852000008, -1.660050034999927 ], [ 38.471239726000078, -1.65938039599996 ], [ 38.471941376000075, -1.659008120999943 ], [ 38.472968388000027, -1.659279641999944 ], [ 38.473987579000038, -1.659866749999935 ], [ 38.474779129000069, -1.659913092999943 ], [ 38.475551605000078, -1.659491044999925 ], [ 38.476403554000058, -1.65957581999993 ], [ 38.477317810000045, -1.659689882999942 ], [ 38.478300912000066, -1.660171968999975 ], [ 38.478989919000071, -1.661228835999964 ], [ 38.479002380000054, -1.662006711999936 ], [ 38.478879547000076, -1.662824868999962 ], [ 38.47969945300008, -1.663538693999953 ], [ 38.480344454000033, -1.664660463999951 ], [ 38.481037140000069, -1.665420650999977 ], [ 38.481857300000058, -1.665715598999952 ], [ 38.482741220000037, -1.665767413999959 ], [ 38.483719508000036, -1.666082441999947 ], [ 38.484584808000079, -1.666294991999962 ], [ 38.485487620000072, -1.66643331399996 ], [ 38.486540113000046, -1.667762568999933 ], [ 38.487548192000077, -1.668331702999978 ], [ 38.488627116000032, -1.66839015499994 ], [ 38.489557266000077, -1.667993644999967 ], [ 38.490340551000031, -1.667607147999945 ], [ 38.491396586000064, -1.667413154999963 ], [ 38.492828369000051, -1.666720658999964 ], [ 38.493648529000041, -1.666196550999928 ], [ 38.494490051000071, -1.665585517999943 ], [ 38.494842529000039, -1.664839314999938 ], [ 38.49564266200008, -1.664078548999953 ], [ 38.496617317000073, -1.663742661999947 ], [ 38.497105916000066, -1.663117209999939 ], [ 38.497393799000065, -1.662229227999944 ], [ 38.497912816000053, -1.661464162999948 ], [ 38.498647436000056, -1.660400566999954 ], [ 38.500831604000041, -1.657971620999945 ], [ 38.575496674000078, -1.562403320999977 ], [ 38.655235291000054, -1.460344790999955 ], [ 38.656938553000032, -1.458954381999945 ], [ 38.658631897000078, -1.457521748999966 ], [ 38.65952173900007, -1.456816672999935 ], [ 38.661100387000033, -1.455414910999934 ], [ 38.662281418000077, -1.454876774999946 ], [ 38.663445609000064, -1.454324313999962 ], [ 38.676261902000078, -1.438297509999927 ], [ 38.985134127000038, -1.437997979999977 ], [ 38.990993505000063, -1.535449502999938 ], [ 38.996852879000073, -1.632900946999939 ], [ 38.998224256000071, -1.655706471999963 ], [ 38.999429977000034, -1.678628702999958 ], [ 38.998735638000028, -1.679095192999966 ], [ 38.997660500000052, -1.679803374999949 ], [ 38.996693414000049, -1.680341455999951 ], [ 38.996355057000073, -1.681043595999938 ], [ 38.996300290000079, -1.682059317999972 ], [ 38.996086870000056, -1.683245393999925 ], [ 38.995575664000057, -1.684063241999979 ], [ 38.99498303200005, -1.684657631999926 ], [ 38.994004663000055, -1.68528239799997 ], [ 38.992822650000051, -1.685849962999953 ], [ 38.991667173000053, -1.686365566999939 ], [ 38.990794384000026, -1.686574717999974 ], [ 38.990222939000034, -1.686000225999976 ], [ 38.989461902000073, -1.685555498999975 ], [ 38.988755536000042, -1.686076329999935 ], [ 38.988585338000064, -1.68690857699994 ], [ 38.988613131000079, -1.687694952999948 ], [ 38.988558959000045, -1.688598807999938 ], [ 38.987999910000042, -1.689344529999971 ], [ 38.98725700600005, -1.68986642699997 ], [ 38.98606776500003, -1.690228031999936 ], [ 38.984805218000076, -1.69025477799994 ], [ 38.983724704000053, -1.689911175999953 ], [ 38.982692722000024, -1.689521892999949 ], [ 38.981753487000049, -1.689135534999934 ], [ 38.98066626800005, -1.688838696999937 ], [ 38.979839322000032, -1.688911927999925 ], [ 38.979442602000063, -1.689723826999966 ], [ 38.979078301000072, -1.690876085999946 ], [ 38.978219416000059, -1.691893849999929 ], [ 38.977205754000067, -1.692424511999945 ], [ 38.976266227000053, -1.692440565999959 ], [ 38.975492477000046, -1.692424552999967 ], [ 38.974412143000052, -1.692402925999943 ], [ 38.973258334000036, -1.692395233999946 ], [ 38.972269035000068, -1.692637557999944 ], [ 38.971464147000063, -1.693121724999969 ], [ 38.970780037000054, -1.693588424999973 ], [ 38.969689783000035, -1.694351851999954 ], [ 38.968709555000032, -1.695235775999947 ], [ 38.967912675000036, -1.696020533999956 ], [ 38.966897009000036, -1.696754713999951 ], [ 38.965935087000048, -1.697024012999975 ], [ 38.964805610000042, -1.697138964999965 ], [ 38.963716028000078, -1.697562540999968 ], [ 38.963080717000025, -1.69809771499996 ], [ 38.961801427000069, -1.699431771999969 ], [ 38.961090267000031, -1.700178554999979 ], [ 38.960303502000045, -1.700925869999935 ], [ 38.95911979300007, -1.701402066999947 ], [ 38.958127965000074, -1.702001980999967 ], [ 38.957913467000026, -1.703159117999974 ], [ 38.95830058100006, -1.704395901999931 ], [ 38.982799520000071, -1.795629093999935 ], [ 39.007217395000055, -1.886615874999961 ], [ 39.009406508000041, -1.895977383999934 ], [ 39.01015515000006, -1.899180184999977 ], [ 39.013092056000062, -1.911744701999964 ], [ 39.01345825900006, -1.913279492999948 ], [ 39.013686317000065, -1.915024660999961 ] ] ] ] } },
{ "type": "Feature", "properties": { "Shape_Area": 0.05122120054, "name": "Kitui West", "ADM1_EN": "Kitui", "ADM0_EN": "Kenya" }, "geometry": { "type": "MultiPolygon", "coordinates": [ [ [ [ 37.84701347400005, -1.120164900999953 ], [ 37.848085403000027, -1.120442985999944 ], [ 37.849115372000028, -1.120658456999934 ], [ 37.850025177000077, -1.120789229999957 ], [ 37.851075490000028, -1.120922406999966 ], [ 37.851957321000043, -1.120938419999959 ], [ 37.853855133000025, -1.120849996999937 ], [ 37.854877472000055, -1.120603242999948 ], [ 37.855731201000026, -1.120407270999976 ], [ 37.858371735000048, -1.120175957999948 ], [ 37.858912677000035, -1.120871912999974 ], [ 37.859594345000062, -1.121741353999937 ], [ 37.860084534000066, -1.122327029999951 ], [ 37.860717773000033, -1.123004793999939 ], [ 37.86152267500006, -1.123977183999955 ], [ 37.862123871000051, -1.124653458999944 ], [ 37.863048553000056, -1.125432073999946 ], [ 37.864056905000041, -1.126148526999941 ], [ 37.865121841000075, -1.126756280999928 ], [ 37.86600112900004, -1.127346197999941 ], [ 37.866944631000024, -1.127977291999969 ], [ 37.87173398300007, -1.125480472999925 ], [ 37.872833252000078, -1.125307559999953 ], [ 37.873653412000067, -1.125219583999979 ], [ 37.874614716000053, -1.12513172599995 ], [ 37.875308990000065, -1.124655484999948 ], [ 37.876176993000058, -1.123989541999947 ], [ 37.878240585000071, -1.123808025999949 ], [ 37.879135132000044, -1.123881339999969 ], [ 37.88020038600007, -1.123986333999937 ], [ 37.881359100000054, -1.124128778999932 ], [ 37.882299423000063, -1.124247669999932 ], [ 37.883408864000046, -1.124364872999934 ], [ 37.88468043000006, -1.12468886399995 ], [ 37.885587692000058, -1.124985157999959 ], [ 37.886601448000079, -1.125258683999959 ], [ 37.887711334000073, -1.125745176999942 ], [ 37.888059616000078, -1.126645802999974 ], [ 37.888288498000065, -1.127635677999933 ], [ 37.888529460000029, -1.129055459999961 ], [ 37.888792038000076, -1.130110442999978 ], [ 37.901607513000044, -1.130112647999965 ], [ 37.902347565000071, -1.130625545999976 ], [ 37.903282166000054, -1.131092667999951 ], [ 37.90462493900003, -1.131608247999964 ], [ 37.905597687000068, -1.132279693999976 ], [ 37.906629562000035, -1.132688343999973 ], [ 37.907562256000062, -1.132474302999981 ], [ 37.908399582000072, -1.13200724099994 ], [ 37.90927505500008, -1.131890475999967 ], [ 37.910345078000034, -1.13198775099994 ], [ 37.911552429000039, -1.132240771999932 ], [ 37.912738800000056, -1.132415890999937 ], [ 37.913555145000032, -1.132610558999943 ], [ 37.914569855000025, -1.132805108999946 ], [ 37.915697098000066, -1.132999717999951 ], [ 37.917195320000076, -1.133106767999948 ], [ 37.918525696000074, -1.133363047999978 ], [ 37.919551849000072, -1.133525192999969 ], [ 37.92068862900004, -1.134001969999929 ], [ 37.921749115000068, -1.134264647999942 ], [ 37.922683716000051, -1.134323119999976 ], [ 37.923637390000067, -1.13414794199997 ], [ 37.924785614000029, -1.133739172999981 ], [ 37.925992966000024, -1.133505701999979 ], [ 37.927080154000066, -1.133369504999962 ], [ 37.928240204000076, -1.13326673499995 ], [ 37.928843689000075, -1.133740615999955 ], [ 37.929509481000025, -1.134123682999927 ], [ 37.930508423000049, -1.134313022999947 ], [ 37.931749662000072, -1.134791840999981 ], [ 37.932768141000054, -1.135013477999962 ], [ 37.93375396700003, -1.13512280599997 ], [ 37.934799921000035, -1.134834479999938 ], [ 37.936127345000045, -1.134456634999935 ], [ 37.937190755000074, -1.134288503999926 ], [ 37.938406808000025, -1.134867974999963 ], [ 37.939147313000035, -1.135313967999934 ], [ 37.939894540000068, -1.135769571999958 ], [ 37.940693665000026, -1.135938572999976 ], [ 37.941448212000068, -1.13560539499997 ], [ 37.94218158700005, -1.135337858999947 ], [ 37.942929077000031, -1.134949182999947 ], [ 37.94382476800007, -1.134295522999935 ], [ 37.946529198000064, -1.134257357999957 ], [ 37.94710159300007, -1.135027725999976 ], [ 37.948082924000062, -1.136212825999962 ], [ 37.949117088000037, -1.137014495999949 ], [ 37.950267792000034, -1.13698633499996 ], [ 37.95150613800007, -1.136671103999959 ], [ 37.952588081000044, -1.135962932999973 ], [ 37.953377724000063, -1.135614275999956 ], [ 37.95431582100008, -1.135459084999979 ], [ 37.955038283000079, -1.134791413999949 ], [ 37.955578613000057, -1.135364770999956 ], [ 37.956365967000067, -1.136002623999957 ], [ 37.957009792000065, -1.136832639999966 ], [ 37.957891782000047, -1.137526799999932 ], [ 37.958908929000074, -1.137488563999966 ], [ 37.960116577000065, -1.137428130999979 ], [ 37.961499623000066, -1.138025655999968 ], [ 37.962698936000038, -1.138381883999955 ], [ 37.963816961000077, -1.139160970999967 ], [ 37.964835576000041, -1.139737792999938 ], [ 37.965627193000046, -1.139848023999946 ], [ 37.966088613000068, -1.140860768999971 ], [ 37.966929844000049, -1.141498769999941 ], [ 37.967451096000048, -1.142130702999964 ], [ 37.968151728000066, -1.142523188999974 ], [ 37.968930244000035, -1.142772554999965 ], [ 37.969996452000032, -1.142692505999946 ], [ 37.971234150000043, -1.142750269999965 ], [ 37.971813549000046, -1.141921617999969 ], [ 37.97279357900004, -1.141759563999926 ], [ 37.973747253000056, -1.142605347999961 ], [ 37.974793752000039, -1.143192701999965 ], [ 37.975596428000074, -1.143755197999951 ], [ 37.976502466000056, -1.144336553999949 ], [ 37.97725868200007, -1.145284294999954 ], [ 37.977918625000029, -1.146019267999975 ], [ 37.978426797000054, -1.146911824999961 ], [ 37.979043325000077, -1.147614637999936 ], [ 37.97951936700008, -1.148467033999964 ], [ 37.980367872000045, -1.148650804999932 ], [ 37.981645266000044, -1.14906680799993 ], [ 37.982921696000062, -1.149059617999967 ], [ 37.984157085000049, -1.148791893999942 ], [ 37.985213280000039, -1.148722177999957 ], [ 37.986361610000074, -1.148216366999975 ], [ 37.987552166000057, -1.147681131999946 ], [ 37.988576253000076, -1.147590775999959 ], [ 37.989451090000045, -1.147250413999927 ], [ 37.99056371100005, -1.146871619999956 ], [ 37.991427739000073, -1.146779874999936 ], [ 37.992268699000078, -1.147168874999977 ], [ 37.993287520000024, -1.146882663999975 ], [ 37.994175502000076, -1.14736660899996 ], [ 37.995046139000067, -1.147662937999939 ], [ 37.995905399000037, -1.148250847999975 ], [ 37.996583666000049, -1.149001853999948 ], [ 37.997294835000048, -1.149766274999934 ], [ 37.997849358000053, -1.150748411999928 ], [ 37.998099899000067, -1.152106642999968 ], [ 37.998431524000068, -1.15322333599994 ], [ 37.999116898000068, -1.153822918999936 ], [ 38.000126648000048, -1.153959202999943 ], [ 38.001028878000056, -1.153847847999941 ], [ 38.001979192000078, -1.153905430999941 ], [ 38.002974510000058, -1.154445960999965 ], [ 38.004089355000076, -1.155007685999976 ], [ 38.005068970000025, -1.155332922999946 ], [ 38.006031036000024, -1.155599201999962 ], [ 38.006153107000046, -1.15642388699996 ], [ 38.005751038000028, -1.157365941999956 ], [ 38.004999106000071, -1.158508296999969 ], [ 38.006586522000077, -1.158344319999969 ], [ 38.007753635000029, -1.15675297599995 ], [ 38.008243429000061, -1.154944704999934 ], [ 38.009763544000066, -1.155201580999972 ], [ 38.011067612000033, -1.155583173999958 ], [ 38.012029837000057, -1.156136385999957 ], [ 38.012280627000052, -1.157190365999952 ], [ 38.012819350000029, -1.158176644999969 ], [ 38.013599587000044, -1.159766117999936 ], [ 38.015613402000042, -1.161196299999972 ], [ 38.016678178000063, -1.161462463999953 ], [ 38.018054858000028, -1.161806595999963 ], [ 38.019980019000059, -1.162519538999959 ], [ 38.021488915000077, -1.163096225999936 ], [ 38.022798141000067, -1.163757275999956 ], [ 38.023975078000035, -1.163467881999964 ], [ 38.024782830000049, -1.163708542999927 ], [ 38.025616908000075, -1.164144164999925 ], [ 38.026668735000044, -1.164511943999969 ], [ 38.02759049000008, -1.164491606999945 ], [ 38.028402328000027, -1.164822786999935 ], [ 38.029232025000056, -1.165036811999926 ], [ 38.03043772400008, -1.165677582999933 ], [ 38.031581243000062, -1.165709177999929 ], [ 38.032654858000058, -1.165452706999929 ], [ 38.033856528000058, -1.165975944999957 ], [ 38.035073598000054, -1.166540850999979 ], [ 38.036022822000064, -1.16632352299996 ], [ 38.036872364000033, -1.165509649999933 ], [ 38.037827415000038, -1.165292079999972 ], [ 38.03910879600005, -1.165543901999968 ], [ 38.040124251000066, -1.165309263999973 ], [ 38.040817261000029, -1.164700507999953 ], [ 38.041545868000071, -1.164349987999969 ], [ 38.042366791000063, -1.163981294999928 ], [ 38.043510278000042, -1.163579205999952 ], [ 38.044926567000061, -1.163627987999973 ], [ 38.046123156000078, -1.163756040999942 ], [ 38.047304471000075, -1.163894776999939 ], [ 38.047560754000074, -1.165000920999944 ], [ 38.046980771000051, -1.166198437999981 ], [ 38.047781944000064, -1.166301190999945 ], [ 38.048769714000059, -1.165930810999953 ], [ 38.04939981800004, -1.165063414999963 ], [ 38.050314426000057, -1.164189055999941 ], [ 38.051137652000079, -1.16371316599998 ], [ 38.05179144300007, -1.164488803999973 ], [ 38.052661896000075, -1.16459885699993 ], [ 38.05350270200006, -1.164677882999968 ], [ 38.055247260000044, -1.165208224999958 ], [ 38.057121729000073, -1.165357823999955 ], [ 38.05728085800007, -1.166292289999944 ], [ 38.057704926000042, -1.166957884999931 ], [ 38.05848566700007, -1.167137542999967 ], [ 38.059335551000061, -1.167033690999972 ], [ 38.060457062000069, -1.167324893999933 ], [ 38.061715334000041, -1.16776017799998 ], [ 38.062877530000037, -1.168276232999972 ], [ 38.064027134000071, -1.168355555999938 ], [ 38.065127019000045, -1.168413025999939 ], [ 38.066234222000048, -1.168511899999942 ], [ 38.067322220000051, -1.168476014999953 ], [ 38.068290647000026, -1.168448575999946 ], [ 38.069524475000037, -1.173075875999928 ], [ 38.07149217500006, -1.184250668999937 ], [ 38.071990967000033, -1.187083363999932 ], [ 38.072226088000036, -1.188820397999962 ], [ 38.072049303000028, -1.191074159999971 ], [ 38.071675577000065, -1.19363657699995 ], [ 38.071332168000026, -1.195991127999946 ], [ 38.070717479000052, -1.199781290999965 ], [ 38.070022264000045, -1.204150742999957 ], [ 38.068992410000078, -1.203807495999968 ], [ 38.067359984000063, -1.203190870999947 ], [ 38.065147141000068, -1.202900694999926 ], [ 38.063369612000031, -1.202646791999939 ], [ 38.061664635000056, -1.201522356999931 ], [ 38.060576352000055, -1.201232180999966 ], [ 38.059415516000058, -1.201014548999979 ], [ 38.058436061000066, -1.200252834999958 ], [ 38.057710538000038, -1.199491120999937 ], [ 38.056885588000057, -1.199390949999952 ], [ 38.056011645000069, -1.199482650999926 ], [ 38.054881001000069, -1.199708753999971 ], [ 38.053865271000063, -1.199962659999926 ], [ 38.052559331000054, -1.199817571999972 ], [ 38.051390842000046, -1.199817572999962 ], [ 38.049693518000026, -1.19985384499995 ], [ 38.047662056000036, -1.200543014999937 ], [ 38.045485489000043, -1.200325382999949 ], [ 38.04305499000003, -1.200071478999973 ], [ 38.041821603000074, -1.20061556099995 ], [ 38.040274267000029, -1.201561529999935 ], [ 38.039157755000076, -1.201697675999981 ], [ 38.036706672000037, -1.202356622999957 ], [ 38.035037971000065, -1.202392895999935 ], [ 38.032861404000073, -1.201848814999948 ], [ 38.030550941000058, -1.201106916999947 ], [ 38.029193878000058, -1.202093481999952 ], [ 38.029808044000049, -1.203056930999935 ], [ 38.030174255000077, -1.203760325999951 ], [ 38.030570984000065, -1.204616724999937 ], [ 38.030799866000052, -1.205381273999933 ], [ 38.030853271000069, -1.206505268999933 ], [ 38.030784607000044, -1.207828044999928 ], [ 38.030677795000031, -1.208959698999934 ], [ 38.030555725000056, -1.209754883999949 ], [ 38.030555725000056, -1.210550069999954 ], [ 38.030693054000039, -1.211635857999966 ], [ 38.031051636000029, -1.213432728999976 ], [ 38.031925201000035, -1.216646601999969 ], [ 38.032649994000053, -1.217584490999968 ], [ 38.033170700000028, -1.218165635999981 ], [ 38.033982790000039, -1.218979207999951 ], [ 38.033638, -1.220348610999963 ], [ 38.032767296000031, -1.221412747999977 ], [ 38.032334646000038, -1.222274183999957 ], [ 38.031240781000065, -1.223263094999936 ], [ 38.031343460000073, -1.224680155999977 ], [ 38.031703949000075, -1.225750624999932 ], [ 38.032024384000067, -1.226683437999952 ], [ 38.032354991000034, -1.227748790999954 ], [ 38.03216171300005, -1.228640853999934 ], [ 38.031798840000079, -1.229908823999949 ], [ 38.031385422000028, -1.23095712099996 ], [ 38.030874252000046, -1.23208165799997 ], [ 38.030784607000044, -1.233961939999972 ], [ 38.029161072000079, -1.234216880999952 ], [ 38.028784752000035, -1.235011726999971 ], [ 38.028219604000071, -1.23566122099993 ], [ 38.027639008000051, -1.236497115999953 ], [ 38.027682622000043, -1.238985955999965 ], [ 38.027734756000029, -1.239870547999942 ], [ 38.027543749000074, -1.240851367999937 ], [ 38.027638753000076, -1.241683562999924 ], [ 38.02809419600004, -1.242633628999954 ], [ 38.028168678000043, -1.243785052999954 ], [ 38.027899170000069, -1.244805812999971 ], [ 38.027713108000057, -1.246051316999967 ], [ 38.02770290400008, -1.247425490999944 ], [ 38.027184963000025, -1.248618353999973 ], [ 38.026562500000068, -1.249647998999933 ], [ 38.026737213000047, -1.250561087999927 ], [ 38.027004242000032, -1.251339703999975 ], [ 38.026709747000041, -1.252130484999952 ], [ 38.026570002000028, -1.252948045999972 ], [ 38.026576900000066, -1.254042344999959 ], [ 38.026425680000045, -1.256033857999967 ], [ 38.026758466000047, -1.256728955999961 ], [ 38.026562161000072, -1.257653567999967 ], [ 38.02614440900004, -1.258758258999933 ], [ 38.025716146000036, -1.259403943999928 ], [ 38.025213242000063, -1.260139017999961 ], [ 38.024901920000048, -1.261296695999931 ], [ 38.025694529000077, -1.262053489999971 ], [ 38.026096725000059, -1.262871384999926 ], [ 38.028522015000078, -1.263146891999952 ], [ 38.029866219000041, -1.263234650999948 ], [ 38.030648804000066, -1.263674616999936 ], [ 38.031081517000075, -1.264457642999957 ], [ 38.03150749200006, -1.265151977999949 ], [ 38.030979156000058, -1.265946626999948 ], [ 38.030755179000039, -1.26683000099996 ], [ 38.031016350000073, -1.267696916999967 ], [ 38.030976613000064, -1.26846790299993 ], [ 38.030525843000078, -1.269607930999939 ], [ 38.030394418000071, -1.27119285699996 ], [ 38.030675888000076, -1.272215693999954 ], [ 38.030947876000027, -1.272936081999944 ], [ 38.031279564000045, -1.273647576999963 ], [ 38.031921387000068, -1.27421120799994 ], [ 38.032646179000039, -1.274581253999941 ], [ 38.033498764000058, -1.274865090999924 ], [ 38.034574509000038, -1.275384544999952 ], [ 38.035814285000072, -1.276149202999932 ], [ 38.036704063000059, -1.27692159999998 ], [ 38.03705596900005, -1.277879754999958 ], [ 38.036961555000062, -1.278958459999956 ], [ 38.037277858000039, -1.280073542999958 ], [ 38.037119184000062, -1.281180228999972 ], [ 38.037112236000041, -1.282113223999943 ], [ 38.037474950000046, -1.282828191999954 ], [ 38.037549973000068, -1.283637642999963 ], [ 38.037109375000057, -1.284539794999944 ], [ 38.036426544000051, -1.285108375999926 ], [ 38.035254955000028, -1.285130634999973 ], [ 38.034327189000066, -1.285246292999943 ], [ 38.033697128000028, -1.28585606799993 ], [ 38.032972336000057, -1.286478489999979 ], [ 38.031968435000067, -1.287054697999963 ], [ 38.030956268000068, -1.287344812999947 ], [ 38.029674530000079, -1.28745418799997 ], [ 38.028472900000054, -1.287480830999925 ], [ 38.02761586500003, -1.287592966999966 ], [ 38.026578903000029, -1.287974277999979 ], [ 38.025450389000071, -1.288568615999964 ], [ 38.023935, -1.289179831999945 ], [ 38.023049355000069, -1.29005211599997 ], [ 38.022166252000034, -1.290429561999929 ], [ 38.021409815000027, -1.290912985999967 ], [ 38.021350384000073, -1.291991859999939 ], [ 38.020533880000073, -1.292905528999938 ], [ 38.019438267000055, -1.293823807999956 ], [ 38.019411723000076, -1.295059084999934 ], [ 38.019519806000062, -1.295995513999969 ], [ 38.01966985100006, -1.296780506999937 ], [ 38.020156860000043, -1.297857689999944 ], [ 38.019714900000054, -1.299020953999957 ], [ 38.019509288000052, -1.300144344999978 ], [ 38.019249810000076, -1.301342963999957 ], [ 38.019150310000043, -1.302680760999976 ], [ 38.018019994000042, -1.302822549999973 ], [ 38.017899513000032, -1.303607105999959 ], [ 38.017220497000039, -1.304434820999973 ], [ 38.017288208000025, -1.305325984999968 ], [ 38.017098745000055, -1.306133468999974 ], [ 38.017014821000032, -1.307236233999959 ], [ 38.016341400000044, -1.308068489999926 ], [ 38.015782165000076, -1.308781790999944 ], [ 38.015070915000024, -1.309429823999949 ], [ 38.014041356000064, -1.309833832999971 ], [ 38.012988832000076, -1.309617446999937 ], [ 38.012014866000072, -1.310013353999977 ], [ 38.01201629600007, -1.310838669999953 ], [ 38.012557030000039, -1.311681895999925 ], [ 38.012982178000073, -1.312755035999942 ], [ 38.012922605000028, -1.313988546999951 ], [ 38.01242256200004, -1.314873814999942 ], [ 38.011870384000076, -1.315403714999945 ], [ 38.010864258000026, -1.315106820999972 ], [ 38.009565989000066, -1.314779151999971 ], [ 38.008309046000079, -1.315006990999962 ], [ 38.00759220100008, -1.315767466999944 ], [ 38.007649013000048, -1.316598670999952 ], [ 38.007674081000062, -1.31762841799997 ], [ 38.006556702000069, -1.318132924999929 ], [ 38.005645116000039, -1.318324644999961 ], [ 38.004184723000037, -1.319604992999928 ], [ 38.003083038000057, -1.31960334799993 ], [ 38.002145386000052, -1.319578694999961 ], [ 38.001174927000079, -1.31976577599994 ], [ 37.99996929200006, -1.320318716999964 ], [ 37.99893134000007, -1.320511153999973 ], [ 37.997969733000048, -1.320319095999935 ], [ 37.997191293000071, -1.319607563999966 ], [ 37.997252510000067, -1.318639882999946 ], [ 37.996475983000039, -1.318503975999931 ], [ 37.995777893000025, -1.318955206999931 ], [ 37.994899750000059, -1.319133430999955 ], [ 37.993904591000046, -1.319452473999945 ], [ 37.992778431000033, -1.320102409999947 ], [ 37.991883596000037, -1.319923956999958 ], [ 37.991467158000034, -1.320694644999946 ], [ 37.991160870000044, -1.32151652899995 ], [ 37.990324497000074, -1.322062059999951 ], [ 37.989388275000067, -1.322178768999947 ], [ 37.988511767000034, -1.322274922999952 ], [ 37.987422816000048, -1.322502692999933 ], [ 37.986199856000042, -1.323987925999973 ], [ 37.985926501000051, -1.325428960999943 ], [ 37.984792764000076, -1.326036101999932 ], [ 37.984540304000063, -1.327233989999968 ], [ 37.983941396000034, -1.32800722099995 ], [ 37.983015696000052, -1.32810399899995 ], [ 37.982094356000061, -1.328129018999959 ], [ 37.980782032000036, -1.329088836999972 ], [ 37.97965393100003, -1.329536723999979 ], [ 37.978704834000041, -1.329354214999967 ], [ 37.978207588000032, -1.330058753999936 ], [ 37.978567123000062, -1.330939888999978 ], [ 37.977965764000032, -1.331544892999943 ], [ 37.976654900000028, -1.331691198999977 ], [ 37.975942135000025, -1.332515179999973 ], [ 37.975217819000079, -1.332884728999943 ], [ 37.974404907000064, -1.332931613999961 ], [ 37.973381587000063, -1.333493726999961 ], [ 37.973188400000026, -1.334546768999928 ], [ 37.972328186000027, -1.334707895999941 ], [ 37.971565247000058, -1.33488411899998 ], [ 37.970772879000037, -1.33518946199996 ], [ 37.97014045700007, -1.336128627999926 ], [ 37.970424175000062, -1.337366654999926 ], [ 37.96941471100007, -1.338214635999975 ], [ 37.968260193000049, -1.339097403999972 ], [ 37.965304565000054, -1.339188670999931 ], [ 37.964297431000034, -1.339815901999941 ], [ 37.962532043000067, -1.338877379999929 ], [ 37.962018331000024, -1.338222622999979 ], [ 37.961260005000042, -1.33741456599995 ], [ 37.960039411000025, -1.337274482999931 ], [ 37.959147644000041, -1.336967658999924 ], [ 37.958156480000071, -1.336903975999974 ], [ 37.957466602000068, -1.338292518999936 ], [ 37.956514359000039, -1.33880974799996 ], [ 37.955518995000034, -1.338903171999959 ], [ 37.955017090000069, -1.339810463999925 ], [ 37.954407692000075, -1.340475469999944 ], [ 37.952222824000046, -1.341277032999926 ], [ 37.951491547000046, -1.34220707399993 ], [ 37.951481819000037, -1.343164423999951 ], [ 37.952668704000075, -1.34396570499996 ], [ 37.951662064000061, -1.344480916999942 ], [ 37.950528622000036, -1.34450998899996 ], [ 37.949343204000058, -1.344672664999962 ], [ 37.948542595000049, -1.344457208999927 ], [ 37.948613303000059, -1.343236224999941 ], [ 37.948905945000035, -1.342232090999971 ], [ 37.948853970000073, -1.34115126699993 ], [ 37.947947502000034, -1.340824663999967 ], [ 37.947040013000048, -1.340810230999978 ], [ 37.945732117000034, -1.341262936999954 ], [ 37.945321655000043, -1.340282211999977 ], [ 37.944429397000079, -1.340933143999962 ], [ 37.943687916000044, -1.341928705999976 ], [ 37.942637507000029, -1.342863221999949 ], [ 37.941948482000043, -1.344162037999979 ], [ 37.940988159000028, -1.34460370499994 ], [ 37.939967155000033, -1.344536671999947 ], [ 37.939085960000057, -1.343654244999925 ], [ 37.939551544000039, -1.343029331999958 ], [ 37.940211826000052, -1.342370695999932 ], [ 37.940046310000071, -1.341408609999974 ], [ 37.93708801300005, -1.343258171999935 ], [ 37.936188289000029, -1.34350711999997 ], [ 37.935296377000043, -1.343726634999939 ], [ 37.934464931000036, -1.343923449999977 ], [ 37.933997472000044, -1.342564820999939 ], [ 37.93303273500004, -1.341982654999924 ], [ 37.931964874000073, -1.341556214999969 ], [ 37.931177775000037, -1.34124040599994 ], [ 37.930339813000046, -1.34088608199994 ], [ 37.92946624800004, -1.340014825999958 ], [ 37.928698540000028, -1.340455978999955 ], [ 37.927900696000052, -1.340725230999965 ], [ 37.927148819000024, -1.34048753999997 ], [ 37.926442146000056, -1.340839430999949 ], [ 37.927051544000051, -1.341780170999925 ], [ 37.927921295000033, -1.342301651999946 ], [ 37.927692413000045, -1.343100149999941 ], [ 37.92687443300008, -1.343644345999962 ], [ 37.925930786000038, -1.343228291999935 ], [ 37.924839020000036, -1.343180208999968 ], [ 37.924096107000025, -1.343422531999977 ], [ 37.923781940000026, -1.344493014999955 ], [ 37.924759006000045, -1.345393889999968 ], [ 37.92377567300008, -1.345984567999949 ], [ 37.922745841000051, -1.345096332999958 ], [ 37.922417232000043, -1.344076564999966 ], [ 37.920870972000046, -1.343932747999929 ], [ 37.920891625000024, -1.345147708999946 ], [ 37.919824328000061, -1.345778975999963 ], [ 37.918752943000072, -1.345614024999975 ], [ 37.917673384000068, -1.345557382999971 ], [ 37.916980743000067, -1.346119388999966 ], [ 37.916336059000059, -1.346941518999927 ], [ 37.91555677100007, -1.346872175999977 ], [ 37.914601644000072, -1.346641182999974 ], [ 37.913973999000063, -1.346176266999976 ], [ 37.912949456000035, -1.346318628999938 ], [ 37.912417730000072, -1.34736881699996 ], [ 37.912119865000079, -1.348274766999964 ], [ 37.911416531000043, -1.349076494999963 ], [ 37.910086314000068, -1.349106351999978 ], [ 37.909294128000056, -1.348936378999952 ], [ 37.908486366000034, -1.348677217999978 ], [ 37.907661438000048, -1.348344295999937 ], [ 37.907460894000053, -1.347537959999954 ], [ 37.908286031000046, -1.347041824999963 ], [ 37.908920288000047, -1.346156616999963 ], [ 37.90834903700005, -1.345307185999957 ], [ 37.907342911000057, -1.34488472299995 ], [ 37.906381035000038, -1.344763373999967 ], [ 37.906183243000044, -1.345645327999932 ], [ 37.906314850000058, -1.346948010999938 ], [ 37.905870438000079, -1.347830205999969 ], [ 37.904963684000052, -1.34843320899995 ], [ 37.904032571000073, -1.348481876999926 ], [ 37.903315735000035, -1.348047232999932 ], [ 37.902583531000062, -1.348363892999942 ], [ 37.903653463000069, -1.349510152999926 ], [ 37.904479504000051, -1.35036802299993 ], [ 37.903763771000058, -1.351097017999962 ], [ 37.902797699000075, -1.351069378999966 ], [ 37.901926517000049, -1.35143414099997 ], [ 37.90222854600006, -1.352389144999961 ], [ 37.902791977000049, -1.353213428999936 ], [ 37.90286016500005, -1.354389714999968 ], [ 37.901686055000027, -1.354823114999931 ], [ 37.901115962000063, -1.35360835299997 ], [ 37.900711060000049, -1.352572930999941 ], [ 37.900051117000032, -1.351794406999943 ], [ 37.900646687000062, -1.350636660999953 ], [ 37.900602613000046, -1.349693042999945 ], [ 37.899537086000066, -1.349500484999965 ], [ 37.89927864100008, -1.350524981999968 ], [ 37.898810795000031, -1.351438794999979 ], [ 37.897726059000036, -1.352067271999942 ], [ 37.89677658100004, -1.352264451999929 ], [ 37.895821163000051, -1.352098566999928 ], [ 37.894909859000052, -1.352210431999936 ], [ 37.893906593000054, -1.352326422999965 ], [ 37.89271545400004, -1.352385401999925 ], [ 37.891441345000032, -1.35229897499994 ], [ 37.890222549000043, -1.352256863999969 ], [ 37.88894653300008, -1.352289723999945 ], [ 37.888107300000058, -1.352459132999968 ], [ 37.887222290000068, -1.352728813999931 ], [ 37.88596868500008, -1.352506557999959 ], [ 37.885319233000075, -1.35148996099997 ], [ 37.883757400000036, -1.351990556999965 ], [ 37.882598877000078, -1.351471701999969 ], [ 37.881595135000055, -1.350790440999958 ], [ 37.880718776000037, -1.350533416999951 ], [ 37.880230331000064, -1.351356791999933 ], [ 37.879061018000073, -1.351096885999937 ], [ 37.878295263000041, -1.350383122999972 ], [ 37.876304245000028, -1.350392239999962 ], [ 37.875518799000076, -1.350982904999967 ], [ 37.875031471000057, -1.351607918999946 ], [ 37.874014854000052, -1.351906120999956 ], [ 37.872175598000069, -1.352009987999963 ], [ 37.871384621000061, -1.352760443999955 ], [ 37.872474670000031, -1.35349757299997 ], [ 37.873203278000062, -1.354199480999966 ], [ 37.873310725000067, -1.355087180999931 ], [ 37.873051453000073, -1.356217073999971 ], [ 37.872553825000068, -1.357289269999967 ], [ 37.872481664000077, -1.358486373999938 ], [ 37.873330879000036, -1.359674947999963 ], [ 37.874214935000055, -1.360279225999932 ], [ 37.873713357000042, -1.360900708999964 ], [ 37.872383118000073, -1.360455658999967 ], [ 37.870877353000026, -1.360420638999926 ], [ 37.870230198000058, -1.35903674399998 ], [ 37.869214630000045, -1.35939433599998 ], [ 37.868453026000054, -1.359877615999949 ], [ 37.867732600000068, -1.360551814999951 ], [ 37.867033005000053, -1.359951614999943 ], [ 37.866281986000047, -1.360338612999954 ], [ 37.864779472000066, -1.360075244999962 ], [ 37.863285700000063, -1.358564674999968 ], [ 37.862623487000064, -1.357962556999951 ], [ 37.861448288000076, -1.35737985399993 ], [ 37.862419128000056, -1.355983376999973 ], [ 37.863000488000068, -1.355265712999937 ], [ 37.863874223000039, -1.354074623999963 ], [ 37.863189697000053, -1.353712915999949 ], [ 37.862355042000047, -1.353600954999933 ], [ 37.861647797000046, -1.352485429999945 ], [ 37.860191618000044, -1.351828029999979 ], [ 37.859315236000043, -1.351957638999977 ], [ 37.858488900000054, -1.351897920999932 ], [ 37.857490063000057, -1.352075799999966 ], [ 37.856344700000079, -1.352332919999981 ], [ 37.855350113000043, -1.35247855199998 ], [ 37.854266427000027, -1.352342453999938 ], [ 37.853118134000056, -1.352325653999969 ], [ 37.852164078000044, -1.35279408699995 ], [ 37.850864410000042, -1.352647890999947 ], [ 37.849620056000049, -1.352891635999924 ], [ 37.848624706000066, -1.352962389999959 ], [ 37.84791793800008, -1.35265297899997 ], [ 37.846794446000047, -1.352550565999934 ], [ 37.845721109000067, -1.352879489999964 ], [ 37.845032692000075, -1.353212683999971 ], [ 37.844163622000053, -1.353006260999962 ], [ 37.843361855000069, -1.352979480999977 ], [ 37.84258206700008, -1.352933605999965 ], [ 37.841567145000056, -1.35266996799993 ], [ 37.840399, -1.352914756999951 ], [ 37.839388847000066, -1.353095054999926 ], [ 37.838605881000035, -1.353081543999963 ], [ 37.83758926400003, -1.353201433999971 ], [ 37.836669286000074, -1.353281338999977 ], [ 37.835518230000048, -1.353351906999933 ], [ 37.834342412000069, -1.353397283999925 ], [ 37.833197403000042, -1.353423249999935 ], [ 37.831914425000036, -1.353386193999938 ], [ 37.830929892000029, -1.353278517999968 ], [ 37.829981804000056, -1.353216260999943 ], [ 37.82905960100004, -1.352752883999926 ], [ 37.829262870000036, -1.35165180499996 ], [ 37.829542796000055, -1.350859601999957 ], [ 37.829534531000036, -1.349992131999954 ], [ 37.829463959000066, -1.34810650299994 ], [ 37.829284123000036, -1.347074099999929 ], [ 37.829040527000075, -1.346154629999944 ], [ 37.828726768000024, -1.345354705999966 ], [ 37.82834243800005, -1.344559112999946 ], [ 37.827627182000072, -1.343422531999977 ], [ 37.827166748000025, -1.34246101399998 ], [ 37.826734543000043, -1.341578691999928 ], [ 37.826290894000067, -1.340591954999979 ], [ 37.825932821000038, -1.339601536999965 ], [ 37.825601578000033, -1.338585584999976 ], [ 37.825085640000054, -1.336994319999974 ], [ 37.824780782000062, -1.336086471999977 ], [ 37.824590683000054, -1.335093706999942 ], [ 37.82441330000006, -1.334081232999949 ], [ 37.824213664000069, -1.332974115999946 ], [ 37.824106852000057, -1.332092880999937 ], [ 37.824027061000038, -1.331185042999948 ], [ 37.823819478000075, -1.33009543999998 ], [ 37.82350285800004, -1.328910390999965 ], [ 37.823078156000065, -1.327647427999977 ], [ 37.822603607000076, -1.326401996999948 ], [ 37.822218577000058, -1.325184821999926 ], [ 37.821701050000058, -1.324018090999971 ], [ 37.821395874000075, -1.323241392999932 ], [ 37.821104050000031, -1.32223313999998 ], [ 37.820476532000043, -1.319928347999962 ], [ 37.820116043000041, -1.319046422999975 ], [ 37.818948746000046, -1.317128955999976 ], [ 37.81830692300008, -1.316158592999955 ], [ 37.817538261000038, -1.315055638999979 ], [ 37.81662368800005, -1.31391274899994 ], [ 37.815526009000052, -1.312607377999939 ], [ 37.815012614000068, -1.31193699399995 ], [ 37.814241409000033, -1.311148076999928 ], [ 37.813549042000034, -1.310214876999964 ], [ 37.810656548000054, -1.307055741999932 ], [ 37.809784698000044, -1.306536221999977 ], [ 37.808940887000063, -1.306219974999976 ], [ 37.808419228000048, -1.305532276999941 ], [ 37.807717323000077, -1.304412652999929 ], [ 37.806854248000036, -1.303283690999933 ], [ 37.806320190000065, -1.302513598999951 ], [ 37.805723190000037, -1.301833390999946 ], [ 37.804819107000071, -1.30101263499995 ], [ 37.803792953000027, -1.300194680999937 ], [ 37.801695824000035, -1.29806694399997 ], [ 37.800889969000025, -1.297206937999931 ], [ 37.800360107000074, -1.296604299999956 ], [ 37.799597422000033, -1.295846541999936 ], [ 37.799041748000036, -1.295156955999971 ], [ 37.798601151000071, -1.294404655999926 ], [ 37.798143387000039, -1.293592363999949 ], [ 37.797498703000031, -1.292768746999968 ], [ 37.79668521900004, -1.291737287999979 ], [ 37.795748393000054, -1.290583013999935 ], [ 37.793768202000024, -1.28755294399997 ], [ 37.79292068500007, -1.286499237999976 ], [ 37.792163086000073, -1.285763954999936 ], [ 37.791446686000029, -1.284997164999936 ], [ 37.79066658000005, -1.284420072999978 ], [ 37.789913177000074, -1.283955335999963 ], [ 37.78920841200005, -1.283352910999952 ], [ 37.788635254000042, -1.282609978999972 ], [ 37.788080215000036, -1.281731108999963 ], [ 37.787722778000045, -1.280981230999942 ], [ 37.787036896000075, -1.280458296999939 ], [ 37.786152522000066, -1.280250807999948 ], [ 37.785410881000075, -1.279777019999926 ], [ 37.78474960300008, -1.278659629999936 ], [ 37.784120560000076, -1.27788051999994 ], [ 37.783315182000024, -1.277263298999969 ], [ 37.781515121000041, -1.276177942999936 ], [ 37.781047821000072, -1.274751781999953 ], [ 37.780526161000068, -1.273323952999931 ], [ 37.780130005000046, -1.271975874999953 ], [ 37.779794216000028, -1.269908695999959 ], [ 37.779621124000073, -1.267441629999951 ], [ 37.779445648000035, -1.265936493999959 ], [ 37.77910709400004, -1.26305681499997 ], [ 37.778874715000029, -1.261929710999937 ], [ 37.77864646900008, -1.261123120999969 ], [ 37.77835845900006, -1.260145782999928 ], [ 37.77780087800005, -1.258172034999973 ], [ 37.777645111000027, -1.257341950999944 ], [ 37.77725124400007, -1.256014495999977 ], [ 37.777023315000065, -1.255097269999965 ], [ 37.776836395000032, -1.254316766999978 ], [ 37.776595116000067, -1.253482341999927 ], [ 37.775788625000075, -1.25145228699995 ], [ 37.775627136000026, -1.194470643999978 ], [ 37.775601069000061, -1.193327088999979 ], [ 37.775615692000031, -1.192227541999955 ], [ 37.775681496000061, -1.191444187999934 ], [ 37.775959015000069, -1.190563002999966 ], [ 37.776185608000048, -1.189733218999947 ], [ 37.776137458000051, -1.188689496999928 ], [ 37.775793711000063, -1.187381386999959 ], [ 37.775386810000043, -1.186516065999967 ], [ 37.774782393000066, -1.185726973999977 ], [ 37.774489267000035, -1.184550284999943 ], [ 37.773889814000029, -1.183953506999956 ], [ 37.773529689000043, -1.183111210999925 ], [ 37.773722755000051, -1.182307865999974 ], [ 37.773459843000069, -1.181271228999947 ], [ 37.773532486000079, -1.180096554999977 ], [ 37.773858070000074, -1.178442770999936 ], [ 37.773693085000048, -1.177057961999935 ], [ 37.773915768000052, -1.176205008999943 ], [ 37.774291420000054, -1.17503568099994 ], [ 37.774641673000076, -1.173914888999946 ], [ 37.775055355000063, -1.172947101999966 ], [ 37.775363159000051, -1.17200097999995 ], [ 37.775268555000025, -1.171150763999947 ], [ 37.775116920000073, -1.170112862999929 ], [ 37.774936040000057, -1.16906873399995 ], [ 37.77477073700004, -1.168123453999954 ], [ 37.774766286000045, -1.166505773999972 ], [ 37.775442941000051, -1.165268778999973 ], [ 37.775780996000037, -1.164292831999944 ], [ 37.775930882000068, -1.163262158999942 ], [ 37.77599207600008, -1.162275572999931 ], [ 37.776352882000026, -1.161505311999974 ], [ 37.776656469000045, -1.160230701999978 ], [ 37.776599503000057, -1.158739190999938 ], [ 37.776791709000065, -1.157610705999957 ], [ 37.776917934000039, -1.155846853999947 ], [ 37.77676518800007, -1.15462118399995 ], [ 37.776688099000069, -1.153681441999936 ], [ 37.776598454000066, -1.151974200999973 ], [ 37.776341248000051, -1.151092600999959 ], [ 37.776888166000049, -1.149478775999967 ], [ 37.777345022000077, -1.148189007999974 ], [ 37.777843475000054, -1.147579937999978 ], [ 37.77832937200003, -1.14616209299993 ], [ 37.779016495000064, -1.145752846999926 ], [ 37.77987416600007, -1.145668386999944 ], [ 37.780503273000079, -1.144777297999951 ], [ 37.781896973000073, -1.144227241999943 ], [ 37.782146454000042, -1.143113827999969 ], [ 37.783155653000051, -1.141788124999948 ], [ 37.784036255000046, -1.141405248999945 ], [ 37.785057916000028, -1.140424860999929 ], [ 37.785720825000055, -1.139566516999935 ], [ 37.785790580000025, -1.138614415999939 ], [ 37.786712837000039, -1.137555825999925 ], [ 37.78810691800004, -1.135649859999944 ], [ 37.788394656000037, -1.134459077999963 ], [ 37.789834023000026, -1.133105356999977 ], [ 37.790648460000057, -1.132276713999943 ], [ 37.791259766000053, -1.131387978999953 ], [ 37.791599274000077, -1.130091905999961 ], [ 37.791391373000067, -1.128966072999958 ], [ 37.792083808000029, -1.128050209999969 ], [ 37.792771476000041, -1.126638534999927 ], [ 37.793742923000025, -1.125181779999934 ], [ 37.799892426000042, -1.123787402999938 ], [ 37.808582306000062, -1.121142148999979 ], [ 37.814298630000053, -1.121203958999956 ], [ 37.815612793000071, -1.12119817699994 ], [ 37.838718414000027, -1.121031254999934 ], [ 37.840107727000031, -1.121325039999931 ], [ 37.841691971000046, -1.121274008999933 ], [ 37.842485428000032, -1.120687960999931 ], [ 37.843306405000078, -1.120127388999947 ], [ 37.844211578000056, -1.120234488999927 ], [ 37.845134735000045, -1.120198487999971 ], [ 37.84606552200006, -1.120122551999941 ], [ 37.84701347400005, -1.120164900999953 ] ] ] ] } },
{ "type": "Feature", "properties": { "Shape_Area": 0.34490045071999997, "name": "Mwingi East", "ADM1_EN": "Kitui", "ADM0_EN": "Kenya" }, "geometry": { "type": "MultiPolygon", "coordinates": [ [ [ [ 38.27518653900006, -0.650929837999968 ], [ 38.275852203000056, -0.651584207999974 ], [ 38.276762009000038, -0.652099042999964 ], [ 38.277887344000078, -0.652335047999941 ], [ 38.279010773000039, -0.652081211999928 ], [ 38.280076981000036, -0.652463763999947 ], [ 38.280858994000027, -0.653128832999926 ], [ 38.281965256000035, -0.653976261999958 ], [ 38.282821655000077, -0.655188381999949 ], [ 38.283660889000032, -0.656303941999965 ], [ 38.284410477000051, -0.657323002999931 ], [ 38.284875234000026, -0.658284822999974 ], [ 38.285827637000068, -0.658728181999948 ], [ 38.286621094000054, -0.658878385999969 ], [ 38.287994385000047, -0.659071444999938 ], [ 38.289451599000074, -0.659135817999925 ], [ 38.290695190000065, -0.658964216999948 ], [ 38.292439461000072, -0.659103646999938 ], [ 38.293376923000039, -0.659554182999955 ], [ 38.294578552000075, -0.65980088699996 ], [ 38.295469284000035, -0.659779428999968 ], [ 38.296648026000071, -0.659243136999976 ], [ 38.296897888000046, -0.663619636999954 ], [ 38.29698181200007, -0.664563595999937 ], [ 38.297346115000039, -0.665550440999937 ], [ 38.297710419000055, -0.666987835999976 ], [ 38.298141479000037, -0.668511032999959 ], [ 38.298503876000041, -0.67024874699996 ], [ 38.298763275000056, -0.670978188999925 ], [ 38.299192429000072, -0.671696871999927 ], [ 38.300132275000067, -0.672453149999967 ], [ 38.300994873000036, -0.674196183999925 ], [ 38.301445007000041, -0.675719439999966 ], [ 38.302001953000058, -0.677457093999976 ], [ 38.302232742000058, -0.678862347999939 ], [ 38.303054810000049, -0.678315281999971 ], [ 38.304277420000062, -0.677435695999975 ], [ 38.305068970000036, -0.67715674599998 ], [ 38.306398392000062, -0.676545321999924 ], [ 38.307235718000072, -0.676041185999964 ], [ 38.308029175000058, -0.67552632099995 ], [ 38.30886840800008, -0.674818336999977 ], [ 38.31013488800005, -0.674046039999951 ], [ 38.311035156000059, -0.673531174999937 ], [ 38.312084198000036, -0.673144995999962 ], [ 38.313007355000025, -0.672844647999966 ], [ 38.314144135000049, -0.672544300999959 ], [ 38.315280914000027, -0.672222434999981 ], [ 38.316463470000031, -0.671922146999975 ], [ 38.317266464000056, -0.671686142999931 ], [ 38.318521500000031, -0.671535998999957 ], [ 38.319766998000034, -0.671171277999974 ], [ 38.320747375000053, -0.670608072999926 ], [ 38.32197380100007, -0.670259475999956 ], [ 38.322856903000059, -0.670034229999942 ], [ 38.324272156000063, -0.669497906999936 ], [ 38.325386047000052, -0.669047355999965 ], [ 38.326587677000077, -0.668725549999976 ], [ 38.327362061000031, -0.668553947999953 ], [ 38.328239441000051, -0.668382286999929 ], [ 38.329463959000066, -0.668081968999957 ], [ 38.330642700000055, -0.667803048999929 ], [ 38.331436157000041, -0.667674362999946 ], [ 38.332424164000031, -0.667567073999976 ], [ 38.333667755000079, -0.667438327999946 ], [ 38.334901810000076, -0.667255997999973 ], [ 38.33624267600004, -0.667009293999968 ], [ 38.337272644000052, -0.66690200599993 ], [ 38.338321686000029, -0.666816174999951 ], [ 38.339717865000068, -0.66658014099994 ], [ 38.340854645000036, -0.666472970999962 ], [ 38.341842651000036, -0.666365682999924 ], [ 38.342624664000027, -0.666140406999943 ], [ 38.343429565000065, -0.665947317999951 ], [ 38.344459534000066, -0.665936588999955 ], [ 38.346073468000043, -0.666060345999938 ], [ 38.34580993700007, -0.667309641999964 ], [ 38.345294952000074, -0.668167769999968 ], [ 38.344352722000053, -0.669690966999951 ], [ 38.342784882000046, -0.672136663999936 ], [ 38.342205048000039, -0.673230885999942 ], [ 38.341369629000042, -0.674796878999928 ], [ 38.340724945000034, -0.676159202999941 ], [ 38.340488434000065, -0.677092432999927 ], [ 38.34003830000006, -0.678465485999936 ], [ 38.339267731000064, -0.680289029999926 ], [ 38.337657928000056, -0.684858619999943 ], [ 38.336948395000036, -0.68666070699993 ], [ 38.336090088000049, -0.688698827999929 ], [ 38.335899353000059, -0.689696430999959 ], [ 38.336509705000026, -0.690382927999963 ], [ 38.33714294400005, -0.691455602999952 ], [ 38.337787628000058, -0.692710637999937 ], [ 38.338256836000028, -0.693761825999957 ], [ 38.338558197000054, -0.69446980999993 ], [ 38.338998794000076, -0.695290371999931 ], [ 38.339448929000071, -0.696218281999961 ], [ 38.339780807000068, -0.697097867999958 ], [ 38.340232849000074, -0.697966724999958 ], [ 38.340908051000042, -0.698428034999949 ], [ 38.341690063000044, -0.698610305999978 ], [ 38.342469533000042, -0.69838150399994 ], [ 38.343257904000041, -0.697848706999935 ], [ 38.344162941000036, -0.697248041999956 ], [ 38.345508893000044, -0.696829695999952 ], [ 38.346691132000046, -0.69642209999995 ], [ 38.34760284400005, -0.696475713999973 ], [ 38.348349253000038, -0.697087128999954 ], [ 38.348797798000078, -0.697988166999949 ], [ 38.349458059000028, -0.698967873999948 ], [ 38.349853516000053, -0.699720561999925 ], [ 38.350530624000044, -0.700476780999963 ], [ 38.351097107000044, -0.701045363999924 ], [ 38.351903280000045, -0.701106110999945 ], [ 38.35280227700008, -0.701485156999979 ], [ 38.353488922000054, -0.701828360999968 ], [ 38.354412079000042, -0.702150165999967 ], [ 38.355281830000024, -0.702407597999979 ], [ 38.35656356800007, -0.702331631999925 ], [ 38.357479095000031, -0.702236969999944 ], [ 38.358582497000043, -0.702147617999969 ], [ 38.359776815000032, -0.702092954999955 ], [ 38.360694885000044, -0.702487647999931 ], [ 38.361419678000061, -0.702764987999956 ], [ 38.362051010000073, -0.703327744999967 ], [ 38.362789154000041, -0.703099682999948 ], [ 38.363655090000066, -0.702847688999952 ], [ 38.364602407000064, -0.702957013999935 ], [ 38.366071383000076, -0.702757000999952 ], [ 38.366919200000041, -0.703367749999927 ], [ 38.367943573000048, -0.703239726999925 ], [ 38.369284948000029, -0.70264767599997 ], [ 38.370263418000036, -0.702108978999945 ], [ 38.371517181000058, -0.701568911999971 ], [ 38.372728348000066, -0.701391607999938 ], [ 38.373652458000038, -0.701243549999958 ], [ 38.374640465000027, -0.700907542999971 ], [ 38.375550588000067, -0.700914203999957 ], [ 38.376557668000032, -0.701276897999946 ], [ 38.377780914000027, -0.701551585999937 ], [ 38.378726959000062, -0.702391683999963 ], [ 38.379499435000071, -0.703077037999947 ], [ 38.38043975800008, -0.702898362999974 ], [ 38.380971909000039, -0.701851620999946 ], [ 38.38136482200008, -0.700523524999937 ], [ 38.382234255000071, -0.699689429999978 ], [ 38.382947286000046, -0.700444817999937 ], [ 38.382968903000062, -0.701383590999967 ], [ 38.383394241000076, -0.702347655999972 ], [ 38.384586334000062, -0.702631681999947 ], [ 38.385761261000027, -0.702895700999932 ], [ 38.386862437000048, -0.70336240499995 ], [ 38.387749672000041, -0.70383179199996 ], [ 38.389142672000048, -0.704275811999935 ], [ 38.390467326000078, -0.704487839999956 ], [ 38.391667684000026, -0.704274475999966 ], [ 38.392872810000028, -0.703619747999937 ], [ 38.39387130700004, -0.70250098899993 ], [ 38.394318899000041, -0.701559602999964 ], [ 38.394911957000033, -0.700797938999926 ], [ 38.395721436000031, -0.700423508999961 ], [ 38.396725337000078, -0.700170138999965 ], [ 38.39756965600003, -0.699607431999937 ], [ 38.398260753000045, -0.698914090999949 ], [ 38.398960114000033, -0.698386013999936 ], [ 38.39993953700008, -0.697975307999968 ], [ 38.401190758000041, -0.697491257999957 ], [ 38.402565002000074, -0.697105903999955 ], [ 38.40347162900008, -0.696871200999965 ], [ 38.40449142500006, -0.696871160999933 ], [ 38.405426025000054, -0.697011217999943 ], [ 38.406734467000035, -0.696671187999925 ], [ 38.407911936000062, -0.69616182599998 ], [ 38.40980021200005, -0.695912464999935 ], [ 38.412124634000065, -0.694342970999969 ], [ 38.413297653000029, -0.69341641699998 ], [ 38.414108276000036, -0.692806899999937 ], [ 38.415019989000029, -0.692070841999964 ], [ 38.416404724000074, -0.690958737999949 ], [ 38.417066574000046, -0.690390735999927 ], [ 38.41785907700006, -0.689630627999975 ], [ 38.418626785000072, -0.688750564999964 ], [ 38.419406891000051, -0.688220917999956 ], [ 38.420484543000043, -0.688022493999938 ], [ 38.421547890000056, -0.68789049999998 ], [ 38.422363281000059, -0.687814533999926 ], [ 38.423131943000044, -0.687830507999934 ], [ 38.424261093000041, -0.687942474999943 ], [ 38.425285339000027, -0.687902479999934 ], [ 38.426221848000068, -0.687710433999939 ], [ 38.427124023000033, -0.687566458999925 ], [ 38.428045273000066, -0.68734244999996 ], [ 38.429177093000078, -0.686844813999926 ], [ 38.430173874000047, -0.686518370999977 ], [ 38.431132317000049, -0.686802416999967 ], [ 38.432041931000072, -0.687180828999942 ], [ 38.432580948000066, -0.688110500999926 ], [ 38.43338966400006, -0.689190595999946 ], [ 38.434455871000068, -0.689958671999932 ], [ 38.435550054000032, -0.689761302999955 ], [ 38.436628342000063, -0.689414560999978 ], [ 38.437765121000041, -0.689314603999946 ], [ 38.438724942000078, -0.688691 ], [ 38.439159393000068, -0.687670468999954 ], [ 38.440046310000071, -0.687550484999974 ], [ 38.441326141000047, -0.687542438999969 ], [ 38.443660736000027, -0.687558531999969 ], [ 38.445343018000074, -0.687606453999933 ], [ 38.447599411000056, -0.687750488999939 ], [ 38.44867897000006, -0.687758475999942 ], [ 38.450862885000049, -0.687750458999972 ], [ 38.453552246000072, -0.687654494999947 ], [ 38.455551147000051, -0.687622487999931 ], [ 38.456748962000063, -0.687622487999931 ], [ 38.460208893000072, -0.687670409999953 ], [ 38.461021423000034, -0.687734484999964 ], [ 38.462223053000059, -0.688022493999938 ], [ 38.46382522600004, -0.688182472999927 ], [ 38.465087891000053, -0.688246547999938 ], [ 38.467231750000053, -0.688198506999925 ], [ 38.468368530000077, -0.688278495999953 ], [ 38.469310760000042, -0.688390552999977 ], [ 38.470718384000065, -0.688550471999974 ], [ 38.473182678000057, -0.688662528999942 ], [ 38.475296021000077, -0.688758551999967 ], [ 38.476337433000026, -0.688958584999966 ], [ 38.477455139000028, -0.689510642999949 ], [ 38.478561401000036, -0.690198659999965 ], [ 38.479335785000046, -0.690670698999952 ], [ 38.480497360000072, -0.691166758999941 ], [ 38.482673645000034, -0.692294835999974 ], [ 38.484832764000032, -0.693318902999977 ], [ 38.486017227000048, -0.693830996999964 ], [ 38.486808777000078, -0.693726926999943 ], [ 38.487745285000074, -0.693782984999928 ], [ 38.488953590000051, -0.694091021999952 ], [ 38.490377426000066, -0.694731011999977 ], [ 38.49147415200008, -0.695175051999968 ], [ 38.492523193000068, -0.695559083999967 ], [ 38.494026184000063, -0.696215152999969 ], [ 38.495130539000058, -0.696607201999939 ], [ 38.495891571000072, -0.696935235999945 ], [ 38.497002602000066, -0.697371258999965 ], [ 38.498146057000042, -0.697911291999958 ], [ 38.499097824000046, -0.698391347999973 ], [ 38.499786377000078, -0.698767393999958 ], [ 38.500617981000062, -0.698982317999935 ], [ 38.501889229000028, -0.699072733999969 ], [ 38.502969742000062, -0.700241997999967 ], [ 38.503730774000076, -0.700672506999979 ], [ 38.504980087000035, -0.701392143999954 ], [ 38.505712509000034, -0.701710104999961 ], [ 38.506654104000063, -0.701854824999941 ], [ 38.507526398000039, -0.70196479599997 ], [ 38.508379618000049, -0.701505461999943 ], [ 38.509058634000041, -0.70068454699998 ], [ 38.50981521600005, -0.699590414999932 ], [ 38.510743141000034, -0.698322772999973 ], [ 38.511732101000064, -0.697711020999975 ], [ 38.512565613000049, -0.697496592999926 ], [ 38.513536453000029, -0.697231709999926 ], [ 38.514696121000043, -0.69674609599997 ], [ 38.515565872000025, -0.695932536999976 ], [ 38.516450246000034, -0.695251384999949 ], [ 38.517257690000065, -0.69510000899993 ], [ 38.518026352000049, -0.694986521999965 ], [ 38.519164721000038, -0.695156797999971 ], [ 38.520712852000031, -0.69476577599994 ], [ 38.521972656000059, -0.69469642599995 ], [ 38.522808075000057, -0.694620727999961 ], [ 38.524066925000056, -0.694620727999961 ], [ 38.525239944000077, -0.694797306999931 ], [ 38.526338577000047, -0.695175706999976 ], [ 38.527500153000062, -0.695390134999968 ], [ 38.52852503500003, -0.695226152999965 ], [ 38.529277802000024, -0.695642411999927 ], [ 38.530538559000036, -0.69600818999993 ], [ 38.531585693000068, -0.695932507999942 ], [ 38.532707214000027, -0.695667623999952 ], [ 38.53390693700004, -0.695364921999953 ], [ 38.534902573000068, -0.695087372999978 ], [ 38.536075592000032, -0.695125221999945 ], [ 38.538322449000077, -0.695175706999976 ], [ 38.540868759000034, -0.695175706999976 ], [ 38.542053223000039, -0.695125221999945 ], [ 38.54320335400007, -0.695238768999957 ], [ 38.544704437000064, -0.695566713999938 ], [ 38.545989990000066, -0.695970355999975 ], [ 38.546834946000047, -0.696563153999932 ], [ 38.547376633000056, -0.697130768999955 ], [ 38.547958374000075, -0.697723626999959 ], [ 38.548866272000055, -0.698486744999968 ], [ 38.549877167000034, -0.699161588999971 ], [ 38.551237106000031, -0.699779629999966 ], [ 38.552497864000031, -0.700271546999943 ], [ 38.553091049000045, -0.700826525999958 ], [ 38.553697586000055, -0.701343684999927 ], [ 38.554832458000078, -0.701722114999939 ], [ 38.556068420000031, -0.701797782999961 ], [ 38.556976318000068, -0.701570748999927 ], [ 38.55812454200003, -0.701558112999976 ], [ 38.558879852000075, -0.70138153399995 ], [ 38.560079575000032, -0.701406761999976 ], [ 38.561050415000068, -0.701583384999935 ], [ 38.561807632000068, -0.701848238999958 ], [ 38.562723160000075, -0.702378004999957 ], [ 38.563827515000071, -0.70266812999995 ], [ 38.564884186000029, -0.702819466999927 ], [ 38.565868378000062, -0.702844678999952 ], [ 38.566699982000046, -0.702895163999926 ], [ 38.56874465900006, -0.702844698999968 ], [ 38.56989288300008, -0.703153728999951 ], [ 38.571159363000049, -0.703509012999973 ], [ 38.572313309000037, -0.703878998999926 ], [ 38.574097315000074, -0.703399707999949 ], [ 38.574825287000067, -0.702718555999979 ], [ 38.575378418000071, -0.702087878999976 ], [ 38.575996399000076, -0.701520323999944 ], [ 38.577234268000041, -0.700763493999943 ], [ 38.57847023000005, -0.700523822999969 ], [ 38.580122630000062, -0.700557430999936 ], [ 38.581333160000042, -0.700309454999967 ], [ 38.582972208000058, -0.699952025999949 ], [ 38.584458033000033, -0.700099159999979 ], [ 38.585521698000036, -0.70035988099994 ], [ 38.586719513000048, -0.700599520999958 ], [ 38.588102977000062, -0.700683613999956 ], [ 38.589066506000052, -0.701381548999962 ], [ 38.590181351000069, -0.701917588999947 ], [ 38.591676712000037, -0.702290007999977 ], [ 38.592716217000032, -0.702651798999966 ], [ 38.593982697000058, -0.702683671999978 ], [ 38.594795227000077, -0.702963232999934 ], [ 38.595533371000045, -0.703302949999966 ], [ 38.596382141000049, -0.703600197999947 ], [ 38.597362518000068, -0.703932865999946 ], [ 38.598444621000056, -0.704392949999942 ], [ 38.599553108000066, -0.704495548999944 ], [ 38.60103861500005, -0.705025175999936 ], [ 38.601959229000045, -0.705256372999941 ], [ 38.602821350000056, -0.705298840999944 ], [ 38.60382080100004, -0.705320029999939 ], [ 38.604885101000036, -0.705737634999934 ], [ 38.605665207000072, -0.706296771999973 ], [ 38.60615793900007, -0.707157889999962 ], [ 38.60622692100003, -0.70856159899995 ], [ 38.606836319000024, -0.710026651999954 ], [ 38.607812881000029, -0.711070611999958 ], [ 38.608791351000036, -0.71182437799996 ], [ 38.609896660000061, -0.712266712999963 ], [ 38.611045837000063, -0.712475537999978 ], [ 38.611938477000081, -0.712503790999961 ], [ 38.612915039000029, -0.712560414999928 ], [ 38.613792419000049, -0.712560414999928 ], [ 38.614840189000063, -0.712541559999977 ], [ 38.615951538000047, -0.712312727999972 ], [ 38.616893768000068, -0.712234854999963 ], [ 38.617698669000049, -0.712149917999966 ], [ 38.618465424000078, -0.712107479999929 ], [ 38.619497299000045, -0.712114542999927 ], [ 38.62069034600006, -0.712050869999928 ], [ 38.62169265700004, -0.71224904099995 ], [ 38.622343063000073, -0.712716161999936 ], [ 38.623271942000031, -0.713489969999955 ], [ 38.624385834000066, -0.714112777999958 ], [ 38.625195503000043, -0.714680164999947 ], [ 38.625938416000054, -0.715249895999932 ], [ 38.62660408000005, -0.715674578999938 ], [ 38.627979914000036, -0.716179439999962 ], [ 38.62925148000005, -0.715715874999944 ], [ 38.630268097000055, -0.715448080999977 ], [ 38.631217957000047, -0.715338393999957 ], [ 38.632083893000072, -0.714863021999975 ], [ 38.632894135000072, -0.714332663999926 ], [ 38.633469391000062, -0.713636242999939 ], [ 38.634197235000045, -0.713027581999938 ], [ 38.635403633000067, -0.713006346999975 ], [ 38.636763096000038, -0.713139041999966 ], [ 38.638370037000072, -0.712951465999936 ], [ 38.639651489000073, -0.712217890999966 ], [ 38.640588760000071, -0.712065010999936 ], [ 38.641735077000078, -0.712227791999965 ], [ 38.642711639000026, -0.712461351999934 ], [ 38.64348983800005, -0.712631225999928 ], [ 38.64451789900005, -0.712801098999932 ], [ 38.645861626000055, -0.713300063999952 ], [ 38.647119522000025, -0.714110433999963 ], [ 38.647984505000068, -0.714931442999955 ], [ 38.648668607000047, -0.716039080999963 ], [ 38.649173737000069, -0.717359005999924 ], [ 38.649606069000072, -0.718151747999968 ], [ 38.650279999000077, -0.719119012999954 ], [ 38.650730769000063, -0.720190077999973 ], [ 38.650970459000064, -0.721584349999944 ], [ 38.650922775000026, -0.722440748999929 ], [ 38.650933266000038, -0.723566099999971 ], [ 38.651260376000039, -0.724601765999978 ], [ 38.651332855000078, -0.725384950999967 ], [ 38.651283264000028, -0.726510405999932 ], [ 38.651303609000024, -0.72783859599997 ], [ 38.651500702000078, -0.728796421999959 ], [ 38.651807785000074, -0.729504197999972 ], [ 38.652427673000034, -0.730299253999931 ], [ 38.652732849000074, -0.731464623999955 ], [ 38.652873993000071, -0.732406019999928 ], [ 38.65329678900008, -0.733484148999935 ], [ 38.654100418000041, -0.734624817999929 ], [ 38.654998779000039, -0.735484748999966 ], [ 38.655834198000036, -0.736199557999953 ], [ 38.656648636000057, -0.736794083999939 ], [ 38.657836914000029, -0.737494796999954 ], [ 38.659088135000047, -0.738209604999952 ], [ 38.660404205000077, -0.738973974999965 ], [ 38.661270142000035, -0.73955428599993 ], [ 38.662132263000046, -0.740177213999971 ], [ 38.663322449000077, -0.741040586999929 ], [ 38.664382935000049, -0.741819202999977 ], [ 38.665416718000074, -0.74254110499993 ], [ 38.666763306000064, -0.743036508999978 ], [ 38.667533875000061, -0.74337625499993 ], [ 38.668346405000079, -0.74366643999997 ], [ 38.669139862000065, -0.743751376999967 ], [ 38.670001984000066, -0.743758469999932 ], [ 38.67313766500007, -0.743708908999963 ], [ 38.67450141900008, -0.743535488999953 ], [ 38.675460815000065, -0.743192225999962 ], [ 38.67641449000007, -0.742810070999951 ], [ 38.677228928000034, -0.742576509999935 ], [ 38.678283691000047, -0.742286264999962 ], [ 38.679119110000045, -0.742003201999978 ], [ 38.682422638000048, -0.741125583999974 ], [ 38.683265686000027, -0.740743398999939 ], [ 38.684445381000046, -0.740078091999976 ], [ 38.685370127000056, -0.739426950999928 ], [ 38.686296463000076, -0.739363297999944 ], [ 38.687129974000072, -0.739561408999975 ], [ 38.68790245100007, -0.739426969999954 ], [ 38.68872261000007, -0.739200472999926 ], [ 38.68982124300004, -0.738782896999965 ], [ 38.691059113000051, -0.738060980999933 ], [ 38.692071279000061, -0.737336714999969 ], [ 38.693125725000073, -0.736946254999964 ], [ 38.694286346000069, -0.736468523999974 ], [ 38.69510841400006, -0.736058026999956 ], [ 38.696161270000061, -0.73525118799995 ], [ 38.696811676000038, -0.734628438999948 ], [ 38.697704315000067, -0.733623345999945 ], [ 38.698376179000036, -0.732480309999971 ], [ 38.698708852000038, -0.731235781999942 ], [ 38.698711395000032, -0.730424254999946 ], [ 38.698711395000032, -0.729546665999976 ], [ 38.698753357000044, -0.728286861999948 ], [ 38.698810577000074, -0.727168559999939 ], [ 38.698910713000032, -0.725791990999937 ], [ 38.699573517000033, -0.72493207499997 ], [ 38.70015335100004, -0.724195986999973 ], [ 38.70103836100003, -0.723353772999928 ], [ 38.701902390000043, -0.722752153999977 ], [ 38.704421997000054, -0.72098275999997 ], [ 38.705673218000072, -0.720147668999971 ], [ 38.706638336000026, -0.719383239999956 ], [ 38.707679749000079, -0.718463181999937 ], [ 38.708573341000033, -0.717616190999934 ], [ 38.70952860500006, -0.717042922999951 ], [ 38.710260391000077, -0.716785758999947 ], [ 38.711039225000036, -0.716424802999938 ], [ 38.711959839000031, -0.715702890999978 ], [ 38.714649200000053, -0.713820278999947 ], [ 38.715866089000031, -0.71295678599995 ], [ 38.716482162000034, -0.712376415999927 ], [ 38.716804504000038, -0.711607316999959 ], [ 38.717422485000043, -0.710932611999965 ], [ 38.718257904000041, -0.710054963999937 ], [ 38.719267527000056, -0.709082980999938 ], [ 38.720338440000035, -0.708455442999934 ], [ 38.72179794300007, -0.707733511999947 ], [ 38.72260284400005, -0.707337200999973 ], [ 38.723759969000071, -0.706794559999935 ], [ 38.724894524000035, -0.706126908999977 ], [ 38.725953420000053, -0.705350736999947 ], [ 38.726821899000072, -0.704838722999966 ], [ 38.728074074000062, -0.704162865999933 ], [ 38.72917175300006, -0.703444525999942 ], [ 38.73015276600006, -0.702236592999952 ], [ 38.730708122000067, -0.701126604999956 ], [ 38.731102308000061, -0.70013572299996 ], [ 38.731749217000072, -0.699065863999977 ], [ 38.732281685000032, -0.698398187999942 ], [ 38.733175278000033, -0.698190589999967 ], [ 38.733960470000056, -0.697622020999972 ], [ 38.73517481500005, -0.696951066999929 ], [ 38.73662471800003, -0.697030610999946 ], [ 38.73732566800004, -0.696523516999946 ], [ 38.737930298000038, -0.695804714999952 ], [ 38.738995870000053, -0.695507048999957 ], [ 38.740056038000034, -0.69528242399997 ], [ 38.741204071000027, -0.694764709999959 ], [ 38.742104530000063, -0.694515570999954 ], [ 38.74328994800004, -0.694188840999971 ], [ 38.744599915000038, -0.694078564999927 ], [ 38.745835304000025, -0.694107144999975 ], [ 38.746978760000047, -0.693964182999935 ], [ 38.747988701000054, -0.694318152999926 ], [ 38.749210834000053, -0.694202430999951 ], [ 38.749733925000044, -0.693133815999943 ], [ 38.750685374000057, -0.693383375999929 ], [ 38.75162124600007, -0.693773626999928 ], [ 38.752520243000049, -0.693900664999944 ], [ 38.753463745000033, -0.693537651999975 ], [ 38.754261017000033, -0.693841695999936 ], [ 38.754724503000034, -0.694563179999932 ], [ 38.755172729000037, -0.695611386999929 ], [ 38.755651474000047, -0.69680938099998 ], [ 38.756405830000062, -0.697714670999972 ], [ 38.757215500000029, -0.698415785999941 ], [ 38.758037567000031, -0.698864489999949 ], [ 38.75881004300004, -0.699258118999978 ], [ 38.759742737000067, -0.69917613299998 ], [ 38.76070022600004, -0.698946535999937 ], [ 38.761608124000077, -0.698738793999951 ], [ 38.762472789000071, -0.699208934999945 ], [ 38.763914744000033, -0.699515083999927 ], [ 38.764713287000063, -0.700160145999973 ], [ 38.765352249000046, -0.700750648999929 ], [ 38.766048431000058, -0.701450486999931 ], [ 38.76743698100006, -0.701997220999942 ], [ 38.768257141000049, -0.702259599999934 ], [ 38.769360860000063, -0.702423631999977 ], [ 38.769880295000064, -0.703112512999951 ], [ 38.770715714000062, -0.703407734999928 ], [ 38.771930695000037, -0.703342139999961 ], [ 38.772750854000037, -0.703407763999962 ], [ 38.773767471000042, -0.703325718999963 ], [ 38.774766922000026, -0.703145309999968 ], [ 38.775549571000056, -0.702598591999958 ], [ 38.77634239200006, -0.702030062999938 ], [ 38.777392387000077, -0.702112048999936 ], [ 38.77864646900008, -0.701751201999969 ], [ 38.779426575000059, -0.70070147499996 ], [ 38.78061294500003, -0.699580728999933 ], [ 38.781574249000073, -0.698815285999956 ], [ 38.782329559000061, -0.698224842999934 ], [ 38.783248901000036, -0.697503149999932 ], [ 38.783887863000075, -0.69696190999997 ], [ 38.784805298000038, -0.69671589099994 ], [ 38.785390218000032, -0.696223834999955 ], [ 38.786061287000052, -0.695575952999945 ], [ 38.786691666000024, -0.69491168899998 ], [ 38.786923174000037, -0.69389259299993 ], [ 38.796409605000065, -0.709489499999961 ], [ 38.806358329000034, -0.726329686999975 ], [ 38.80967520400003, -0.732740996999951 ], [ 38.81299208300004, -0.739152312999977 ], [ 38.815668104000054, -0.744518312999958 ], [ 38.818344124000077, -0.74988431099996 ], [ 38.820497511000042, -0.754325156999926 ], [ 38.822650896000027, -0.758765998999934 ], [ 38.824344631000031, -0.762255658999948 ], [ 38.826038371000038, -0.76574532799998 ], [ 38.833675381000035, -0.781871158999934 ], [ 38.841312395000045, -0.797997 ], [ 38.843196857000066, -0.801951248999956 ], [ 38.845081325000081, -0.805905511999924 ], [ 38.848840703000064, -0.813798247999955 ], [ 38.852600084000073, -0.821690988999933 ], [ 38.859722135000027, -0.836910875999934 ], [ 38.866844186000037, -0.852130760999955 ], [ 38.875778192000041, -0.87094656599993 ], [ 38.884712207000064, -0.889762388999941 ], [ 38.886663422000026, -0.894027310999945 ], [ 38.888614643000039, -0.898292247999962 ], [ 38.893619558000069, -0.908536413999968 ], [ 38.898624464000079, -0.918780564999963 ], [ 38.903154398000027, -0.928425415999925 ], [ 38.907684323000069, -0.938070244999949 ], [ 38.913133631000051, -0.949596689999964 ], [ 38.91858293100006, -0.961123117999932 ], [ 38.922052387000065, -0.968649437999943 ], [ 38.92552183500004, -0.976175738999927 ], [ 38.931556699000055, -0.98864993799998 ], [ 38.937591561000033, -1.001124134999941 ], [ 38.942525873000079, -1.011479787999974 ], [ 38.947460185000068, -1.021835442999929 ], [ 38.950164806000032, -1.027633476999938 ], [ 38.952869430000078, -1.033431515999951 ], [ 38.953230286000064, -1.03420278599998 ], [ 38.957254413000044, -1.042774564999945 ], [ 38.961329453000076, -1.051459887999954 ], [ 38.96179246500003, -1.05276304299997 ], [ 38.96197128600005, -1.054909470999974 ], [ 38.962097181000047, -1.056763180999951 ], [ 38.962402348000069, -1.061474095999927 ], [ 38.962707513000055, -1.066185 ], [ 38.963079657000037, -1.07177464199998 ], [ 38.963211287000036, -1.07771848699997 ], [ 38.962591489000033, -1.078320532999953 ], [ 38.961318970000036, -1.07796516999997 ], [ 38.960459709000077, -1.077477871999974 ], [ 38.959783554000069, -1.077083020999964 ], [ 38.958589622000034, -1.077191976999927 ], [ 38.957351685000049, -1.077231426999958 ], [ 38.957117353000058, -1.076448508999931 ], [ 38.956184387000064, -1.075426354999934 ], [ 38.955072191000056, -1.075529548999953 ], [ 38.954099178000035, -1.076238110999952 ], [ 38.95285373300004, -1.076457539999979 ], [ 38.951960564000046, -1.07682134199996 ], [ 38.951254272000028, -1.076250266999978 ], [ 38.950547900000061, -1.075840404999951 ], [ 38.949637095000071, -1.076064764999956 ], [ 38.949104786000078, -1.076871409999967 ], [ 38.948131016000048, -1.077151638999965 ], [ 38.94696887300006, -1.077448809999964 ], [ 38.945561568000073, -1.077373980999937 ], [ 38.944736481000064, -1.076570510999943 ], [ 38.943886948000056, -1.075919484999929 ], [ 38.942890591000037, -1.076073301999941 ], [ 38.942158699000061, -1.07584598699998 ], [ 38.941093826000042, -1.075511013999972 ], [ 38.940044880000073, -1.076311915999952 ], [ 38.938985443000036, -1.077048611999942 ], [ 38.938080924000076, -1.077794670999936 ], [ 38.937404156000071, -1.078635125999938 ], [ 38.936714935000055, -1.079581701999928 ], [ 38.93568420400004, -1.080002307999962 ], [ 38.93493118300006, -1.080550956999957 ], [ 38.933866660000035, -1.080911405999927 ], [ 38.932908535000024, -1.080746620999946 ], [ 38.931838989000028, -1.081185062999964 ], [ 38.93117268900005, -1.080748279999966 ], [ 38.930406843000071, -1.080404792999957 ], [ 38.92923514000006, -1.080108781999968 ], [ 38.928203583000027, -1.07978135299993 ], [ 38.927644730000054, -1.079183438999962 ], [ 38.926690578000034, -1.079249813999979 ], [ 38.926018397000064, -1.079755126999942 ], [ 38.925013479000029, -1.07931685099993 ], [ 38.924075127000037, -1.078940823999972 ], [ 38.923285802000066, -1.079208214999937 ], [ 38.922327042000063, -1.078424036999934 ], [ 38.921413422000057, -1.07802380499993 ], [ 38.92060525100004, -1.07702771299995 ], [ 38.919791412000052, -1.077085160999957 ], [ 38.919471196000075, -1.077973535999945 ], [ 38.918979168000078, -1.078875779999976 ], [ 38.918195248000075, -1.078599065999924 ], [ 38.917233944000031, -1.078256710999938 ], [ 38.916482108000025, -1.078927312999951 ], [ 38.915831248000075, -1.079583763999949 ], [ 38.91450500500008, -1.079839944999947 ], [ 38.913646698000036, -1.080074518999936 ], [ 38.912732261000031, -1.080079180999974 ], [ 38.911504300000047, -1.07957055199995 ], [ 38.910488764000036, -1.079899866999938 ], [ 38.909468333000063, -1.080415615999925 ], [ 38.908045769000069, -1.080278286999942 ], [ 38.907284164000032, -1.081327449999947 ], [ 38.906302770000025, -1.081663568999943 ], [ 38.905270804000054, -1.081508908999979 ], [ 38.902731323000069, -1.08126625999995 ], [ 38.901783413000032, -1.081763240999976 ], [ 38.900886263000075, -1.082767273999934 ], [ 38.900499684000067, -1.081727146999924 ], [ 38.899460687000044, -1.081375399999956 ], [ 38.898619334000045, -1.082030514999929 ], [ 38.897884716000078, -1.082750677999968 ], [ 38.897914410000055, -1.083785876999968 ], [ 38.896854824000059, -1.084568486999956 ], [ 38.895550728000046, -1.084332629999949 ], [ 38.894196987000043, -1.08437715499997 ], [ 38.89363161700004, -1.085167169999977 ], [ 38.893563906000054, -1.086386923999953 ], [ 38.892490387000066, -1.086649443999931 ], [ 38.892279307000081, -1.087553917999969 ], [ 38.89169693000008, -1.088498401999971 ], [ 38.890742493000062, -1.089636194999969 ], [ 38.890126365000071, -1.090550864999955 ], [ 38.889135149000026, -1.090856154999926 ], [ 38.887949081000045, -1.09019594199998 ], [ 38.887266795000073, -1.090863267999964 ], [ 38.886539459000062, -1.091198920999943 ], [ 38.886165074000075, -1.091997571999968 ], [ 38.886381785000026, -1.09290460699998 ], [ 38.885643482000035, -1.093315347999976 ], [ 38.884824117000051, -1.094158660999938 ], [ 38.883746576000078, -1.094558368999969 ], [ 38.88296572400003, -1.093312763999961 ], [ 38.882330068000044, -1.092316344999972 ], [ 38.880888939000045, -1.092603678999978 ], [ 38.87987479800006, -1.092828485999974 ], [ 38.878768603000026, -1.093721582999933 ], [ 38.878179030000069, -1.094764622999946 ], [ 38.877362823000055, -1.094314097999927 ], [ 38.876328877000049, -1.093822125999964 ], [ 38.875284513000054, -1.093860069999948 ], [ 38.873769760000073, -1.09405815599996 ], [ 38.873149872000056, -1.093481063999945 ], [ 38.872331619000079, -1.09339412099996 ], [ 38.871487512000044, -1.092885838999962 ], [ 38.870537758000069, -1.092114746999926 ], [ 38.869441986000027, -1.091853647999926 ], [ 38.868648529000041, -1.091695951999952 ], [ 38.867788188000077, -1.092073459999938 ], [ 38.866638729000044, -1.092008266999926 ], [ 38.865934584000058, -1.092700242999967 ], [ 38.866550446000076, -1.093752304999953 ], [ 38.86631819400003, -1.095063211999957 ], [ 38.864820480000049, -1.095093051999925 ], [ 38.864171709000061, -1.096111718999964 ], [ 38.863392830000066, -1.096057801999962 ], [ 38.862506866000047, -1.096122875999924 ], [ 38.861710866000067, -1.096094965999953 ], [ 38.860994512000048, -1.096369157999959 ], [ 38.859862328000077, -1.095943077999948 ], [ 38.85853131600004, -1.095826486999954 ], [ 38.857658386000026, -1.095635175999973 ], [ 38.856927395000071, -1.096384703999945 ], [ 38.855854579000038, -1.096798623999973 ], [ 38.854953766000051, -1.097516072999952 ], [ 38.85391807600007, -1.097783664999952 ], [ 38.852930705000063, -1.097764849999976 ], [ 38.851948420000042, -1.097768425999959 ], [ 38.851135254000042, -1.097376033999979 ], [ 38.850453695000056, -1.096667706999938 ], [ 38.850071589000038, -1.095902561999935 ], [ 38.84920597100006, -1.095370411999966 ], [ 38.848091888000056, -1.095554422999953 ], [ 38.847047329000077, -1.09579808999996 ], [ 38.846222560000058, -1.096356272999969 ], [ 38.845485687000064, -1.096145053999976 ], [ 38.844664097000077, -1.095357947999958 ], [ 38.843532562000064, -1.095579474999965 ], [ 38.842803192000076, -1.095152806999977 ], [ 38.841834386000073, -1.095063129999971 ], [ 38.841045380000025, -1.095258712999964 ], [ 38.84028371200003, -1.094707846999938 ], [ 38.839465459000053, -1.09461835999997 ], [ 38.838782501000026, -1.095048689999942 ], [ 38.83760512200007, -1.094874355999934 ], [ 38.836484528000028, -1.09448909799994 ], [ 38.835454532000028, -1.094980203999967 ], [ 38.834228992000078, -1.094936906999976 ], [ 38.833101485000043, -1.09457182899996 ], [ 38.83203833400006, -1.09424120999995 ], [ 38.83122889200007, -1.093891679999956 ], [ 38.830509186000029, -1.093524336999963 ], [ 38.829927444000077, -1.092935576999935 ], [ 38.829105377000076, -1.093251804999966 ], [ 38.82812023200006, -1.093431546999966 ], [ 38.827271779000057, -1.093633969999928 ], [ 38.826811981000048, -1.092993211999953 ], [ 38.826261732000034, -1.091921130999935 ], [ 38.825200399000039, -1.091118558999938 ], [ 38.824374008000063, -1.089957808999941 ], [ 38.823895348000065, -1.088895691999937 ], [ 38.822863443000074, -1.088457515999949 ], [ 38.822054545000071, -1.088077445999943 ], [ 38.82158813500007, -1.087446546999956 ], [ 38.820923941000046, -1.087039947999926 ], [ 38.820029577000071, -1.086659887999929 ], [ 38.819212914000047, -1.086273416999973 ], [ 38.818284716000051, -1.086008275999973 ], [ 38.816658783000037, -1.084006028999966 ], [ 38.816166433000035, -1.082955326999979 ], [ 38.815394265000066, -1.082118442999956 ], [ 38.815046522000046, -1.081424143999925 ], [ 38.813720279000052, -1.081680906999964 ], [ 38.812375704000033, -1.081275901999959 ], [ 38.811212063000028, -1.081498488999955 ], [ 38.810067404000051, -1.082024052999941 ], [ 38.808751243000074, -1.082170639999958 ], [ 38.807368660000066, -1.082238393999944 ], [ 38.806138992000058, -1.082179739999958 ], [ 38.805252075000055, -1.082083761999968 ], [ 38.804502869000032, -1.082315444999949 ], [ 38.803681374000064, -1.082264288999966 ], [ 38.802743912000039, -1.082169234999981 ], [ 38.801581955000074, -1.082446979999929 ], [ 38.800014019000059, -1.083286508999947 ], [ 38.798638916000073, -1.083535676999929 ], [ 38.797582414000033, -1.083255356999928 ], [ 38.79636097000008, -1.083137104999935 ], [ 38.79505920400004, -1.083098751999955 ], [ 38.794314384000074, -1.083318739999925 ], [ 38.79359359700004, -1.083618178999927 ], [ 38.791927044000033, -1.082741617999943 ], [ 38.790913105000072, -1.082829415999925 ], [ 38.789978981000047, -1.082656949999944 ], [ 38.789064789000065, -1.082959782999978 ], [ 38.788099670000065, -1.083001660999969 ], [ 38.787542725000037, -1.083523797999931 ], [ 38.78668975800008, -1.084071254999969 ], [ 38.786059062000049, -1.084757307999951 ], [ 38.785679340000058, -1.085530280999933 ], [ 38.784892082000056, -1.08566385499995 ], [ 38.783994039000049, -1.085936506999928 ], [ 38.783449809000047, -1.086789667999938 ], [ 38.782832241000051, -1.087805336999963 ], [ 38.781923567000035, -1.088245817999962 ], [ 38.780958652000038, -1.088210358999959 ], [ 38.779921055000045, -1.088595583999961 ], [ 38.778837476000035, -1.088205933999973 ], [ 38.778278987000078, -1.087610303999952 ], [ 38.77870241800008, -1.086601045999942 ], [ 38.778593699000055, -1.085531353999954 ], [ 38.777531465000038, -1.085102100999961 ], [ 38.776430511000058, -1.084928202999947 ], [ 38.775827680000077, -1.084249342999954 ], [ 38.774866581000026, -1.083836212999927 ], [ 38.773676978000026, -1.08412041899993 ], [ 38.772565024000073, -1.084317649999946 ], [ 38.771486773000049, -1.083981452999979 ], [ 38.770245446000047, -1.084542538999926 ], [ 38.76942596400005, -1.084287118999953 ], [ 38.768885295000075, -1.083705782999971 ], [ 38.768852234000065, -1.082789822999928 ], [ 38.768642426000042, -1.082020669999963 ], [ 38.767696063000074, -1.081605205999949 ], [ 38.766553061000025, -1.08186595799998 ], [ 38.765676880000058, -1.082049130999962 ], [ 38.764930725000056, -1.082246708999946 ], [ 38.76421737700008, -1.08256333199995 ], [ 38.763348262000079, -1.082952717999945 ], [ 38.763017654000066, -1.083734432999961 ], [ 38.761983236000049, -1.084235454999941 ], [ 38.760904312000036, -1.084049423999943 ], [ 38.759854211000061, -1.083824951999929 ], [ 38.758904457000028, -1.083792209999956 ], [ 38.758318901000052, -1.084344967999925 ], [ 38.757528305000051, -1.085037588999967 ], [ 38.756449382000028, -1.085277358999974 ], [ 38.755671501000052, -1.085823177999941 ], [ 38.755051931000025, -1.086412707999955 ], [ 38.754413605000025, -1.086945493999963 ], [ 38.753700256000059, -1.087500005999971 ], [ 38.752718925000067, -1.087951987999929 ], [ 38.751558940000052, -1.08827292899997 ], [ 38.750635529000078, -1.088393449999955 ], [ 38.749536133000049, -1.088177060999953 ], [ 38.748595556000055, -1.088503698999943 ], [ 38.747843266000075, -1.089252158999955 ], [ 38.74665514600008, -1.08906921199997 ], [ 38.745593548000045, -1.088741272999926 ], [ 38.74477844200004, -1.088797997999961 ], [ 38.743909018000068, -1.088869417999945 ], [ 38.74308204700003, -1.089138030999948 ], [ 38.742234548000056, -1.089211066999951 ], [ 38.741474915000026, -1.08934981799996 ], [ 38.740610123000067, -1.089076905999946 ], [ 38.739461081000059, -1.089311054999939 ], [ 38.738349915000072, -1.089183193999929 ], [ 38.73743057300004, -1.088574248999976 ], [ 38.736270481000076, -1.087650179999969 ], [ 38.735506694000037, -1.086658278999948 ], [ 38.734920979000037, -1.085860192999974 ], [ 38.734343393000074, -1.085120745999973 ], [ 38.733576202000052, -1.084817528999963 ], [ 38.732804616000067, -1.08460841599998 ], [ 38.731946182000058, -1.083786764999957 ], [ 38.731143188000033, -1.082874369999956 ], [ 38.730449677000024, -1.082440137999924 ], [ 38.729654948000075, -1.081893681999929 ], [ 38.728959401000054, -1.081471840999939 ], [ 38.728061040000057, -1.081143736999934 ], [ 38.727024714000038, -1.080866952999941 ], [ 38.726116180000076, -1.081098028999975 ], [ 38.716499329000044, -1.085535764999975 ], [ 38.706794739000031, -1.089657067999951 ], [ 38.698894501000041, -1.093520044999934 ], [ 38.686923981000064, -1.091637730999935 ], [ 38.679641724000078, -1.091736196999932 ], [ 38.665000916000054, -1.08194339299996 ], [ 38.662639618000071, -1.081217526999978 ], [ 38.658805847000053, -1.081985473999964 ], [ 38.654197693000071, -1.082908510999971 ], [ 38.64544296300005, -1.082822799999974 ], [ 38.636520386000029, -1.08462381399994 ], [ 38.635647910000046, -1.08503602199994 ], [ 38.634567897000068, -1.085250973999962 ], [ 38.633687337000026, -1.085515975999954 ], [ 38.632733345000076, -1.085770904999947 ], [ 38.63163471200005, -1.086157589999971 ], [ 38.630824089000043, -1.08660724799995 ], [ 38.630225182000061, -1.087156891999939 ], [ 38.629438128000061, -1.087935855999945 ], [ 38.628490993000071, -1.088823471999945 ], [ 38.627426147000051, -1.089312815999961 ], [ 38.62660293600004, -1.089936708999971 ], [ 38.625503540000068, -1.090535333999981 ], [ 38.624151611000059, -1.090894340999967 ], [ 38.622980245000065, -1.091740691999973 ], [ 38.62199783300008, -1.092129557999954 ], [ 38.621207428000048, -1.092597484999942 ], [ 38.620418549000078, -1.093196212999942 ], [ 38.619512286000031, -1.093607731999953 ], [ 38.618768311000053, -1.094123386999968 ], [ 38.61823399900004, -1.094880620999959 ], [ 38.617867470000078, -1.095783560999962 ], [ 38.61755689000006, -1.096864699999969 ], [ 38.617137591000073, -1.098191330999953 ], [ 38.616588593000074, -1.099307178999936 ], [ 38.616065025000069, -1.100034981999954 ], [ 38.615314960000035, -1.100855066999941 ], [ 38.61365795100005, -1.102513700999964 ], [ 38.61168746900006, -1.103892325999936 ], [ 38.610902786000054, -1.104261060999931 ], [ 38.609977245000039, -1.10446451599995 ], [ 38.608989716000053, -1.104406427999947 ], [ 38.54266738900003, -1.101894854999955 ], [ 38.522221701000035, -1.152092933999938 ], [ 38.52181169000005, -1.153091425999946 ], [ 38.520858765000071, -1.153665929999931 ], [ 38.520122528000059, -1.15409699099996 ], [ 38.51959555500008, -1.154837250999947 ], [ 38.519144535000066, -1.155646278999939 ], [ 38.519020716000057, -1.156774075999977 ], [ 38.518377304000069, -1.157810508999944 ], [ 38.517717044000051, -1.15871137399995 ], [ 38.516858419000073, -1.159570554999959 ], [ 38.516012192000062, -1.159865200999946 ], [ 38.514975230000061, -1.160034841999959 ], [ 38.513862610000047, -1.159648603999926 ], [ 38.512537638000026, -1.159338389999959 ], [ 38.511307308000028, -1.159131151999929 ], [ 38.510415395000052, -1.158714691999933 ], [ 38.509450277000042, -1.158836364999956 ], [ 38.508395301000064, -1.15878168699993 ], [ 38.507569885000066, -1.158376049999958 ], [ 38.506554794000067, -1.15777339899995 ], [ 38.505407333000051, -1.157373979999932 ], [ 38.504531860000043, -1.157252937999942 ], [ 38.503746986000067, -1.157314478999979 ], [ 38.50296946900005, -1.157794406999926 ], [ 38.502171653000062, -1.157930424999961 ], [ 38.501469930000042, -1.157469907999939 ], [ 38.500566210000045, -1.157163891999971 ], [ 38.49964981100004, -1.156791805999944 ], [ 38.498749203000045, -1.156597229999932 ], [ 38.497900009000034, -1.156832247999944 ], [ 38.49714851400006, -1.156328284999972 ], [ 38.495984650000025, -1.156093358999954 ], [ 38.49507522600004, -1.155955218999964 ], [ 38.493949699000041, -1.155379998999933 ], [ 38.492988041000046, -1.15482478499996 ], [ 38.492123468000045, -1.154851819999976 ], [ 38.49125766800006, -1.154998808999949 ], [ 38.490146978000041, -1.154467181999962 ], [ 38.489096880000034, -1.153547860999936 ], [ 38.48851667100007, -1.152672733999964 ], [ 38.487741198000037, -1.152414202999978 ], [ 38.486658414000033, -1.153043676999971 ], [ 38.486250136000081, -1.154288490999932 ], [ 38.485974789000068, -1.155532930999925 ], [ 38.485910416000024, -1.156589224999948 ], [ 38.486613592000026, -1.157480477999968 ], [ 38.487141132000033, -1.158442511999965 ], [ 38.487398420000034, -1.159437349999962 ], [ 38.486843109000063, -1.160020589999931 ], [ 38.485935974000029, -1.160107874999937 ], [ 38.48478422200003, -1.160360681999975 ], [ 38.483593623000047, -1.16105741299998 ], [ 38.482874393000031, -1.162018134999926 ], [ 38.481990814000028, -1.162619998999958 ], [ 38.481030273000044, -1.162500118999958 ], [ 38.480173111000056, -1.162368297999933 ], [ 38.479055405000054, -1.162272110999936 ], [ 38.477711201000034, -1.162594541999965 ], [ 38.47666072800007, -1.163628309999979 ], [ 38.475674248000075, -1.164507159999971 ], [ 38.474940300000071, -1.165784254999949 ], [ 38.47454299900005, -1.166924190999964 ], [ 38.474311511000053, -1.167780100999948 ], [ 38.474531174000049, -1.168963014999974 ], [ 38.474464417000036, -1.170258014999945 ], [ 38.474055290000024, -1.171629756999948 ], [ 38.473394775000031, -1.172679542999958 ], [ 38.472750346000055, -1.173253297999963 ], [ 38.471988678000059, -1.173710286999949 ], [ 38.470880127000044, -1.17438421199995 ], [ 38.46967821100003, -1.17490326799998 ], [ 38.468561808000061, -1.175181428999963 ], [ 38.467654092000032, -1.175141589999953 ], [ 38.466652461000081, -1.174861583999927 ], [ 38.465616862000047, -1.174511054999925 ], [ 38.464639391000048, -1.174522314999933 ], [ 38.463589805000026, -1.174394624999934 ], [ 38.462642670000037, -1.174234389999924 ], [ 38.46167416000003, -1.174346459999924 ], [ 38.460868290000064, -1.173737900999924 ], [ 38.460049152000067, -1.173248230999945 ], [ 38.459275818000037, -1.172544192999965 ], [ 38.458630244000062, -1.172076403999938 ], [ 38.457962036000026, -1.171638547999976 ], [ 38.457071032000044, -1.170996222999975 ], [ 38.456018448000066, -1.170024877999936 ], [ 38.454942067000047, -1.169667322999942 ], [ 38.453766293000058, -1.169659521999961 ], [ 38.452429454000026, -1.169227331999934 ], [ 38.451403300000038, -1.168667097999958 ], [ 38.450830460000077, -1.167703012999937 ], [ 38.45038541200006, -1.166937946999951 ], [ 38.449553331000061, -1.166310424999949 ], [ 38.448412759000064, -1.166144864999978 ], [ 38.447780863000048, -1.165210401999957 ], [ 38.447499411000024, -1.164029802999949 ], [ 38.446975163000047, -1.163320183999929 ], [ 38.446099091000065, -1.163170480999952 ], [ 38.444956779000051, -1.163145551999946 ], [ 38.443771362000064, -1.163142346999962 ], [ 38.442824841000061, -1.163173481999934 ], [ 38.441699346000064, -1.163458366999976 ], [ 38.440677643000072, -1.163689235999925 ], [ 38.439646721000031, -1.164200573999949 ], [ 38.438706398000079, -1.164791136999952 ], [ 38.438091278000059, -1.16530458099993 ], [ 38.437667084000054, -1.16597835999994 ], [ 38.436949412000047, -1.166276037999978 ], [ 38.436202458000025, -1.165770019999968 ], [ 38.435278756000059, -1.165420719999929 ], [ 38.434588432000055, -1.165051280999933 ], [ 38.434070587000065, -1.164403744999959 ], [ 38.433614458000079, -1.16345425999998 ], [ 38.433066177000057, -1.162291967999977 ], [ 38.432548523000037, -1.16115859599995 ], [ 38.432394240000065, -1.160122500999933 ], [ 38.432308197000054, -1.159129046999965 ], [ 38.432144801000049, -1.158319949999964 ], [ 38.431840515000033, -1.157475470999941 ], [ 38.431544372000076, -1.156342984999981 ], [ 38.431065453000031, -1.155103550999968 ], [ 38.430267970000045, -1.15456267199994 ], [ 38.429341634000025, -1.154483874999926 ], [ 38.428376978000074, -1.153771053999947 ], [ 38.427188238000042, -1.153581002999942 ], [ 38.426022053000054, -1.153011723999953 ], [ 38.424112956000045, -1.153774102999932 ], [ 38.422822444000076, -1.153869008999948 ], [ 38.421839396000053, -1.153827348999926 ], [ 38.420959473000039, -1.153887966999946 ], [ 38.419774373000052, -1.153975267999954 ], [ 38.418652534000046, -1.154232561999947 ], [ 38.414366404000077, -1.160843928999952 ], [ 38.413613129000055, -1.160590505999949 ], [ 38.412828445000059, -1.160547534999978 ], [ 38.411588287000029, -1.160568379999972 ], [ 38.410645294000062, -1.160508608999976 ], [ 38.409660339000027, -1.160225718999925 ], [ 38.408512115000065, -1.159899711999969 ], [ 38.407676697000056, -1.159421234999968 ], [ 38.406836033000047, -1.159244685999965 ], [ 38.405779945000063, -1.159650510999938 ], [ 38.404810270000041, -1.160480896999957 ], [ 38.403835297000057, -1.161089705999927 ], [ 38.402963911000029, -1.161248206999971 ], [ 38.401808548000076, -1.161722254999972 ], [ 38.400574578000032, -1.162373303999971 ], [ 38.399427891000073, -1.162906869999972 ], [ 38.398599897000054, -1.163680501999977 ], [ 38.397412109000072, -1.164079129999948 ], [ 38.39614391300006, -1.164202481999951 ], [ 38.395178477000059, -1.164315123999927 ], [ 38.393945058000043, -1.164344071999949 ], [ 38.393032619000053, -1.164246780999974 ], [ 38.392147609000062, -1.164027349999969 ], [ 38.391172791000031, -1.163930296999979 ], [ 38.39033317600007, -1.163869887999965 ], [ 38.38939984600006, -1.163826167999957 ], [ 38.388585663000072, -1.163660978999928 ], [ 38.387597561000064, -1.163455485999975 ], [ 38.386333042000047, -1.163637531999939 ], [ 38.38534327900004, -1.163693138999975 ], [ 38.384404319000055, -1.163737807999951 ], [ 38.383599091000065, -1.16403539199996 ], [ 38.382887704000041, -1.164406009999936 ], [ 38.382117462000053, -1.164963602999933 ], [ 38.381371689000048, -1.165894984999966 ], [ 38.380550385000049, -1.166215896999972 ], [ 38.37961006200004, -1.166250804999947 ], [ 38.37853304500004, -1.166385213999945 ], [ 38.377711487000056, -1.166638469999953 ], [ 38.376628399000026, -1.16686604399996 ], [ 38.347156525000059, -1.168540954999969 ], [ 38.322586060000049, -1.170156816999963 ], [ 38.322371347000058, -1.170955657999968 ], [ 38.322094727000035, -1.171699738999962 ], [ 38.321886335000045, -1.172491992999937 ], [ 38.321622467000054, -1.173597681999979 ], [ 38.321361118000027, -1.174934267999959 ], [ 38.321010045000037, -1.176053268999965 ], [ 38.320289612000067, -1.176738309999962 ], [ 38.319198608000079, -1.177250973999946 ], [ 38.319160461000024, -1.178238844999953 ], [ 38.319442749000075, -1.179146561999971 ], [ 38.319968700000061, -1.18019056299994 ], [ 38.320337084000073, -1.181255154999974 ], [ 38.320478821000052, -1.182101559999978 ], [ 38.320697361000043, -1.18283396299995 ], [ 38.31976572700006, -1.18387043499996 ], [ 38.319312731000025, -1.184736549999968 ], [ 38.319182396000031, -1.185922771999969 ], [ 38.318789800000047, -1.187250583999969 ], [ 38.315933228000063, -1.187740921999932 ], [ 38.314402262000044, -1.18785326699998 ], [ 38.313103040000044, -1.187550762999933 ], [ 38.31225061400005, -1.186486094999964 ], [ 38.311437819000048, -1.185660586999973 ], [ 38.310572052000055, -1.185206841999957 ], [ 38.309823717000029, -1.184755358999951 ], [ 38.309158166000032, -1.18365952399995 ], [ 38.308342525000057, -1.182746358999964 ], [ 38.307215246000055, -1.182762483999966 ], [ 38.305971527000054, -1.183022021999932 ], [ 38.304855347000057, -1.183084219999955 ], [ 38.303953807000028, -1.183102488999964 ], [ 38.303145727000071, -1.183179497999959 ], [ 38.302377319000072, -1.183485435999955 ], [ 38.301644325000041, -1.183714866999935 ], [ 38.300686428000063, -1.183939303999978 ], [ 38.299795151000069, -1.184072732999937 ], [ 38.29882669400007, -1.184140905999925 ], [ 38.297532399000033, -1.184091301999956 ], [ 38.296346392000032, -1.183874214999946 ], [ 38.295238813000026, -1.184220353999933 ], [ 38.294371605000038, -1.184475093999936 ], [ 38.293323517000033, -1.184557508999944 ], [ 38.292144140000062, -1.184786438999936 ], [ 38.291134516000056, -1.185002008999959 ], [ 38.290168381000058, -1.185099052999931 ], [ 38.289178212000024, -1.185333489999948 ], [ 38.28831481900005, -1.18558117699996 ], [ 38.287484169000038, -1.185870438999928 ], [ 38.286520640000049, -1.186368375999962 ], [ 38.285647392000044, -1.186927437999941 ], [ 38.284593105000056, -1.18759486099998 ], [ 38.283221436000076, -1.188155301999927 ], [ 38.281527201000074, -1.188189823999949 ], [ 38.280451638000045, -1.18807131899996 ], [ 38.278331757000046, -1.188695191999955 ], [ 38.275901371000032, -1.189386473999946 ], [ 38.274780909000071, -1.189529776999962 ], [ 38.273937770000032, -1.18988212499994 ], [ 38.273004532000073, -1.190605353999956 ], [ 38.272171974000059, -1.191425591999973 ], [ 38.27165444700006, -1.192419776999941 ], [ 38.271501541000077, -1.193794697999977 ], [ 38.272212187000036, -1.194840286999977 ], [ 38.273097857000039, -1.195678594999947 ], [ 38.272136688000046, -1.195944053999938 ], [ 38.271261215000038, -1.195686995999949 ], [ 38.270354462000057, -1.195223426999974 ], [ 38.269289653000044, -1.194727201999967 ], [ 38.26821009300005, -1.194449146999943 ], [ 38.267031193000037, -1.194475218999969 ], [ 38.266025543000069, -1.194509522999965 ], [ 38.264427503000036, -1.193366825999931 ], [ 38.263383865000037, -1.193808416999957 ], [ 38.262767792000034, -1.194391766999956 ], [ 38.262084961000028, -1.194830456999966 ], [ 38.260714722000046, -1.196010207999961 ], [ 38.258676147000074, -1.196967625999946 ], [ 38.257761274000075, -1.196959988999936 ], [ 38.255123138000044, -1.198101162999933 ], [ 38.252973557000075, -1.19912648199994 ], [ 38.252168020000056, -1.199257035999949 ], [ 38.25143214600007, -1.199673975999929 ], [ 38.250625174000049, -1.200601742999936 ], [ 38.249999046000028, -1.201556235999931 ], [ 38.247978052000065, -1.201788097999952 ], [ 38.246588707000058, -1.201905369999963 ], [ 38.24540329000007, -1.202049064999926 ], [ 38.244626617000051, -1.202239393999946 ], [ 38.243672371000059, -1.202485531999969 ], [ 38.242836952000062, -1.202616750999937 ], [ 38.242032369000071, -1.202653526999939 ], [ 38.24126706800007, -1.202802027999951 ], [ 38.240273476000027, -1.202986567999972 ], [ 38.239062415000035, -1.202845784999965 ], [ 38.23815727200008, -1.202630082999974 ], [ 38.238107409000065, -1.20182480099993 ], [ 38.238002777000077, -1.200916313999926 ], [ 38.237648646000025, -1.200046737999969 ], [ 38.237228394000056, -1.199347763999924 ], [ 38.236709595000036, -1.198758164999958 ], [ 38.23582506200006, -1.19803380999997 ], [ 38.234846306000065, -1.196862160999956 ], [ 38.234664917000032, -1.195856349999929 ], [ 38.234717369000066, -1.195046096999931 ], [ 38.234673636000025, -1.194197960999929 ], [ 38.234542084000054, -1.193350910999925 ], [ 38.234305064000068, -1.192601402999969 ], [ 38.233888899000078, -1.191817555999933 ], [ 38.233084488000031, -1.190950929999929 ], [ 38.232520512000065, -1.190007124999966 ], [ 38.232162857000048, -1.188876959999959 ], [ 38.231713613000068, -1.187472191999973 ], [ 38.231513023000048, -1.186251262999974 ], [ 38.23148218800003, -1.185277242999973 ], [ 38.230923971000038, -1.18433667599993 ], [ 38.230019706000064, -1.183646865999947 ], [ 38.229627991000029, -1.182897519999926 ], [ 38.229782740000076, -1.181981632999964 ], [ 38.230104446000041, -1.181073724999976 ], [ 38.229981709000072, -1.17983582599993 ], [ 38.229632241000047, -1.178747346999955 ], [ 38.229344050000066, -1.177772799999957 ], [ 38.228819711000028, -1.176886132999925 ], [ 38.228064060000065, -1.176002796999967 ], [ 38.226946354000063, -1.175076931999968 ], [ 38.225877126000057, -1.174698531999979 ], [ 38.224761963000049, -1.17472506799993 ], [ 38.223606110000048, -1.174182295999969 ], [ 38.223087947000067, -1.173229554999978 ], [ 38.22260284400005, -1.17244563099996 ], [ 38.221194744000059, -1.170716002999939 ], [ 38.220919609000077, -1.169825344999936 ], [ 38.220816040000045, -1.168954610999947 ], [ 38.220136816000036, -1.168089627999962 ], [ 38.219493230000069, -1.167169908999938 ], [ 38.219020208000074, -1.166524668999955 ], [ 38.218065739000053, -1.166151985999932 ], [ 38.217209407000041, -1.165430102999949 ], [ 38.216239929000039, -1.165585576999945 ], [ 38.215411504000031, -1.16504436699995 ], [ 38.214523315000065, -1.164747863999935 ], [ 38.213629723000054, -1.164446025999951 ], [ 38.212255955000046, -1.164635762999978 ], [ 38.211586475000047, -1.165544375999957 ], [ 38.210543738000069, -1.165257917999952 ], [ 38.209821065000028, -1.164648015999944 ], [ 38.209188461000053, -1.164139707999936 ], [ 38.156070709000062, -1.151015281999946 ], [ 38.145839691000049, -1.103956818999961 ], [ 38.142211914000029, -1.087269663999962 ], [ 38.132720947000053, -1.058511137999972 ], [ 38.15611648600003, -1.026157378999926 ], [ 38.159890747000077, -1.020308660999945 ], [ 38.159453074000055, -1.019553422999934 ], [ 38.159101486000054, -1.018673856999953 ], [ 38.158841133000067, -1.017779737999945 ], [ 38.158642769000039, -1.016922234999925 ], [ 38.158493042000032, -1.01607626699996 ], [ 38.158365250000031, -1.01526501799998 ], [ 38.158212662000039, -1.01436591099997 ], [ 38.158030192000069, -1.013615528999935 ], [ 38.157785034000028, -1.012882089999948 ], [ 38.15746383700008, -1.011968707999927 ], [ 38.157071686000052, -1.011092209999958 ], [ 38.156922340000051, -1.010131656999931 ], [ 38.156835556000033, -1.009193241999981 ], [ 38.156606293000038, -1.008324193999954 ], [ 38.156119029000024, -1.00708997199996 ], [ 38.155906677000075, -1.005645393999941 ], [ 38.155782223000074, -1.003307505999942 ], [ 38.155186462000074, -1.002359199999944 ], [ 38.152187920000074, -0.999671628999977 ], [ 38.151729584000066, -0.99870920199993 ], [ 38.151207924000062, -0.997731521999924 ], [ 38.14950943000008, -0.995516518999978 ], [ 38.149037170000042, -0.994670903999975 ], [ 38.148700714000029, -0.993804618999945 ], [ 38.148469448000071, -0.99282693899994 ], [ 38.148188909000055, -0.991750657999944 ], [ 38.147816467000041, -0.990664028999959 ], [ 38.146919250000053, -0.989914714999941 ], [ 38.146057129000042, -0.989510267999947 ], [ 38.145099322000078, -0.989037180999958 ], [ 38.144431114000042, -0.988232075999974 ], [ 38.14427948000008, -0.987479348999955 ], [ 38.144115448000036, -0.986708938999925 ], [ 38.143947601000036, -0.985886066999967 ], [ 38.143774033000057, -0.985023989999945 ], [ 38.143505096000069, -0.98380209499993 ], [ 38.142923628000062, -0.98256977099993 ], [ 38.141996384000038, -0.981898366999928 ], [ 38.141164144000072, -0.981598774999952 ], [ 38.140149117000078, -0.981324761999929 ], [ 38.138912201000039, -0.981057881999959 ], [ 38.137894948000053, -0.98069492999997 ], [ 38.137176514000032, -0.98024503399995 ], [ 38.136383057000046, -0.979758341999968 ], [ 38.135577393000062, -0.979378795999935 ], [ 38.134852409000075, -0.978735848999975 ], [ 38.134227753000062, -0.978069225999946 ], [ 38.13357925400004, -0.977579473999924 ], [ 38.132667542000036, -0.97719974499995 ], [ 38.131742859000042, -0.97638993299995 ], [ 38.130797068000049, -0.975774804999958 ], [ 38.130081177000079, -0.975067277999926 ], [ 38.129682541000079, -0.974374055999931 ], [ 38.129456520000076, -0.97357651599998 ], [ 38.129344940000067, -0.972736060999978 ], [ 38.129057884000076, -0.971775933999936 ], [ 38.128378868000027, -0.970907866999937 ], [ 38.127391815000067, -0.97048254799995 ], [ 38.126370430000065, -0.970496847999925 ], [ 38.125652313000046, -0.970806538999966 ], [ 38.124889374000077, -0.971328436999954 ], [ 38.123953501000074, -0.972233821999964 ], [ 38.123415375000036, -0.973287343999971 ], [ 38.12315368700007, -0.974124053999958 ], [ 38.122253418000071, -0.974219142999971 ], [ 38.121246338000049, -0.973884433999956 ], [ 38.12005233800005, -0.973382889999925 ], [ 38.119066238000073, -0.972834303999946 ], [ 38.118137360000048, -0.972166259999938 ], [ 38.117362976000038, -0.971568911999952 ], [ 38.116622925000058, -0.970922857999938 ], [ 38.115570068000068, -0.96961818099993 ], [ 38.115145365000046, -0.968753625999966 ], [ 38.114458211000056, -0.967701394999949 ], [ 38.113530731000026, -0.966779624999958 ], [ 38.112572098000044, -0.965902292999942 ], [ 38.112005234000037, -0.964740007999978 ], [ 38.111412048000034, -0.963611036999964 ], [ 38.11106681800004, -0.962616204999961 ], [ 38.110810280000067, -0.961544960999959 ], [ 38.110492706000059, -0.960397064999938 ], [ 38.110249837000026, -0.959452747999933 ], [ 38.109929085000033, -0.958310558999926 ], [ 38.109653473000037, -0.956779111999936 ], [ 38.109603882000044, -0.955681204999962 ], [ 38.109655380000049, -0.954748182999936 ], [ 38.109779358000026, -0.953639904999932 ], [ 38.109956106000027, -0.952667315999975 ], [ 38.109998322000024, -0.951350926999964 ], [ 38.109571457000072, -0.950436606999972 ], [ 38.108709335000071, -0.949486627999931 ], [ 38.107845306000058, -0.949065327999961 ], [ 38.106975555000076, -0.948788299999933 ], [ 38.105792046000033, -0.948463171999947 ], [ 38.104428609000024, -0.948002323999958 ], [ 38.103345871000045, -0.947866588999943 ], [ 38.102260590000071, -0.947694137999974 ], [ 38.101371765000067, -0.947306811999965 ], [ 38.10071182300004, -0.946922301999962 ], [ 38.099878311000055, -0.94634556799997 ], [ 38.098959605000061, -0.945670763999942 ], [ 38.098290443000053, -0.94501674199995 ], [ 38.09757232700008, -0.944488596999975 ], [ 38.094436646000077, -0.94428350499993 ], [ 38.093255361000047, -0.944077143999948 ], [ 38.092151642000033, -0.943917830999965 ], [ 38.091057460000059, -0.943604026999935 ], [ 38.089970589000075, -0.942875064999953 ], [ 38.089593887000035, -0.941700309999931 ], [ 38.089651108000055, -0.940549641999951 ], [ 38.089672089000032, -0.939548750999961 ], [ 38.089576721000071, -0.938553541999966 ], [ 38.08954238900003, -0.937422647999938 ], [ 38.089488983000024, -0.936201273999927 ], [ 38.089376450000032, -0.935299366999971 ], [ 38.088671684000076, -0.934420093999961 ], [ 38.087668419000067, -0.933877244999962 ], [ 38.086741447000065, -0.933678984999972 ], [ 38.085926056000062, -0.933439790999955 ], [ 38.085044861000029, -0.933246890999953 ], [ 38.083704631000046, -0.932998169999962 ], [ 38.08227462800005, -0.932795989999931 ], [ 38.081272125000055, -0.932621880999932 ], [ 38.080390930000078, -0.932454466999957 ], [ 38.079610825000032, -0.932317420999937 ], [ 38.078384399000072, -0.931971609999948 ], [ 38.077587128000062, -0.931883394999943 ], [ 38.076559703000044, -0.932178318999945 ], [ 38.075813293000067, -0.932443648999936 ], [ 38.07507324200003, -0.932655274999945 ], [ 38.074027061000038, -0.932839899999976 ], [ 38.07300949100005, -0.93292543299998 ], [ 38.072071075000053, -0.93297049399996 ], [ 38.071052551000037, -0.933164104999946 ], [ 38.06997203800006, -0.933713435999948 ], [ 38.069083214000045, -0.934368609999979 ], [ 38.068234921000055, -0.934741198999973 ], [ 38.066872597000042, -0.93504399099993 ], [ 38.065420423000035, -0.935223783999959 ], [ 38.064144135000049, -0.934688284999936 ], [ 38.062952995000046, -0.934338564999962 ], [ 38.061866760000044, -0.933839519999935 ], [ 38.06112289400005, -0.933083056999976 ], [ 38.060080719000041, -0.93205282699995 ], [ 38.058912754000062, -0.93188532399995 ], [ 38.057756424000047, -0.931844785999942 ], [ 38.056629181000062, -0.932349085999931 ], [ 38.055679321000071, -0.932479679999972 ], [ 38.05459499400007, -0.932144209999933 ], [ 38.053662618000033, -0.93167217599995 ], [ 38.052510579000057, -0.931323964999933 ], [ 38.051134109000031, -0.931209921999937 ], [ 38.050247192000029, -0.931281983999952 ], [ 38.049415588000045, -0.931489049999925 ], [ 38.048517227000048, -0.931813269999964 ], [ 38.04757881200004, -0.932135223999978 ], [ 38.046834946000047, -0.932394116999944 ], [ 38.04577636700003, -0.932938932999946 ], [ 38.044967651000036, -0.933416246999968 ], [ 38.044187546000046, -0.933929562999936 ], [ 38.043256760000077, -0.934758081999973 ], [ 38.042338689000076, -0.936041444999944 ], [ 38.041725159000066, -0.936766787999943 ], [ 38.041070264000041, -0.93517535999996 ], [ 38.039975484000024, -0.935637950999933 ], [ 38.039139748000025, -0.934983401999943 ], [ 38.03878657000007, -0.933647016999942 ], [ 38.038238525000054, -0.932819663999965 ], [ 38.037612915000068, -0.932269662999943 ], [ 38.036589622000065, -0.931860550999943 ], [ 38.035558065000032, -0.931846936999932 ], [ 38.03520584100005, -0.93075598799993 ], [ 38.034965515000067, -0.929678678999949 ], [ 38.034938812000064, -0.928846805999967 ], [ 38.035027504000027, -0.927953600999956 ], [ 38.03520456900003, -0.926755845999935 ], [ 38.03504816700007, -0.925919472999965 ], [ 38.034483910000063, -0.925008058999936 ], [ 38.034421921000046, -0.923651188999941 ], [ 38.034013112000025, -0.922528425999928 ], [ 38.034084320000034, -0.921692033999932 ], [ 38.034844398000075, -0.921046539999963 ], [ 38.03558158900006, -0.920337438999979 ], [ 38.036357880000025, -0.919982879999964 ], [ 38.037046432000068, -0.919491946999926 ], [ 38.036740621000035, -0.918464660999973 ], [ 38.036733627000046, -0.917364611999972 ], [ 38.036890030000052, -0.916314601999943 ], [ 38.03681659700004, -0.91529861999993 ], [ 38.035681915000055, -0.915128182999979 ], [ 38.035404205000077, -0.914159953999956 ], [ 38.035799026000063, -0.913164466999945 ], [ 38.036180496000043, -0.912305354999944 ], [ 38.036691284000028, -0.911642574999973 ], [ 38.036397934000036, -0.910818904999928 ], [ 38.03558158900006, -0.910273462999953 ], [ 38.034551620000059, -0.909782528999926 ], [ 38.03393840800004, -0.908712028999958 ], [ 38.033903503000033, -0.90756790599994 ], [ 38.032873154000072, -0.907852917999946 ], [ 38.031824112000038, -0.907723351999948 ], [ 38.031503042000054, -0.906264225999962 ], [ 38.031612396000071, -0.905418753999925 ], [ 38.031694412000036, -0.904641448999939 ], [ 38.031707764000032, -0.903741418999971 ], [ 38.031612396000071, -0.902827739999964 ], [ 38.031217575000028, -0.901886790999924 ], [ 38.030632019000052, -0.901109516999952 ], [ 38.029907862000073, -0.900359471999934 ], [ 38.029425049000054, -0.901125859999979 ], [ 38.028830528000071, -0.902152686999955 ], [ 38.028408051000042, -0.902957304999973 ], [ 38.028543472000024, -0.903823226999975 ], [ 38.028523445000076, -0.904941454999971 ], [ 38.02765846300008, -0.905357360999972 ], [ 38.027303696000047, -0.904477834999966 ], [ 38.027166367000063, -0.903659551999965 ], [ 38.026794434000067, -0.902964094999959 ], [ 38.026853561000053, -0.901954948999958 ], [ 38.027465820000032, -0.90128675099993 ], [ 38.027913411000043, -0.90043671899997 ], [ 38.02733039900005, -0.899827628999958 ], [ 38.026801300000045, -0.899216687999967 ], [ 38.026792049000051, -0.898307978999981 ], [ 38.025946617000045, -0.897638916999938 ], [ 38.02582454700007, -0.896691172999965 ], [ 38.025367737000067, -0.895900248999965 ], [ 38.024864960000059, -0.895032929999957 ], [ 38.025742340000079, -0.894307434999973 ], [ 38.02615737900004, -0.893318294999972 ], [ 38.027376811000067, -0.893072862999929 ], [ 38.028299332000074, -0.892872869999962 ], [ 38.029093424000052, -0.892361471999948 ], [ 38.028392792000034, -0.891563713999972 ], [ 38.027289391000068, -0.890697761999945 ], [ 38.02666187300008, -0.889640897999925 ], [ 38.025379817000044, -0.889327277999939 ], [ 38.024894079000035, -0.887984036999967 ], [ 38.024916649000033, -0.88672943399996 ], [ 38.025353432000031, -0.885788499999933 ], [ 38.024385452000047, -0.885113462999925 ], [ 38.024294535000024, -0.88422709699995 ], [ 38.024684906000061, -0.88336114599997 ], [ 38.023798943000031, -0.882699772999956 ], [ 38.023039500000039, -0.882063388999939 ], [ 38.02270698500007, -0.881158798999934 ], [ 38.022544861000029, -0.880367874999934 ], [ 38.022176743000045, -0.879536032999965 ], [ 38.021795273000066, -0.878622352999969 ], [ 38.021446228000059, -0.877395018999948 ], [ 38.020566940000037, -0.87657681099995 ], [ 38.01955795300006, -0.876508652999973 ], [ 38.018424988000049, -0.87652908299998 ], [ 38.017491341000039, -0.876072242999953 ], [ 38.017948151000041, -0.875117659999944 ], [ 38.018501282000045, -0.874122186999955 ], [ 38.017729759000076, -0.873331278999956 ], [ 38.016574860000048, -0.872544864999952 ], [ 38.015711784000075, -0.871810748999962 ], [ 38.015699387000041, -0.870944797999925 ], [ 38.015465736000067, -0.870031117999929 ], [ 38.015821457000072, -0.869090228999937 ], [ 38.016571045000035, -0.868885665999926 ], [ 38.017280579000044, -0.868544756999938 ], [ 38.017865499000038, -0.868026494999924 ], [ 38.019384384000034, -0.867289751999976 ], [ 38.020591736000029, -0.86656361799993 ], [ 38.022964478000063, -0.866321563999975 ], [ 38.024177551000037, -0.866273164999939 ], [ 38.025314331000061, -0.866103678999934 ], [ 38.027225494000049, -0.865837454999962 ], [ 38.028678894000052, -0.865692257999967 ], [ 38.030832291000024, -0.865329116999931 ], [ 38.03201675400004, -0.86530494699997 ], [ 38.032936096000071, -0.86540180399993 ], [ 38.034584045000031, -0.865208148999955 ], [ 38.035987854000041, -0.865208148999955 ], [ 38.037441254000044, -0.865256547999934 ], [ 38.038358688000073, -0.865425943999981 ], [ 38.039520264000032, -0.865450202999966 ], [ 38.040878296000074, -0.865208148999955 ], [ 38.042137146000073, -0.864869296999927 ], [ 38.043269157000054, -0.864481314999978 ], [ 38.044555664000029, -0.864094733999934 ], [ 38.045379639000032, -0.863513826999963 ], [ 38.046541214000058, -0.862957149999943 ], [ 38.047702789000027, -0.862206756999967 ], [ 38.048622131000059, -0.861625849999939 ], [ 38.049640656000065, -0.861238598999932 ], [ 38.050537109000061, -0.861022918999936 ], [ 38.051542282000071, -0.860864996999965 ], [ 38.052268982000044, -0.860402911999927 ], [ 38.052766800000029, -0.859803467999939 ], [ 38.053878784000062, -0.859278916999926 ], [ 38.054903030000048, -0.859041690999959 ], [ 38.056127548000063, -0.858829318999938 ], [ 38.057151794000049, -0.858504682999978 ], [ 38.057884216000048, -0.85824652499997 ], [ 38.059002399000065, -0.858457803999954 ], [ 38.060371780000025, -0.85765788599997 ], [ 38.060398102000079, -0.856306611999969 ], [ 38.060218811000027, -0.855082729999936 ], [ 38.060072899000033, -0.853708952999966 ], [ 38.060560226000064, -0.852497547999974 ], [ 38.060798645000034, -0.851460992999932 ], [ 38.061695099000076, -0.84806406499996 ], [ 38.062257767000062, -0.846428036999953 ], [ 38.063007355000025, -0.845229118999953 ], [ 38.064020157000073, -0.844592183999964 ], [ 38.064931870000066, -0.844205021999926 ], [ 38.065637589000062, -0.843747853999957 ], [ 38.066303889000039, -0.843176106999977 ], [ 38.066089948000069, -0.84165519499993 ], [ 38.065251923000062, -0.840904366999951 ], [ 38.064340591000075, -0.840263862999961 ], [ 38.063876152000034, -0.839486568999973 ], [ 38.063258648000044, -0.838856949999979 ], [ 38.062473297000054, -0.838346520999949 ], [ 38.061917305000065, -0.837745427999948 ], [ 38.061179352000067, -0.837129818999927 ], [ 38.060246468000059, -0.836975901999949 ], [ 38.059309642000073, -0.836269877999939 ], [ 38.058801015000029, -0.834961721999946 ], [ 38.058940125000049, -0.833921145999966 ], [ 38.05818710300008, -0.833349048999935 ], [ 38.057571411000026, -0.832615285999964 ], [ 38.057913971000062, -0.831893991999948 ], [ 38.057597351000027, -0.83084927799996 ], [ 38.056478882000079, -0.83034560699997 ], [ 38.056212425000069, -0.829063087999941 ], [ 38.055727005000051, -0.828086266999946 ], [ 38.055356979000067, -0.827182039999968 ], [ 38.054712296000048, -0.826645701999951 ], [ 38.053934733000062, -0.825889119999943 ], [ 38.05321273800007, -0.824848603999953 ], [ 38.051948547000052, -0.824718012999938 ], [ 38.051125844000069, -0.825484930999949 ], [ 38.050219059000028, -0.825751780999951 ], [ 38.049208641000064, -0.825386478999974 ], [ 38.048954010000045, -0.824324180999952 ], [ 38.048614025000063, -0.822941883999931 ], [ 38.048454285000048, -0.821632146999946 ], [ 38.048094432000028, -0.820624251999959 ], [ 38.047855377000076, -0.819883256999958 ], [ 38.047521591000077, -0.819098144999941 ], [ 38.046960831000035, -0.818282022999938 ], [ 38.045983315000058, -0.818142100999978 ], [ 38.045656204000068, -0.817388161999929 ], [ 38.045725505000064, -0.816364705999945 ], [ 38.045218150000039, -0.815670330999978 ], [ 38.04415130600006, -0.816375056999959 ], [ 38.042904854000028, -0.816867336999962 ], [ 38.041587353000068, -0.817940011999951 ], [ 38.041459560000078, -0.819024346999925 ], [ 38.040549278000071, -0.818911626999977 ], [ 38.040176392000035, -0.817597984999964 ], [ 38.039435069000035, -0.816976189999934 ], [ 38.03847408300004, -0.817053913999928 ], [ 38.037626266000075, -0.81754359599995 ], [ 38.037339211000074, -0.816696345999958 ], [ 38.038031896000064, -0.815347992999932 ], [ 38.038016001000074, -0.814291913999966 ], [ 38.038327026000047, -0.813251387999969 ], [ 38.037892342000077, -0.812452315999963 ], [ 38.037601471000073, -0.811358948999953 ], [ 38.037160873000062, -0.810726761999945 ], [ 38.036592484000039, -0.810104906999925 ], [ 38.035760880000055, -0.810104876999958 ], [ 38.034689903000071, -0.810174859999961 ], [ 38.03427505500008, -0.809431254999936 ], [ 38.033849716000077, -0.808480351999947 ], [ 38.033432770000047, -0.807524263999937 ], [ 38.03251266500007, -0.807166724999945 ], [ 38.031370163000076, -0.806638180999926 ], [ 38.030992031000039, -0.805822021999973 ], [ 38.030075836000037, -0.805571746999931 ], [ 38.029153824000048, -0.80552664399994 ], [ 38.028634071000056, -0.80459390599998 ], [ 38.028036118000045, -0.803979843999969 ], [ 38.027341207000063, -0.803192167999953 ], [ 38.026554108000028, -0.80321294099997 ], [ 38.025964419000047, -0.802202432999934 ], [ 38.025424957000041, -0.801305919999947 ], [ 38.025652568000055, -0.800300637999953 ], [ 38.02669220000007, -0.799502622999967 ], [ 38.026094818000047, -0.798607193999942 ], [ 38.025590515000033, -0.797749030999967 ], [ 38.024949074000062, -0.798422187999961 ], [ 38.024156570000059, -0.798647611999968 ], [ 38.023558299000058, -0.798165698999981 ], [ 38.023138046000042, -0.796875372999978 ], [ 38.02345689100008, -0.795307819999948 ], [ 38.024258614000075, -0.794395803999976 ], [ 38.024768829000038, -0.793688475999943 ], [ 38.024016380000035, -0.793354220999959 ], [ 38.023052216000053, -0.79357966799995 ], [ 38.022270203000062, -0.793644952999955 ], [ 38.021825518000071, -0.792400393999969 ], [ 38.02090581300007, -0.791895508999971 ], [ 38.020410538000078, -0.791224464999971 ], [ 38.019780159000049, -0.791675269999928 ], [ 38.019453430000056, -0.792668675999948 ], [ 38.019280243000026, -0.793582736999952 ], [ 38.019158363000031, -0.794727444999978 ], [ 38.018091202000051, -0.795170495999969 ], [ 38.017059326000037, -0.794823348999955 ], [ 38.016396840000027, -0.794092694999961 ], [ 38.015552521000075, -0.793175428999973 ], [ 38.014541626000039, -0.792444824999961 ], [ 38.013577779000059, -0.791750430999969 ], [ 38.012637138000059, -0.791698574999941 ], [ 38.011680603000059, -0.791574239999932 ], [ 38.010934830000053, -0.791107862999979 ], [ 38.010164261000057, -0.789934142999925 ], [ 38.009328206000077, -0.789314905999959 ], [ 38.008176804000072, -0.788908123999931 ], [ 38.00712076800005, -0.788558343999966 ], [ 38.006270409000024, -0.788115277999964 ], [ 38.005523682000046, -0.787480512999934 ], [ 38.005071259000033, -0.786444103999941 ], [ 38.004758199000037, -0.785480260999975 ], [ 38.004390717000035, -0.784547507999946 ], [ 38.004219055000078, -0.783583700999941 ], [ 38.004208883000047, -0.782764931999964 ], [ 38.003807068000071, -0.781687080999973 ], [ 38.003203074000055, -0.781106690999934 ], [ 38.002488454000058, -0.780505597999934 ], [ 38.001674970000067, -0.779476960999943 ], [ 38.001794815000039, -0.777816146999953 ], [ 38.001226425000027, -0.776790141999925 ], [ 38.00081539200005, -0.775328829999978 ], [ 38.000356674000045, -0.77405409499994 ], [ 37.999076843000068, -0.773402332999979 ], [ 37.998302460000048, -0.772952198999974 ], [ 37.997636795000062, -0.772267966999948 ], [ 37.996889114000055, -0.771286695999947 ], [ 37.996717453000031, -0.77003532599997 ], [ 37.996376038000051, -0.768702923999967 ], [ 37.995799065000028, -0.767676621999954 ], [ 37.995006561000025, -0.767802684999936 ], [ 37.994269053000039, -0.76841483499993 ], [ 37.993567467000048, -0.767739638999956 ], [ 37.994062424000049, -0.766650333999962 ], [ 37.993764877000046, -0.765407978999974 ], [ 37.993423462000067, -0.764543711999977 ], [ 37.993225098000039, -0.763769447999948 ], [ 37.992747307000059, -0.762752174999946 ], [ 37.991821289000029, -0.762887209999974 ], [ 37.990992228000039, -0.763385354999969 ], [ 37.990037918000041, -0.76256307999995 ], [ 37.989713669000025, -0.761608808999938 ], [ 37.98957570400006, -0.76046850299997 ], [ 37.989819209000075, -0.759238118999974 ], [ 37.989759445000061, -0.757890715999963 ], [ 37.989263535000077, -0.756747394999934 ], [ 37.988201141000047, -0.756351261999953 ], [ 37.98718886000006, -0.756170778999945 ], [ 37.987764359000039, -0.755308538999941 ], [ 37.987875620000068, -0.754549582999971 ], [ 37.988193512000066, -0.753547295999965 ], [ 37.988849640000069, -0.752924501999928 ], [ 37.989089966000051, -0.752120911999953 ], [ 37.989861488000031, -0.751364200999944 ], [ 37.990898132000041, -0.751022636999949 ], [ 37.992050171000074, -0.751103013999966 ], [ 37.993188858000053, -0.751384257999973 ], [ 37.994018555000025, -0.751531600999954 ], [ 37.995002365000062, -0.751598620999971 ], [ 37.995492935000073, -0.750460117999978 ], [ 37.996447881000051, -0.750451186999953 ], [ 37.997101784000051, -0.749672293999936 ], [ 37.997031212000024, -0.748664631999929 ], [ 37.997747040000036, -0.747855281999932 ], [ 37.998737335000044, -0.74811793899994 ], [ 37.999670029000072, -0.748380571999974 ], [ 38.000734647000058, -0.749091599999929 ], [ 38.00185966500004, -0.750365942999963 ], [ 38.00286356600003, -0.74960675799997 ], [ 38.003936768000074, -0.749095409999939 ], [ 38.004480362000038, -0.748544454999944 ], [ 38.005176544000051, -0.747751511999979 ], [ 38.006259918000069, -0.747665881999978 ], [ 38.00698013300007, -0.747248947999935 ], [ 38.006496429000038, -0.746534168999972 ], [ 38.005975723000063, -0.745908736999979 ], [ 38.006134669000062, -0.744888662999927 ], [ 38.006736755000077, -0.743595639999967 ], [ 38.007240295000031, -0.743019878999974 ], [ 38.008195241000067, -0.743129034999924 ], [ 38.008850098000039, -0.74389845099995 ], [ 38.009505272000069, -0.744523852999976 ], [ 38.009892146000027, -0.745491782999977 ], [ 38.011009216000048, -0.745313087999932 ], [ 38.01219876600004, -0.745124250999936 ], [ 38.01345062300004, -0.745464279999965 ], [ 38.01393795000007, -0.746512472999939 ], [ 38.015026093000074, -0.746743909999964 ], [ 38.015960693000068, -0.746238767999955 ], [ 38.016955376000055, -0.745633422999958 ], [ 38.01675287900008, -0.744623094999952 ], [ 38.01847521500008, -0.744453956999962 ], [ 38.019612312000049, -0.744342684999935 ], [ 38.020416737000062, -0.744122385999958 ], [ 38.019605637000041, -0.743448078999961 ], [ 38.01916058900008, -0.742393234999952 ], [ 38.020166397000025, -0.742059409999968 ], [ 38.021043142000053, -0.742495576999943 ], [ 38.021390279000059, -0.743341246999933 ], [ 38.022215843000026, -0.74375852999998 ], [ 38.022467295000069, -0.742833852999979 ], [ 38.02301693000004, -0.742246329999944 ], [ 38.024014950000037, -0.741850789999944 ], [ 38.025046349000036, -0.742353200999958 ], [ 38.026081085000044, -0.742744842999969 ], [ 38.026988983000024, -0.742540090999967 ], [ 38.027772268000035, -0.742246369999975 ], [ 38.028778076000037, -0.742279722999967 ], [ 38.029899597000053, -0.74279379799998 ], [ 38.03041362700003, -0.743561565999926 ], [ 38.031358242000067, -0.74288392099993 ], [ 38.030754089000027, -0.742246329999944 ], [ 38.030420303000028, -0.741525306999961 ], [ 38.031414986000073, -0.741518645999975 ], [ 38.032536507000032, -0.742142870999942 ], [ 38.03347778300008, -0.742157339999949 ], [ 38.034516970000027, -0.742526769999927 ], [ 38.035704803000044, -0.742283737999969 ], [ 38.035767555000064, -0.74332790099993 ], [ 38.036521912000069, -0.743697304999955 ], [ 38.037536621000072, -0.743341251999937 ], [ 38.037862990000065, -0.742575724999938 ], [ 38.038845062000064, -0.742406606999964 ], [ 38.040244738000069, -0.741983750999964 ], [ 38.041408539000031, -0.742126196999948 ], [ 38.042218526000056, -0.741805711999973 ], [ 38.043331146000071, -0.740977882999971 ], [ 38.044412994000027, -0.74122621999993 ], [ 38.04545784000004, -0.741525291999949 ], [ 38.046320343000048, -0.74185646799998 ], [ 38.047407150000026, -0.741062441999929 ], [ 38.048889160000044, -0.740904420999925 ], [ 38.04988161700004, -0.740733056999943 ], [ 38.049868266000033, -0.739611466999975 ], [ 38.049761454000077, -0.738819221999961 ], [ 38.049467723000078, -0.738009174999945 ], [ 38.04993057300004, -0.737239181999939 ], [ 38.050664902000051, -0.736651658999961 ], [ 38.051425934000065, -0.736006299999929 ], [ 38.052420616000063, -0.735222935999957 ], [ 38.053348541000048, -0.735890566999956 ], [ 38.054042816000049, -0.736384629999975 ], [ 38.054910660000075, -0.73661160499995 ], [ 38.056005478000031, -0.736691712999971 ], [ 38.057158152000056, -0.736789633999933 ], [ 38.057754517000035, -0.737906798999973 ], [ 38.058956146000071, -0.73836079199998 ], [ 38.060282389000065, -0.73821389699998 ], [ 38.061132431000033, -0.737873419999971 ], [ 38.061659813000063, -0.737005501999931 ], [ 38.062587738000047, -0.73728813699995 ], [ 38.063268661000052, -0.738040327999954 ], [ 38.063842773000033, -0.738748013999952 ], [ 38.064703941000062, -0.739689349999935 ], [ 38.066125870000064, -0.73984625199995 ], [ 38.066666603000044, -0.738801419999959 ], [ 38.06773071300006, -0.738304709999966 ], [ 38.068400065000048, -0.737742125999944 ], [ 38.069163322000065, -0.737265869999931 ], [ 38.069720745000041, -0.736020765999967 ], [ 38.070821126000055, -0.735356469999942 ], [ 38.071239471000069, -0.734590927999932 ], [ 38.071907043000067, -0.733820944999934 ], [ 38.072218577000058, -0.733068743999979 ], [ 38.073046366000028, -0.733095446999926 ], [ 38.074303627000063, -0.73328018199993 ], [ 38.075479889000064, -0.733348273999979 ], [ 38.076045990000068, -0.732766071999947 ], [ 38.076633453000056, -0.732051714999955 ], [ 38.077254295000046, -0.731297328999972 ], [ 38.07739448500007, -0.730140109999979 ], [ 38.077648163000049, -0.729018488999941 ], [ 38.077710470000056, -0.727843482999958 ], [ 38.07789516400004, -0.726964443999975 ], [ 38.078431447000071, -0.726250111999946 ], [ 38.078919220000046, -0.725513028999956 ], [ 38.078465939000068, -0.724621079999963 ], [ 38.079134623000073, -0.723819911999954 ], [ 38.079401652000058, -0.723063269999955 ], [ 38.079797745000064, -0.72231112399993 ], [ 38.079824448000068, -0.721047073999955 ], [ 38.080418587000054, -0.72030158299998 ], [ 38.08022499100008, -0.719560503999958 ], [ 38.080329132000031, -0.718724655999949 ], [ 38.080839157000071, -0.717757909999932 ], [ 38.081279755000025, -0.716983496999944 ], [ 38.081600189000028, -0.716235756999936 ], [ 38.08200073200004, -0.715568124999947 ], [ 38.082801819000053, -0.714645280999946 ], [ 38.084003448000033, -0.715180903999965 ], [ 38.084804535000046, -0.716422661999957 ], [ 38.085498810000047, -0.717570960999979 ], [ 38.085952759000065, -0.718185185999971 ], [ 38.08647346500004, -0.719173281999929 ], [ 38.087047577000078, -0.720401703999926 ], [ 38.087554932000046, -0.721096038999974 ], [ 38.08819580100004, -0.721763669999973 ], [ 38.089170456000033, -0.722604900999954 ], [ 38.09011840800008, -0.723365962999935 ], [ 38.090599060000045, -0.724167078999926 ], [ 38.090465546000075, -0.724968254999965 ], [ 38.090185165000037, -0.72568929199997 ], [ 38.090185165000037, -0.726704120999955 ], [ 38.090679169000055, -0.727692156999979 ], [ 38.091279984000039, -0.728466599999933 ], [ 38.09201431300005, -0.729107498999952 ], [ 38.092601776000038, -0.729695051999954 ], [ 38.093411446000061, -0.731130405999977 ], [ 38.094287872000052, -0.732258706999971 ], [ 38.095302582000045, -0.733246802999929 ], [ 38.096223831000032, -0.733892152999942 ], [ 38.096987089000038, -0.732661490999931 ], [ 38.09794521300006, -0.731647431999932 ], [ 38.098984401000052, -0.730581253999958 ], [ 38.100084941000034, -0.730677047999961 ], [ 38.100837708000029, -0.731185137999944 ], [ 38.101450602000057, -0.731884797999953 ], [ 38.102088928000057, -0.732796847999964 ], [ 38.102851868000073, -0.733658909999974 ], [ 38.103836695000041, -0.734167038999942 ], [ 38.10528755200005, -0.734133690999954 ], [ 38.106836319000024, -0.733877568999958 ], [ 38.108291626000039, -0.733665182999971 ], [ 38.109272003000058, -0.733658909999974 ], [ 38.110271454000042, -0.733708917999934 ], [ 38.111221313000044, -0.733821331999934 ], [ 38.111972809000065, -0.73398375499994 ], [ 38.112920761000055, -0.734096198999964 ], [ 38.113769531000059, -0.734208702999979 ], [ 38.114931107000075, -0.734571039999935 ], [ 38.11616897600004, -0.735183208999956 ], [ 38.117001851000055, -0.735766251999962 ], [ 38.117737770000076, -0.736570044999951 ], [ 38.118492126000035, -0.736982285999943 ], [ 38.119419098000037, -0.73710727699995 ], [ 38.120216370000037, -0.737307190999957 ], [ 38.120967865000068, -0.737457096999947 ], [ 38.121765137000068, -0.73763203599998 ], [ 38.123620987000038, -0.737969353999972 ], [ 38.124763489000031, -0.737794458999929 ], [ 38.125707626000064, -0.737119778999954 ], [ 38.12656402600004, -0.735957860999974 ], [ 38.127669334000075, -0.735333114999946 ], [ 38.128731728000048, -0.735664218999943 ], [ 38.129631042000028, -0.736410378999949 ], [ 38.130435944000055, -0.737174331999938 ], [ 38.131454468000072, -0.737980663999963 ], [ 38.132602692000034, -0.738659738999957 ], [ 38.134023666000076, -0.739359974999957 ], [ 38.135192871000072, -0.739508509999951 ], [ 38.135953903000029, -0.73931753599993 ], [ 38.136908849000065, -0.738553612999965 ], [ 38.138118744000053, -0.738320171999931 ], [ 38.139413834000038, -0.738171636999937 ], [ 38.140579224000078, -0.737980663999963 ], [ 38.14172744800004, -0.737619906999953 ], [ 38.142893791000063, -0.737057625999967 ], [ 38.143657684000061, -0.736495255999955 ], [ 38.144315720000066, -0.735710143999938 ], [ 38.144963264000069, -0.734935625999924 ], [ 38.14611244200006, -0.733952968999972 ], [ 38.146913528000027, -0.73352172999995 ], [ 38.148075104000043, -0.73302420999994 ], [ 38.149616241000047, -0.73243182899995 ], [ 38.150703430000078, -0.731981634999954 ], [ 38.151628494000079, -0.731792091999978 ], [ 38.152551651000067, -0.73150777799998 ], [ 38.15342903100003, -0.73060744999998 ], [ 38.154140472000051, -0.729517518999955 ], [ 38.154447556000036, -0.728356539999936 ], [ 38.15487289400005, -0.72738510399995 ], [ 38.155395508000026, -0.726555853999969 ], [ 38.156059265000067, -0.725655465999978 ], [ 38.157100677000074, -0.724802523999927 ], [ 38.157955170000037, -0.724068045999957 ], [ 38.158569336000028, -0.723594128999935 ], [ 38.159388542000045, -0.723143949999951 ], [ 38.160490036000056, -0.722788542999979 ], [ 38.161508560000073, -0.722456871999952 ], [ 38.162539482000057, -0.721769779999931 ], [ 38.163618088000078, -0.721272170999953 ], [ 38.164850235000074, -0.721058934999974 ], [ 38.165868759000034, -0.720798313999978 ], [ 38.166484833000027, -0.720300763999944 ], [ 38.167148590000068, -0.719755827999961 ], [ 38.167905172000076, -0.719266175999962 ], [ 38.168286324000064, -0.717895864999946 ], [ 38.168949127000076, -0.717007398999954 ], [ 38.169986725000058, -0.716549872999963 ], [ 38.171600342000033, -0.715017139999929 ], [ 38.17297744800004, -0.713927208999962 ], [ 38.17349624600007, -0.71278995299997 ], [ 38.174541473000033, -0.712316095999938 ], [ 38.175251007000043, -0.711936950999927 ], [ 38.176010132000044, -0.711652636999929 ], [ 38.176719666000054, -0.711178779999955 ], [ 38.177619934000063, -0.710657536999975 ], [ 38.178569794000055, -0.710325836999971 ], [ 38.180084229000045, -0.709709763999967 ], [ 38.182262421000075, -0.709141134999925 ], [ 38.186008453000056, -0.708051204999947 ], [ 38.189327240000068, -0.706710695999959 ], [ 38.192024231000062, -0.705492317999926 ], [ 38.194869995000033, -0.704307674999939 ], [ 38.19657516500007, -0.703739046999942 ], [ 38.198848724000072, -0.702554285999952 ], [ 38.200035095000032, -0.702127873999927 ], [ 38.201549530000079, -0.701369702999955 ], [ 38.202781677000075, -0.700848400999973 ], [ 38.203918457000043, -0.700279771999931 ], [ 38.206951141000047, -0.698952972999962 ], [ 38.210128784000062, -0.697578727999939 ], [ 38.211311340000066, -0.696962713999937 ], [ 38.212059021000073, -0.696382179999944 ], [ 38.213256836000028, -0.69625186899998 ], [ 38.214036942000064, -0.695967554999925 ], [ 38.215103149000072, -0.695730626999932 ], [ 38.216239929000039, -0.695541083999956 ], [ 38.218753815000071, -0.694830297999943 ], [ 38.222164154000041, -0.69383513899993 ], [ 38.224216461000026, -0.693118571999946 ], [ 38.226383209000062, -0.692176639999957 ], [ 38.227756500000055, -0.691655337999975 ], [ 38.228893280000079, -0.690755009999975 ], [ 38.231925964000027, -0.688954293999927 ], [ 38.234012604000043, -0.687295734999964 ], [ 38.23742294300007, -0.684452592999946 ], [ 38.239459991000047, -0.682177960999979 ], [ 38.241546631000062, -0.680377244999931 ], [ 38.243488312000068, -0.67881351699998 ], [ 38.24614334100005, -0.677060186999938 ], [ 38.248653412000067, -0.675259470999947 ], [ 38.25, -0.673423885999966 ], [ 38.252380371000072, -0.670549034999965 ], [ 38.253280640000071, -0.669390618999955 ], [ 38.254848480000078, -0.667695760999948 ], [ 38.257785797000054, -0.66473519799996 ], [ 38.259010315000069, -0.663512467999965 ], [ 38.261047363000046, -0.661088108999934 ], [ 38.262786865000066, -0.658556580999971 ], [ 38.263557434000063, -0.657752066999933 ], [ 38.26441574100005, -0.656733035999935 ], [ 38.265014648000033, -0.656003474999977 ], [ 38.265960693000068, -0.654458939999927 ], [ 38.266262054000038, -0.653622269999971 ], [ 38.26720619200006, -0.652109831999951 ], [ 38.267602921000048, -0.651391118999925 ], [ 38.26837794000005, -0.650673984999969 ], [ 38.269779205000077, -0.651305287999946 ], [ 38.270911217000048, -0.651165827999932 ], [ 38.271751404000042, -0.650747477999971 ], [ 38.272771835000071, -0.650254070999949 ], [ 38.274106026000027, -0.650195061999966 ], [ 38.27518653900006, -0.650929837999968 ] ] ] ] } },
{ "type": "Feature", "properties": { "Shape_Area": 0.38162812418999997, "name": "Mwingi North", "ADM1_EN": "Kitui", "ADM0_EN": "Kenya" }, "geometry": { "type": "MultiPolygon", "coordinates": [ [ [ [ 38.329761505000079, -0.068381107999926 ], [ 38.331001282000045, -0.068381189999968 ], [ 38.33185005200005, -0.068204849999972 ], [ 38.333278657000051, -0.067340913999942 ], [ 38.334018707000041, -0.066561996999951 ], [ 38.334459305000053, -0.065888120999944 ], [ 38.335168839000062, -0.065002049999975 ], [ 38.336105347000057, -0.063944190999962 ], [ 38.337036133000026, -0.063145495999947 ], [ 38.338338852000049, -0.062556504999975 ], [ 38.339656830000024, -0.062169372999961 ], [ 38.341163635000044, -0.062169372999961 ], [ 38.342494965000071, -0.062169372999961 ], [ 38.343559265000067, -0.062213785999973 ], [ 38.345024109000065, -0.062391202999947 ], [ 38.346443176000037, -0.063012398999945 ], [ 38.347764969000025, -0.063452883999958 ], [ 38.349143982000044, -0.064253981999968 ], [ 38.350128174000076, -0.06500906499997 ], [ 38.351814270000034, -0.066606379999939 ], [ 38.352998734000039, -0.067562534999979 ], [ 38.354873657000041, -0.068869254999925 ], [ 38.356781006000062, -0.070377833999942 ], [ 38.358379364000029, -0.071398362999957 ], [ 38.360172272000057, -0.072434611999938 ], [ 38.361488343000076, -0.073175478999929 ], [ 38.36251068100006, -0.073911684999928 ], [ 38.363258362000067, -0.074593 ], [ 38.363807678000057, -0.075309816999948 ], [ 38.364681244000053, -0.076367809999965 ], [ 38.36549949700003, -0.077187068999933 ], [ 38.366897583000025, -0.078320085999962 ], [ 38.367681504000075, -0.078863862999924 ], [ 38.369283676000066, -0.07980503899995 ], [ 38.370357513000044, -0.080228000999966 ], [ 38.371467590000066, -0.080449938999948 ], [ 38.372711182000046, -0.080627321999941 ], [ 38.373954773000037, -0.080716102999929 ], [ 38.374797821000072, -0.080760403999932 ], [ 38.375774384000067, -0.080937921999976 ], [ 38.376972198000033, -0.081425994999961 ], [ 38.377769470000032, -0.082135885999946 ], [ 38.378746033000027, -0.082934580999961 ], [ 38.379455566000047, -0.08377762899994 ], [ 38.37981033300008, -0.084931238999957 ], [ 38.38014602700008, -0.086224435999952 ], [ 38.380741120000039, -0.08699444299998 ], [ 38.382160187000068, -0.087327196999979 ], [ 38.383182526000041, -0.087327204999951 ], [ 38.384246826000037, -0.08714966499997 ], [ 38.385932922000052, -0.086351140999966 ], [ 38.386421204000044, -0.085463679999975 ], [ 38.387130737000064, -0.084753751999926 ], [ 38.38814926200007, -0.083833056999936 ], [ 38.388862610000047, -0.083156428999928 ], [ 38.389484406000065, -0.082313395999961 ], [ 38.390465736000067, -0.081112686999973 ], [ 38.390772501000072, -0.079644153999936 ], [ 38.390857697000058, -0.078630677999968 ], [ 38.391006470000036, -0.077381647999971 ], [ 38.39117050200008, -0.076323434999949 ], [ 38.39139175400004, -0.075347288999978 ], [ 38.391972542000076, -0.074163585999941 ], [ 38.39285278300008, -0.07356329199996 ], [ 38.393829346000075, -0.073528162999935 ], [ 38.394763947000058, -0.073572471999967 ], [ 38.395874023000033, -0.073705598999936 ], [ 38.397027969000078, -0.074020790999953 ], [ 38.399288177000074, -0.074859290999939 ], [ 38.400974274000077, -0.07579100099997 ], [ 38.402614594000056, -0.076234690999968 ], [ 38.403770447000056, -0.07636778799997 ], [ 38.40559005700004, -0.076145864999944 ], [ 38.408031464000032, -0.075613423999926 ], [ 38.409492493000073, -0.07548032699998 ], [ 38.410736084000064, -0.075320176999981 ], [ 38.411579132000043, -0.074726111999951 ], [ 38.412322998000036, -0.073875643999941 ], [ 38.413177490000066, -0.07370556099994 ], [ 38.414197922000028, -0.073883071999944 ], [ 38.415260315000069, -0.073883071999944 ], [ 38.416236878000063, -0.073084409999979 ], [ 38.416900635000047, -0.072027315999946 ], [ 38.417301178000059, -0.071309625999959 ], [ 38.418272019000028, -0.070476357999951 ], [ 38.419552872000054, -0.070364839999968 ], [ 38.431437226000071, -0.090565841999933 ], [ 38.443527208000035, -0.11088775099995 ], [ 38.445304858000043, -0.113900121999961 ], [ 38.447082513000055, -0.11691250399997 ], [ 38.450584412000069, -0.122840689999975 ], [ 38.454086312000072, -0.128768875999924 ], [ 38.460807812000041, -0.14037166199995 ], [ 38.467529308000053, -0.151974439999947 ], [ 38.473697683000069, -0.162312695999958 ], [ 38.479866049000066, -0.172650935999968 ], [ 38.485494723000045, -0.182297041999959 ], [ 38.491168974000061, -0.192021258999944 ], [ 38.491821215000073, -0.193137856999954 ], [ 38.492511753000031, -0.194320187999949 ], [ 38.494085316000053, -0.197129315999973 ], [ 38.495658879000075, -0.199938442999951 ], [ 38.499422070000037, -0.206183094999972 ], [ 38.50318526500007, -0.21242775099995 ], [ 38.506164543000068, -0.217485529999976 ], [ 38.509143824000034, -0.22254331399995 ], [ 38.50994300800005, -0.223865906999947 ], [ 38.510742191000077, -0.225188497999966 ], [ 38.512252816000057, -0.227659284999959 ], [ 38.513945582000076, -0.230449781999937 ], [ 38.514492021000081, -0.231408938999948 ], [ 38.516729353000073, -0.235202343999958 ], [ 38.518966685000066, -0.238995748999969 ], [ 38.52165603900005, -0.243501250999941 ], [ 38.524345390000065, -0.248006748999956 ], [ 38.528690328000039, -0.255244652999977 ], [ 38.533035268000049, -0.262482558999977 ], [ 38.534749980000072, -0.265447498999947 ], [ 38.536464693000028, -0.268412439999963 ], [ 38.537424097000041, -0.270025691999933 ], [ 38.538383496000051, -0.271638934999942 ], [ 38.540622721000034, -0.275475910999944 ], [ 38.542861941000069, -0.279312877999928 ], [ 38.546086949000028, -0.284748746999981 ], [ 38.549320204000026, -0.290199 ], [ 38.550931920000039, -0.292985809999948 ], [ 38.552649494000036, -0.295968718999973 ], [ 38.553174013000046, -0.29690613899993 ], [ 38.553760518000047, -0.297887182999943 ], [ 38.556608200000028, -0.302672873999938 ], [ 38.559455877000062, -0.307458556999961 ], [ 38.560577407000039, -0.309343973999944 ], [ 38.561698929000045, -0.311229376999961 ], [ 38.565738690000046, -0.318060316999947 ], [ 38.569778443000075, -0.324891244999947 ], [ 38.571710596000059, -0.32816140999995 ], [ 38.57364274400004, -0.331431565999935 ], [ 38.576652535000051, -0.336445753999953 ], [ 38.579662321000058, -0.341459934999932 ], [ 38.585620884000036, -0.351575562999926 ], [ 38.591579441000079, -0.361691182999948 ], [ 38.592784882000046, -0.363856719999944 ], [ 38.593990323000071, -0.366022254999962 ], [ 38.594514847000028, -0.366952440999967 ], [ 38.595039375000056, -0.367882632999965 ], [ 38.595706943000039, -0.36904534699994 ], [ 38.596374510000032, -0.370208059999925 ], [ 38.599063880000074, -0.374699033999946 ], [ 38.601753246000044, -0.37919 ], [ 38.604688657000054, -0.38417512999996 ], [ 38.60762406200007, -0.389160248999929 ], [ 38.610065471000041, -0.393346035999969 ], [ 38.612506874000076, -0.397531810999965 ], [ 38.614412315000038, -0.400729285999944 ], [ 38.616317753000033, -0.403926755999976 ], [ 38.617174156000033, -0.405351099999962 ], [ 38.618030559000033, -0.406775441999969 ], [ 38.620531093000068, -0.411048412999946 ], [ 38.623031624000077, -0.415321377999931 ], [ 38.626083379000079, -0.420539065999947 ], [ 38.629135132000044, -0.425756751999927 ], [ 38.631431574000032, -0.429564623999966 ], [ 38.633728017000067, -0.433372499999962 ], [ 38.636241913000049, -0.43774631499997 ], [ 38.638755809000031, -0.442120130999967 ], [ 38.639148720000037, -0.442804129999956 ], [ 38.639541629000064, -0.443488123999941 ], [ 38.642026910000027, -0.447673878999979 ], [ 38.644512186000043, -0.45185962499994 ], [ 38.647985468000059, -0.457891224999969 ], [ 38.651458749000028, -0.463922820999926 ], [ 38.652917874000025, -0.466396256999928 ], [ 38.654376996000053, -0.468869687999927 ], [ 38.655883789000029, -0.47142496999993 ], [ 38.657390582000062, -0.473980249999954 ], [ 38.65823363700008, -0.475363404999939 ], [ 38.659076693000031, -0.47674656199996 ], [ 38.660892481000076, -0.479723560999957 ], [ 38.662708270000053, -0.482700560999945 ], [ 38.66772270000007, -0.491406435999977 ], [ 38.672737127000062, -0.500112304999959 ], [ 38.675266262000036, -0.505232217999946 ], [ 38.677795396000079, -0.510352130999934 ], [ 38.679050447000066, -0.512373125999943 ], [ 38.680305494000038, -0.514394114999959 ], [ 38.682548537000059, -0.518185127999971 ], [ 38.684791567000048, -0.521976119999977 ], [ 38.686172481000028, -0.524275811999928 ], [ 38.687553394000076, -0.526575503999936 ], [ 38.688444134000065, -0.528025000999946 ], [ 38.689334876000032, -0.529474498999946 ], [ 38.69163513500007, -0.533335249999936 ], [ 38.693935388000057, -0.537195990999976 ], [ 38.696611414000074, -0.541697876999933 ], [ 38.699287430000027, -0.546199744999967 ], [ 38.701461814000027, -0.549893223999959 ], [ 38.703636182000025, -0.553586675999952 ], [ 38.706033722000029, -0.55760072299995 ], [ 38.708431251000036, -0.561614751999969 ], [ 38.711874005000027, -0.567370971999935 ], [ 38.715316765000068, -0.573127199999931 ], [ 38.718313197000043, -0.578130843999929 ], [ 38.721309647000055, -0.583134516999962 ], [ 38.724529256000039, -0.588486533999969 ], [ 38.727748877000067, -0.593838568999956 ], [ 38.733282099000064, -0.603009533999966 ], [ 38.738815314000078, -0.612180485999943 ], [ 38.744461071000046, -0.621825656999931 ], [ 38.750106816000027, -0.631470806999971 ], [ 38.75071906900007, -0.632515814999977 ], [ 38.751331324000034, -0.633560824999961 ], [ 38.75806235500005, -0.645017561999964 ], [ 38.764793389000033, -0.656474302999925 ], [ 38.773561477000044, -0.671067000999926 ], [ 38.782329564000065, -0.685659697999938 ], [ 38.784395222000057, -0.68915450399993 ], [ 38.786461967000037, -0.692911140999968 ], [ 38.786923174000037, -0.69389259299993 ], [ 38.786691666000024, -0.69491168899998 ], [ 38.786061287000052, -0.695575952999945 ], [ 38.785390218000032, -0.696223834999955 ], [ 38.784805298000038, -0.69671589099994 ], [ 38.783887863000075, -0.69696190999997 ], [ 38.783248901000036, -0.697503149999932 ], [ 38.782329559000061, -0.698224842999934 ], [ 38.781574249000073, -0.698815285999956 ], [ 38.78061294500003, -0.699580728999933 ], [ 38.779426575000059, -0.70070147499996 ], [ 38.77864646900008, -0.701751201999969 ], [ 38.777392387000077, -0.702112048999936 ], [ 38.77634239200006, -0.702030062999938 ], [ 38.775549571000056, -0.702598591999958 ], [ 38.774766922000026, -0.703145309999968 ], [ 38.773767471000042, -0.703325718999963 ], [ 38.772750854000037, -0.703407763999962 ], [ 38.771930695000037, -0.703342139999961 ], [ 38.770715714000062, -0.703407734999928 ], [ 38.769880295000064, -0.703112512999951 ], [ 38.769360860000063, -0.702423631999977 ], [ 38.768257141000049, -0.702259599999934 ], [ 38.76743698100006, -0.701997220999942 ], [ 38.766048431000058, -0.701450486999931 ], [ 38.765352249000046, -0.700750648999929 ], [ 38.764713287000063, -0.700160145999973 ], [ 38.763914744000033, -0.699515083999927 ], [ 38.762472789000071, -0.699208934999945 ], [ 38.761608124000077, -0.698738793999951 ], [ 38.76070022600004, -0.698946535999937 ], [ 38.759742737000067, -0.69917613299998 ], [ 38.75881004300004, -0.699258118999978 ], [ 38.758037567000031, -0.698864489999949 ], [ 38.757215500000029, -0.698415785999941 ], [ 38.756405830000062, -0.697714670999972 ], [ 38.755651474000047, -0.69680938099998 ], [ 38.755172729000037, -0.695611386999929 ], [ 38.754724503000034, -0.694563179999932 ], [ 38.754261017000033, -0.693841695999936 ], [ 38.753463745000033, -0.693537651999975 ], [ 38.752520243000049, -0.693900664999944 ], [ 38.75162124600007, -0.693773626999928 ], [ 38.750685374000057, -0.693383375999929 ], [ 38.749733925000044, -0.693133815999943 ], [ 38.749210834000053, -0.694202430999951 ], [ 38.747988701000054, -0.694318152999926 ], [ 38.746978760000047, -0.693964182999935 ], [ 38.745835304000025, -0.694107144999975 ], [ 38.744599915000038, -0.694078564999927 ], [ 38.74328994800004, -0.694188840999971 ], [ 38.742104530000063, -0.694515570999954 ], [ 38.741204071000027, -0.694764709999959 ], [ 38.740056038000034, -0.69528242399997 ], [ 38.738995870000053, -0.695507048999957 ], [ 38.737930298000038, -0.695804714999952 ], [ 38.73732566800004, -0.696523516999946 ], [ 38.73662471800003, -0.697030610999946 ], [ 38.73517481500005, -0.696951066999929 ], [ 38.733960470000056, -0.697622020999972 ], [ 38.733175278000033, -0.698190589999967 ], [ 38.732281685000032, -0.698398187999942 ], [ 38.731749217000072, -0.699065863999977 ], [ 38.731102308000061, -0.70013572299996 ], [ 38.730708122000067, -0.701126604999956 ], [ 38.73015276600006, -0.702236592999952 ], [ 38.72917175300006, -0.703444525999942 ], [ 38.728074074000062, -0.704162865999933 ], [ 38.726821899000072, -0.704838722999966 ], [ 38.725953420000053, -0.705350736999947 ], [ 38.724894524000035, -0.706126908999977 ], [ 38.723759969000071, -0.706794559999935 ], [ 38.72260284400005, -0.707337200999973 ], [ 38.72179794300007, -0.707733511999947 ], [ 38.720338440000035, -0.708455442999934 ], [ 38.719267527000056, -0.709082980999938 ], [ 38.718257904000041, -0.710054963999937 ], [ 38.717422485000043, -0.710932611999965 ], [ 38.716804504000038, -0.711607316999959 ], [ 38.716482162000034, -0.712376415999927 ], [ 38.715866089000031, -0.71295678599995 ], [ 38.714649200000053, -0.713820278999947 ], [ 38.711959839000031, -0.715702890999978 ], [ 38.711039225000036, -0.716424802999938 ], [ 38.710260391000077, -0.716785758999947 ], [ 38.70952860500006, -0.717042922999951 ], [ 38.708573341000033, -0.717616190999934 ], [ 38.707679749000079, -0.718463181999937 ], [ 38.706638336000026, -0.719383239999956 ], [ 38.705673218000072, -0.720147668999971 ], [ 38.704421997000054, -0.72098275999997 ], [ 38.701902390000043, -0.722752153999977 ], [ 38.70103836100003, -0.723353772999928 ], [ 38.70015335100004, -0.724195986999973 ], [ 38.699573517000033, -0.72493207499997 ], [ 38.698910713000032, -0.725791990999937 ], [ 38.698810577000074, -0.727168559999939 ], [ 38.698753357000044, -0.728286861999948 ], [ 38.698711395000032, -0.729546665999976 ], [ 38.698711395000032, -0.730424254999946 ], [ 38.698708852000038, -0.731235781999942 ], [ 38.698376179000036, -0.732480309999971 ], [ 38.697704315000067, -0.733623345999945 ], [ 38.696811676000038, -0.734628438999948 ], [ 38.696161270000061, -0.73525118799995 ], [ 38.69510841400006, -0.736058026999956 ], [ 38.694286346000069, -0.736468523999974 ], [ 38.693125725000073, -0.736946254999964 ], [ 38.692071279000061, -0.737336714999969 ], [ 38.691059113000051, -0.738060980999933 ], [ 38.68982124300004, -0.738782896999965 ], [ 38.68872261000007, -0.739200472999926 ], [ 38.68790245100007, -0.739426969999954 ], [ 38.687129974000072, -0.739561408999975 ], [ 38.686296463000076, -0.739363297999944 ], [ 38.685370127000056, -0.739426950999928 ], [ 38.684445381000046, -0.740078091999976 ], [ 38.683265686000027, -0.740743398999939 ], [ 38.682422638000048, -0.741125583999974 ], [ 38.679119110000045, -0.742003201999978 ], [ 38.678283691000047, -0.742286264999962 ], [ 38.677228928000034, -0.742576509999935 ], [ 38.67641449000007, -0.742810070999951 ], [ 38.675460815000065, -0.743192225999962 ], [ 38.67450141900008, -0.743535488999953 ], [ 38.67313766500007, -0.743708908999963 ], [ 38.670001984000066, -0.743758469999932 ], [ 38.669139862000065, -0.743751376999967 ], [ 38.668346405000079, -0.74366643999997 ], [ 38.667533875000061, -0.74337625499993 ], [ 38.666763306000064, -0.743036508999978 ], [ 38.665416718000074, -0.74254110499993 ], [ 38.664382935000049, -0.741819202999977 ], [ 38.663322449000077, -0.741040586999929 ], [ 38.662132263000046, -0.740177213999971 ], [ 38.661270142000035, -0.73955428599993 ], [ 38.660404205000077, -0.738973974999965 ], [ 38.659088135000047, -0.738209604999952 ], [ 38.657836914000029, -0.737494796999954 ], [ 38.656648636000057, -0.736794083999939 ], [ 38.655834198000036, -0.736199557999953 ], [ 38.654998779000039, -0.735484748999966 ], [ 38.654100418000041, -0.734624817999929 ], [ 38.65329678900008, -0.733484148999935 ], [ 38.652873993000071, -0.732406019999928 ], [ 38.652732849000074, -0.731464623999955 ], [ 38.652427673000034, -0.730299253999931 ], [ 38.651807785000074, -0.729504197999972 ], [ 38.651500702000078, -0.728796421999959 ], [ 38.651303609000024, -0.72783859599997 ], [ 38.651283264000028, -0.726510405999932 ], [ 38.651332855000078, -0.725384950999967 ], [ 38.651260376000039, -0.724601765999978 ], [ 38.650933266000038, -0.723566099999971 ], [ 38.650922775000026, -0.722440748999929 ], [ 38.650970459000064, -0.721584349999944 ], [ 38.650730769000063, -0.720190077999973 ], [ 38.650279999000077, -0.719119012999954 ], [ 38.649606069000072, -0.718151747999968 ], [ 38.649173737000069, -0.717359005999924 ], [ 38.648668607000047, -0.716039080999963 ], [ 38.647984505000068, -0.714931442999955 ], [ 38.647119522000025, -0.714110433999963 ], [ 38.645861626000055, -0.713300063999952 ], [ 38.64451789900005, -0.712801098999932 ], [ 38.64348983800005, -0.712631225999928 ], [ 38.642711639000026, -0.712461351999934 ], [ 38.641735077000078, -0.712227791999965 ], [ 38.640588760000071, -0.712065010999936 ], [ 38.639651489000073, -0.712217890999966 ], [ 38.638370037000072, -0.712951465999936 ], [ 38.636763096000038, -0.713139041999966 ], [ 38.635403633000067, -0.713006346999975 ], [ 38.634197235000045, -0.713027581999938 ], [ 38.633469391000062, -0.713636242999939 ], [ 38.632894135000072, -0.714332663999926 ], [ 38.632083893000072, -0.714863021999975 ], [ 38.631217957000047, -0.715338393999957 ], [ 38.630268097000055, -0.715448080999977 ], [ 38.62925148000005, -0.715715874999944 ], [ 38.627979914000036, -0.716179439999962 ], [ 38.62660408000005, -0.715674578999938 ], [ 38.625938416000054, -0.715249895999932 ], [ 38.625195503000043, -0.714680164999947 ], [ 38.624385834000066, -0.714112777999958 ], [ 38.623271942000031, -0.713489969999955 ], [ 38.622343063000073, -0.712716161999936 ], [ 38.62169265700004, -0.71224904099995 ], [ 38.62069034600006, -0.712050869999928 ], [ 38.619497299000045, -0.712114542999927 ], [ 38.618465424000078, -0.712107479999929 ], [ 38.617698669000049, -0.712149917999966 ], [ 38.616893768000068, -0.712234854999963 ], [ 38.615951538000047, -0.712312727999972 ], [ 38.614840189000063, -0.712541559999977 ], [ 38.613792419000049, -0.712560414999928 ], [ 38.612915039000029, -0.712560414999928 ], [ 38.611938477000081, -0.712503790999961 ], [ 38.611045837000063, -0.712475537999978 ], [ 38.609896660000061, -0.712266712999963 ], [ 38.608791351000036, -0.71182437799996 ], [ 38.607812881000029, -0.711070611999958 ], [ 38.606836319000024, -0.710026651999954 ], [ 38.60622692100003, -0.70856159899995 ], [ 38.60615793900007, -0.707157889999962 ], [ 38.605665207000072, -0.706296771999973 ], [ 38.604885101000036, -0.705737634999934 ], [ 38.60382080100004, -0.705320029999939 ], [ 38.602821350000056, -0.705298840999944 ], [ 38.601959229000045, -0.705256372999941 ], [ 38.60103861500005, -0.705025175999936 ], [ 38.599553108000066, -0.704495548999944 ], [ 38.598444621000056, -0.704392949999942 ], [ 38.597362518000068, -0.703932865999946 ], [ 38.596382141000049, -0.703600197999947 ], [ 38.595533371000045, -0.703302949999966 ], [ 38.594795227000077, -0.702963232999934 ], [ 38.593982697000058, -0.702683671999978 ], [ 38.592716217000032, -0.702651798999966 ], [ 38.591676712000037, -0.702290007999977 ], [ 38.590181351000069, -0.701917588999947 ], [ 38.589066506000052, -0.701381548999962 ], [ 38.588102977000062, -0.700683613999956 ], [ 38.586719513000048, -0.700599520999958 ], [ 38.585521698000036, -0.70035988099994 ], [ 38.584458033000033, -0.700099159999979 ], [ 38.582972208000058, -0.699952025999949 ], [ 38.581333160000042, -0.700309454999967 ], [ 38.580122630000062, -0.700557430999936 ], [ 38.57847023000005, -0.700523822999969 ], [ 38.577234268000041, -0.700763493999943 ], [ 38.575996399000076, -0.701520323999944 ], [ 38.575378418000071, -0.702087878999976 ], [ 38.574825287000067, -0.702718555999979 ], [ 38.574097315000074, -0.703399707999949 ], [ 38.572313309000037, -0.703878998999926 ], [ 38.571159363000049, -0.703509012999973 ], [ 38.56989288300008, -0.703153728999951 ], [ 38.56874465900006, -0.702844698999968 ], [ 38.566699982000046, -0.702895163999926 ], [ 38.565868378000062, -0.702844678999952 ], [ 38.564884186000029, -0.702819466999927 ], [ 38.563827515000071, -0.70266812999995 ], [ 38.562723160000075, -0.702378004999957 ], [ 38.561807632000068, -0.701848238999958 ], [ 38.561050415000068, -0.701583384999935 ], [ 38.560079575000032, -0.701406761999976 ], [ 38.558879852000075, -0.70138153399995 ], [ 38.55812454200003, -0.701558112999976 ], [ 38.556976318000068, -0.701570748999927 ], [ 38.556068420000031, -0.701797782999961 ], [ 38.554832458000078, -0.701722114999939 ], [ 38.553697586000055, -0.701343684999927 ], [ 38.553091049000045, -0.700826525999958 ], [ 38.552497864000031, -0.700271546999943 ], [ 38.551237106000031, -0.699779629999966 ], [ 38.549877167000034, -0.699161588999971 ], [ 38.548866272000055, -0.698486744999968 ], [ 38.547958374000075, -0.697723626999959 ], [ 38.547376633000056, -0.697130768999955 ], [ 38.546834946000047, -0.696563153999932 ], [ 38.545989990000066, -0.695970355999975 ], [ 38.544704437000064, -0.695566713999938 ], [ 38.54320335400007, -0.695238768999957 ], [ 38.542053223000039, -0.695125221999945 ], [ 38.540868759000034, -0.695175706999976 ], [ 38.538322449000077, -0.695175706999976 ], [ 38.536075592000032, -0.695125221999945 ], [ 38.534902573000068, -0.695087372999978 ], [ 38.53390693700004, -0.695364921999953 ], [ 38.532707214000027, -0.695667623999952 ], [ 38.531585693000068, -0.695932507999942 ], [ 38.530538559000036, -0.69600818999993 ], [ 38.529277802000024, -0.695642411999927 ], [ 38.52852503500003, -0.695226152999965 ], [ 38.527500153000062, -0.695390134999968 ], [ 38.526338577000047, -0.695175706999976 ], [ 38.525239944000077, -0.694797306999931 ], [ 38.524066925000056, -0.694620727999961 ], [ 38.522808075000057, -0.694620727999961 ], [ 38.521972656000059, -0.69469642599995 ], [ 38.520712852000031, -0.69476577599994 ], [ 38.519164721000038, -0.695156797999971 ], [ 38.518026352000049, -0.694986521999965 ], [ 38.517257690000065, -0.69510000899993 ], [ 38.516450246000034, -0.695251384999949 ], [ 38.515565872000025, -0.695932536999976 ], [ 38.514696121000043, -0.69674609599997 ], [ 38.513536453000029, -0.697231709999926 ], [ 38.512565613000049, -0.697496592999926 ], [ 38.511732101000064, -0.697711020999975 ], [ 38.510743141000034, -0.698322772999973 ], [ 38.50981521600005, -0.699590414999932 ], [ 38.509058634000041, -0.70068454699998 ], [ 38.508379618000049, -0.701505461999943 ], [ 38.507526398000039, -0.70196479599997 ], [ 38.506654104000063, -0.701854824999941 ], [ 38.505712509000034, -0.701710104999961 ], [ 38.504980087000035, -0.701392143999954 ], [ 38.503730774000076, -0.700672506999979 ], [ 38.502969742000062, -0.700241997999967 ], [ 38.501889229000028, -0.699072733999969 ], [ 38.500617981000062, -0.698982317999935 ], [ 38.499786377000078, -0.698767393999958 ], [ 38.499097824000046, -0.698391347999973 ], [ 38.498146057000042, -0.697911291999958 ], [ 38.497002602000066, -0.697371258999965 ], [ 38.495891571000072, -0.696935235999945 ], [ 38.495130539000058, -0.696607201999939 ], [ 38.494026184000063, -0.696215152999969 ], [ 38.492523193000068, -0.695559083999967 ], [ 38.49147415200008, -0.695175051999968 ], [ 38.490377426000066, -0.694731011999977 ], [ 38.488953590000051, -0.694091021999952 ], [ 38.487745285000074, -0.693782984999928 ], [ 38.486808777000078, -0.693726926999943 ], [ 38.486017227000048, -0.693830996999964 ], [ 38.484832764000032, -0.693318902999977 ], [ 38.482673645000034, -0.692294835999974 ], [ 38.480497360000072, -0.691166758999941 ], [ 38.479335785000046, -0.690670698999952 ], [ 38.478561401000036, -0.690198659999965 ], [ 38.477455139000028, -0.689510642999949 ], [ 38.476337433000026, -0.688958584999966 ], [ 38.475296021000077, -0.688758551999967 ], [ 38.473182678000057, -0.688662528999942 ], [ 38.470718384000065, -0.688550471999974 ], [ 38.469310760000042, -0.688390552999977 ], [ 38.468368530000077, -0.688278495999953 ], [ 38.467231750000053, -0.688198506999925 ], [ 38.465087891000053, -0.688246547999938 ], [ 38.46382522600004, -0.688182472999927 ], [ 38.462223053000059, -0.688022493999938 ], [ 38.461021423000034, -0.687734484999964 ], [ 38.460208893000072, -0.687670409999953 ], [ 38.456748962000063, -0.687622487999931 ], [ 38.455551147000051, -0.687622487999931 ], [ 38.453552246000072, -0.687654494999947 ], [ 38.450862885000049, -0.687750458999972 ], [ 38.44867897000006, -0.687758475999942 ], [ 38.447599411000056, -0.687750488999939 ], [ 38.445343018000074, -0.687606453999933 ], [ 38.443660736000027, -0.687558531999969 ], [ 38.441326141000047, -0.687542438999969 ], [ 38.440046310000071, -0.687550484999974 ], [ 38.439159393000068, -0.687670468999954 ], [ 38.438724942000078, -0.688691 ], [ 38.437765121000041, -0.689314603999946 ], [ 38.436628342000063, -0.689414560999978 ], [ 38.435550054000032, -0.689761302999955 ], [ 38.434455871000068, -0.689958671999932 ], [ 38.43338966400006, -0.689190595999946 ], [ 38.432580948000066, -0.688110500999926 ], [ 38.432041931000072, -0.687180828999942 ], [ 38.431132317000049, -0.686802416999967 ], [ 38.430173874000047, -0.686518370999977 ], [ 38.429177093000078, -0.686844813999926 ], [ 38.428045273000066, -0.68734244999996 ], [ 38.427124023000033, -0.687566458999925 ], [ 38.426221848000068, -0.687710433999939 ], [ 38.425285339000027, -0.687902479999934 ], [ 38.424261093000041, -0.687942474999943 ], [ 38.423131943000044, -0.687830507999934 ], [ 38.422363281000059, -0.687814533999926 ], [ 38.421547890000056, -0.68789049999998 ], [ 38.420484543000043, -0.688022493999938 ], [ 38.419406891000051, -0.688220917999956 ], [ 38.418626785000072, -0.688750564999964 ], [ 38.41785907700006, -0.689630627999975 ], [ 38.417066574000046, -0.690390735999927 ], [ 38.416404724000074, -0.690958737999949 ], [ 38.415019989000029, -0.692070841999964 ], [ 38.414108276000036, -0.692806899999937 ], [ 38.413297653000029, -0.69341641699998 ], [ 38.412124634000065, -0.694342970999969 ], [ 38.40980021200005, -0.695912464999935 ], [ 38.407911936000062, -0.69616182599998 ], [ 38.406734467000035, -0.696671187999925 ], [ 38.405426025000054, -0.697011217999943 ], [ 38.40449142500006, -0.696871160999933 ], [ 38.40347162900008, -0.696871200999965 ], [ 38.402565002000074, -0.697105903999955 ], [ 38.401190758000041, -0.697491257999957 ], [ 38.39993953700008, -0.697975307999968 ], [ 38.398960114000033, -0.698386013999936 ], [ 38.398260753000045, -0.698914090999949 ], [ 38.39756965600003, -0.699607431999937 ], [ 38.396725337000078, -0.700170138999965 ], [ 38.395721436000031, -0.700423508999961 ], [ 38.394911957000033, -0.700797938999926 ], [ 38.394318899000041, -0.701559602999964 ], [ 38.39387130700004, -0.70250098899993 ], [ 38.392872810000028, -0.703619747999937 ], [ 38.391667684000026, -0.704274475999966 ], [ 38.390467326000078, -0.704487839999956 ], [ 38.389142672000048, -0.704275811999935 ], [ 38.387749672000041, -0.70383179199996 ], [ 38.386862437000048, -0.70336240499995 ], [ 38.385761261000027, -0.702895700999932 ], [ 38.384586334000062, -0.702631681999947 ], [ 38.383394241000076, -0.702347655999972 ], [ 38.382968903000062, -0.701383590999967 ], [ 38.382947286000046, -0.700444817999937 ], [ 38.382234255000071, -0.699689429999978 ], [ 38.38136482200008, -0.700523524999937 ], [ 38.380971909000039, -0.701851620999946 ], [ 38.38043975800008, -0.702898362999974 ], [ 38.379499435000071, -0.703077037999947 ], [ 38.378726959000062, -0.702391683999963 ], [ 38.377780914000027, -0.701551585999937 ], [ 38.376557668000032, -0.701276897999946 ], [ 38.375550588000067, -0.700914203999957 ], [ 38.374640465000027, -0.700907542999971 ], [ 38.373652458000038, -0.701243549999958 ], [ 38.372728348000066, -0.701391607999938 ], [ 38.371517181000058, -0.701568911999971 ], [ 38.370263418000036, -0.702108978999945 ], [ 38.369284948000029, -0.70264767599997 ], [ 38.367943573000048, -0.703239726999925 ], [ 38.366919200000041, -0.703367749999927 ], [ 38.366071383000076, -0.702757000999952 ], [ 38.364602407000064, -0.702957013999935 ], [ 38.363655090000066, -0.702847688999952 ], [ 38.362789154000041, -0.703099682999948 ], [ 38.362051010000073, -0.703327744999967 ], [ 38.361419678000061, -0.702764987999956 ], [ 38.360694885000044, -0.702487647999931 ], [ 38.359776815000032, -0.702092954999955 ], [ 38.358582497000043, -0.702147617999969 ], [ 38.357479095000031, -0.702236969999944 ], [ 38.35656356800007, -0.702331631999925 ], [ 38.355281830000024, -0.702407597999979 ], [ 38.354412079000042, -0.702150165999967 ], [ 38.353488922000054, -0.701828360999968 ], [ 38.35280227700008, -0.701485156999979 ], [ 38.351903280000045, -0.701106110999945 ], [ 38.351097107000044, -0.701045363999924 ], [ 38.350530624000044, -0.700476780999963 ], [ 38.349853516000053, -0.699720561999925 ], [ 38.349458059000028, -0.698967873999948 ], [ 38.348797798000078, -0.697988166999949 ], [ 38.348349253000038, -0.697087128999954 ], [ 38.34760284400005, -0.696475713999973 ], [ 38.346691132000046, -0.69642209999995 ], [ 38.345508893000044, -0.696829695999952 ], [ 38.344162941000036, -0.697248041999956 ], [ 38.343257904000041, -0.697848706999935 ], [ 38.342469533000042, -0.69838150399994 ], [ 38.341690063000044, -0.698610305999978 ], [ 38.340908051000042, -0.698428034999949 ], [ 38.340232849000074, -0.697966724999958 ], [ 38.339780807000068, -0.697097867999958 ], [ 38.339448929000071, -0.696218281999961 ], [ 38.338998794000076, -0.695290371999931 ], [ 38.338558197000054, -0.69446980999993 ], [ 38.338256836000028, -0.693761825999957 ], [ 38.337787628000058, -0.692710637999937 ], [ 38.33714294400005, -0.691455602999952 ], [ 38.336509705000026, -0.690382927999963 ], [ 38.335899353000059, -0.689696430999959 ], [ 38.336090088000049, -0.688698827999929 ], [ 38.336948395000036, -0.68666070699993 ], [ 38.337657928000056, -0.684858619999943 ], [ 38.339267731000064, -0.680289029999926 ], [ 38.34003830000006, -0.678465485999936 ], [ 38.340488434000065, -0.677092432999927 ], [ 38.340724945000034, -0.676159202999941 ], [ 38.341369629000042, -0.674796878999928 ], [ 38.342205048000039, -0.673230885999942 ], [ 38.342784882000046, -0.672136663999936 ], [ 38.344352722000053, -0.669690966999951 ], [ 38.345294952000074, -0.668167769999968 ], [ 38.34580993700007, -0.667309641999964 ], [ 38.346073468000043, -0.666060345999938 ], [ 38.344459534000066, -0.665936588999955 ], [ 38.343429565000065, -0.665947317999951 ], [ 38.342624664000027, -0.666140406999943 ], [ 38.341842651000036, -0.666365682999924 ], [ 38.340854645000036, -0.666472970999962 ], [ 38.339717865000068, -0.66658014099994 ], [ 38.338321686000029, -0.666816174999951 ], [ 38.337272644000052, -0.66690200599993 ], [ 38.33624267600004, -0.667009293999968 ], [ 38.334901810000076, -0.667255997999973 ], [ 38.333667755000079, -0.667438327999946 ], [ 38.332424164000031, -0.667567073999976 ], [ 38.331436157000041, -0.667674362999946 ], [ 38.330642700000055, -0.667803048999929 ], [ 38.329463959000066, -0.668081968999957 ], [ 38.328239441000051, -0.668382286999929 ], [ 38.327362061000031, -0.668553947999953 ], [ 38.326587677000077, -0.668725549999976 ], [ 38.325386047000052, -0.669047355999965 ], [ 38.324272156000063, -0.669497906999936 ], [ 38.322856903000059, -0.670034229999942 ], [ 38.32197380100007, -0.670259475999956 ], [ 38.320747375000053, -0.670608072999926 ], [ 38.319766998000034, -0.671171277999974 ], [ 38.318521500000031, -0.671535998999957 ], [ 38.317266464000056, -0.671686142999931 ], [ 38.316463470000031, -0.671922146999975 ], [ 38.315280914000027, -0.672222434999981 ], [ 38.314144135000049, -0.672544300999959 ], [ 38.313007355000025, -0.672844647999966 ], [ 38.312084198000036, -0.673144995999962 ], [ 38.311035156000059, -0.673531174999937 ], [ 38.31013488800005, -0.674046039999951 ], [ 38.30886840800008, -0.674818336999977 ], [ 38.308029175000058, -0.67552632099995 ], [ 38.307235718000072, -0.676041185999964 ], [ 38.306398392000062, -0.676545321999924 ], [ 38.305068970000036, -0.67715674599998 ], [ 38.304277420000062, -0.677435695999975 ], [ 38.303054810000049, -0.678315281999971 ], [ 38.302232742000058, -0.678862347999939 ], [ 38.302001953000058, -0.677457093999976 ], [ 38.301445007000041, -0.675719439999966 ], [ 38.300994873000036, -0.674196183999925 ], [ 38.300132275000067, -0.672453149999967 ], [ 38.299192429000072, -0.671696871999927 ], [ 38.298763275000056, -0.670978188999925 ], [ 38.298503876000041, -0.67024874699996 ], [ 38.298141479000037, -0.668511032999959 ], [ 38.297710419000055, -0.666987835999976 ], [ 38.297346115000039, -0.665550440999937 ], [ 38.29698181200007, -0.664563595999937 ], [ 38.296897888000046, -0.663619636999954 ], [ 38.296648026000071, -0.659243136999976 ], [ 38.295469284000035, -0.659779428999968 ], [ 38.294578552000075, -0.65980088699996 ], [ 38.293376923000039, -0.659554182999955 ], [ 38.292439461000072, -0.659103646999938 ], [ 38.290695190000065, -0.658964216999948 ], [ 38.289451599000074, -0.659135817999925 ], [ 38.287994385000047, -0.659071444999938 ], [ 38.286621094000054, -0.658878385999969 ], [ 38.285827637000068, -0.658728181999948 ], [ 38.284875234000026, -0.658284822999974 ], [ 38.284410477000051, -0.657323002999931 ], [ 38.283660889000032, -0.656303941999965 ], [ 38.282821655000077, -0.655188381999949 ], [ 38.281965256000035, -0.653976261999958 ], [ 38.280858994000027, -0.653128832999926 ], [ 38.280076981000036, -0.652463763999947 ], [ 38.279010773000039, -0.652081211999928 ], [ 38.277887344000078, -0.652335047999941 ], [ 38.276762009000038, -0.652099042999964 ], [ 38.275852203000056, -0.651584207999974 ], [ 38.27518653900006, -0.650929837999968 ], [ 38.274106026000027, -0.650195061999966 ], [ 38.272771835000071, -0.650254070999949 ], [ 38.271751404000042, -0.650747477999971 ], [ 38.270911217000048, -0.651165827999932 ], [ 38.269779205000077, -0.651305287999946 ], [ 38.26837794000005, -0.650673984999969 ], [ 38.267602921000048, -0.651391118999925 ], [ 38.26720619200006, -0.652109831999951 ], [ 38.266262054000038, -0.653622269999971 ], [ 38.265960693000068, -0.654458939999927 ], [ 38.265014648000033, -0.656003474999977 ], [ 38.26441574100005, -0.656733035999935 ], [ 38.263557434000063, -0.657752066999933 ], [ 38.262786865000066, -0.658556580999971 ], [ 38.261047363000046, -0.661088108999934 ], [ 38.259010315000069, -0.663512467999965 ], [ 38.257785797000054, -0.66473519799996 ], [ 38.254848480000078, -0.667695760999948 ], [ 38.253280640000071, -0.669390618999955 ], [ 38.252380371000072, -0.670549034999965 ], [ 38.25, -0.673423885999966 ], [ 38.248653412000067, -0.675259470999947 ], [ 38.24614334100005, -0.677060186999938 ], [ 38.243488312000068, -0.67881351699998 ], [ 38.241546631000062, -0.680377244999931 ], [ 38.239459991000047, -0.682177960999979 ], [ 38.23742294300007, -0.684452592999946 ], [ 38.234012604000043, -0.687295734999964 ], [ 38.231925964000027, -0.688954293999927 ], [ 38.228893280000079, -0.690755009999975 ], [ 38.227756500000055, -0.691655337999975 ], [ 38.226383209000062, -0.692176639999957 ], [ 38.224216461000026, -0.693118571999946 ], [ 38.222164154000041, -0.69383513899993 ], [ 38.218753815000071, -0.694830297999943 ], [ 38.216239929000039, -0.695541083999956 ], [ 38.215103149000072, -0.695730626999932 ], [ 38.214036942000064, -0.695967554999925 ], [ 38.213256836000028, -0.69625186899998 ], [ 38.212059021000073, -0.696382179999944 ], [ 38.211311340000066, -0.696962713999937 ], [ 38.210128784000062, -0.697578727999939 ], [ 38.206951141000047, -0.698952972999962 ], [ 38.203918457000043, -0.700279771999931 ], [ 38.202781677000075, -0.700848400999973 ], [ 38.201549530000079, -0.701369702999955 ], [ 38.200035095000032, -0.702127873999927 ], [ 38.198848724000072, -0.702554285999952 ], [ 38.19657516500007, -0.703739046999942 ], [ 38.194869995000033, -0.704307674999939 ], [ 38.192024231000062, -0.705492317999926 ], [ 38.189327240000068, -0.706710695999959 ], [ 38.186008453000056, -0.708051204999947 ], [ 38.182262421000075, -0.709141134999925 ], [ 38.180084229000045, -0.709709763999967 ], [ 38.178569794000055, -0.710325836999971 ], [ 38.177619934000063, -0.710657536999975 ], [ 38.176719666000054, -0.711178779999955 ], [ 38.176010132000044, -0.711652636999929 ], [ 38.175251007000043, -0.711936950999927 ], [ 38.174541473000033, -0.712316095999938 ], [ 38.17349624600007, -0.71278995299997 ], [ 38.17297744800004, -0.713927208999962 ], [ 38.171600342000033, -0.715017139999929 ], [ 38.169986725000058, -0.716549872999963 ], [ 38.168949127000076, -0.717007398999954 ], [ 38.168286324000064, -0.717895864999946 ], [ 38.167905172000076, -0.719266175999962 ], [ 38.167148590000068, -0.719755827999961 ], [ 38.166484833000027, -0.720300763999944 ], [ 38.165868759000034, -0.720798313999978 ], [ 38.164850235000074, -0.721058934999974 ], [ 38.163618088000078, -0.721272170999953 ], [ 38.162539482000057, -0.721769779999931 ], [ 38.161508560000073, -0.722456871999952 ], [ 38.160490036000056, -0.722788542999979 ], [ 38.159388542000045, -0.723143949999951 ], [ 38.158569336000028, -0.723594128999935 ], [ 38.157955170000037, -0.724068045999957 ], [ 38.157100677000074, -0.724802523999927 ], [ 38.156059265000067, -0.725655465999978 ], [ 38.155395508000026, -0.726555853999969 ], [ 38.15487289400005, -0.72738510399995 ], [ 38.154447556000036, -0.728356539999936 ], [ 38.154140472000051, -0.729517518999955 ], [ 38.15342903100003, -0.73060744999998 ], [ 38.152551651000067, -0.73150777799998 ], [ 38.151628494000079, -0.731792091999978 ], [ 38.150703430000078, -0.731981634999954 ], [ 38.149616241000047, -0.73243182899995 ], [ 38.148075104000043, -0.73302420999994 ], [ 38.146913528000027, -0.73352172999995 ], [ 38.14611244200006, -0.733952968999972 ], [ 38.144963264000069, -0.734935625999924 ], [ 38.144315720000066, -0.735710143999938 ], [ 38.143657684000061, -0.736495255999955 ], [ 38.142893791000063, -0.737057625999967 ], [ 38.14172744800004, -0.737619906999953 ], [ 38.140579224000078, -0.737980663999963 ], [ 38.139413834000038, -0.738171636999937 ], [ 38.138118744000053, -0.738320171999931 ], [ 38.136908849000065, -0.738553612999965 ], [ 38.135953903000029, -0.73931753599993 ], [ 38.135192871000072, -0.739508509999951 ], [ 38.134023666000076, -0.739359974999957 ], [ 38.132602692000034, -0.738659738999957 ], [ 38.131454468000072, -0.737980663999963 ], [ 38.130435944000055, -0.737174331999938 ], [ 38.129631042000028, -0.736410378999949 ], [ 38.128731728000048, -0.735664218999943 ], [ 38.127669334000075, -0.735333114999946 ], [ 38.12656402600004, -0.735957860999974 ], [ 38.125707626000064, -0.737119778999954 ], [ 38.124763489000031, -0.737794458999929 ], [ 38.123620987000038, -0.737969353999972 ], [ 38.121765137000068, -0.73763203599998 ], [ 38.120967865000068, -0.737457096999947 ], [ 38.120216370000037, -0.737307190999957 ], [ 38.119419098000037, -0.73710727699995 ], [ 38.118492126000035, -0.736982285999943 ], [ 38.117737770000076, -0.736570044999951 ], [ 38.117001851000055, -0.735766251999962 ], [ 38.11616897600004, -0.735183208999956 ], [ 38.114931107000075, -0.734571039999935 ], [ 38.113769531000059, -0.734208702999979 ], [ 38.112920761000055, -0.734096198999964 ], [ 38.111972809000065, -0.73398375499994 ], [ 38.111221313000044, -0.733821331999934 ], [ 38.110271454000042, -0.733708917999934 ], [ 38.109272003000058, -0.733658909999974 ], [ 38.108291626000039, -0.733665182999971 ], [ 38.106836319000024, -0.733877568999958 ], [ 38.10528755200005, -0.734133690999954 ], [ 38.103836695000041, -0.734167038999942 ], [ 38.102851868000073, -0.733658909999974 ], [ 38.102088928000057, -0.732796847999964 ], [ 38.101450602000057, -0.731884797999953 ], [ 38.100837708000029, -0.731185137999944 ], [ 38.100084941000034, -0.730677047999961 ], [ 38.098984401000052, -0.730581253999958 ], [ 38.09794521300006, -0.731647431999932 ], [ 38.096987089000038, -0.732661490999931 ], [ 38.096223831000032, -0.733892152999942 ], [ 38.095302582000045, -0.733246802999929 ], [ 38.094287872000052, -0.732258706999971 ], [ 38.093411446000061, -0.731130405999977 ], [ 38.092601776000038, -0.729695051999954 ], [ 38.09201431300005, -0.729107498999952 ], [ 38.091279984000039, -0.728466599999933 ], [ 38.090679169000055, -0.727692156999979 ], [ 38.090185165000037, -0.726704120999955 ], [ 38.090185165000037, -0.72568929199997 ], [ 38.090465546000075, -0.724968254999965 ], [ 38.090599060000045, -0.724167078999926 ], [ 38.09011840800008, -0.723365962999935 ], [ 38.089170456000033, -0.722604900999954 ], [ 38.08819580100004, -0.721763669999973 ], [ 38.087554932000046, -0.721096038999974 ], [ 38.087047577000078, -0.720401703999926 ], [ 38.08647346500004, -0.719173281999929 ], [ 38.085952759000065, -0.718185185999971 ], [ 38.085498810000047, -0.717570960999979 ], [ 38.084804535000046, -0.716422661999957 ], [ 38.084003448000033, -0.715180903999965 ], [ 38.082801819000053, -0.714645280999946 ], [ 38.08200073200004, -0.715568124999947 ], [ 38.081600189000028, -0.716235756999936 ], [ 38.081279755000025, -0.716983496999944 ], [ 38.080839157000071, -0.717757909999932 ], [ 38.080329132000031, -0.718724655999949 ], [ 38.08022499100008, -0.719560503999958 ], [ 38.080418587000054, -0.72030158299998 ], [ 38.079824448000068, -0.721047073999955 ], [ 38.079797745000064, -0.72231112399993 ], [ 38.079401652000058, -0.723063269999955 ], [ 38.079134623000073, -0.723819911999954 ], [ 38.078465939000068, -0.724621079999963 ], [ 38.078919220000046, -0.725513028999956 ], [ 38.078431447000071, -0.726250111999946 ], [ 38.07789516400004, -0.726964443999975 ], [ 38.077710470000056, -0.727843482999958 ], [ 38.077648163000049, -0.729018488999941 ], [ 38.07739448500007, -0.730140109999979 ], [ 38.077254295000046, -0.731297328999972 ], [ 38.076633453000056, -0.732051714999955 ], [ 38.076045990000068, -0.732766071999947 ], [ 38.075479889000064, -0.733348273999979 ], [ 38.074303627000063, -0.73328018199993 ], [ 38.073046366000028, -0.733095446999926 ], [ 38.072218577000058, -0.733068743999979 ], [ 38.071907043000067, -0.733820944999934 ], [ 38.071239471000069, -0.734590927999932 ], [ 38.070821126000055, -0.735356469999942 ], [ 38.069720745000041, -0.736020765999967 ], [ 38.069163322000065, -0.737265869999931 ], [ 38.068400065000048, -0.737742125999944 ], [ 38.06773071300006, -0.738304709999966 ], [ 38.066666603000044, -0.738801419999959 ], [ 38.066125870000064, -0.73984625199995 ], [ 38.064703941000062, -0.739689349999935 ], [ 38.063842773000033, -0.738748013999952 ], [ 38.063268661000052, -0.738040327999954 ], [ 38.062587738000047, -0.73728813699995 ], [ 38.061659813000063, -0.737005501999931 ], [ 38.061132431000033, -0.737873419999971 ], [ 38.060282389000065, -0.73821389699998 ], [ 38.058956146000071, -0.73836079199998 ], [ 38.057754517000035, -0.737906798999973 ], [ 38.057158152000056, -0.736789633999933 ], [ 38.056005478000031, -0.736691712999971 ], [ 38.054910660000075, -0.73661160499995 ], [ 38.054042816000049, -0.736384629999975 ], [ 38.053348541000048, -0.735890566999956 ], [ 38.052420616000063, -0.735222935999957 ], [ 38.051425934000065, -0.736006299999929 ], [ 38.050664902000051, -0.736651658999961 ], [ 38.04993057300004, -0.737239181999939 ], [ 38.049467723000078, -0.738009174999945 ], [ 38.049761454000077, -0.738819221999961 ], [ 38.049868266000033, -0.739611466999975 ], [ 38.04988161700004, -0.740733056999943 ], [ 38.048889160000044, -0.740904420999925 ], [ 38.047407150000026, -0.741062441999929 ], [ 38.046320343000048, -0.74185646799998 ], [ 38.04545784000004, -0.741525291999949 ], [ 38.044412994000027, -0.74122621999993 ], [ 38.043331146000071, -0.740977882999971 ], [ 38.042218526000056, -0.741805711999973 ], [ 38.041408539000031, -0.742126196999948 ], [ 38.040244738000069, -0.741983750999964 ], [ 38.038845062000064, -0.742406606999964 ], [ 38.037862990000065, -0.742575724999938 ], [ 38.037536621000072, -0.743341251999937 ], [ 38.036521912000069, -0.743697304999955 ], [ 38.035767555000064, -0.74332790099993 ], [ 38.035704803000044, -0.742283737999969 ], [ 38.034516970000027, -0.742526769999927 ], [ 38.03347778300008, -0.742157339999949 ], [ 38.032536507000032, -0.742142870999942 ], [ 38.031414986000073, -0.741518645999975 ], [ 38.030420303000028, -0.741525306999961 ], [ 38.030754089000027, -0.742246329999944 ], [ 38.031358242000067, -0.74288392099993 ], [ 38.03041362700003, -0.743561565999926 ], [ 38.029899597000053, -0.74279379799998 ], [ 38.028778076000037, -0.742279722999967 ], [ 38.027772268000035, -0.742246369999975 ], [ 38.026988983000024, -0.742540090999967 ], [ 38.026081085000044, -0.742744842999969 ], [ 38.025046349000036, -0.742353200999958 ], [ 38.024014950000037, -0.741850789999944 ], [ 38.02301693000004, -0.742246329999944 ], [ 38.022467295000069, -0.742833852999979 ], [ 38.022215843000026, -0.74375852999998 ], [ 38.021390279000059, -0.743341246999933 ], [ 38.021043142000053, -0.742495576999943 ], [ 38.020166397000025, -0.742059409999968 ], [ 38.01916058900008, -0.742393234999952 ], [ 38.019605637000041, -0.743448078999961 ], [ 38.020416737000062, -0.744122385999958 ], [ 38.019612312000049, -0.744342684999935 ], [ 38.01847521500008, -0.744453956999962 ], [ 38.01675287900008, -0.744623094999952 ], [ 38.016955376000055, -0.745633422999958 ], [ 38.015960693000068, -0.746238767999955 ], [ 38.015026093000074, -0.746743909999964 ], [ 38.01393795000007, -0.746512472999939 ], [ 38.01345062300004, -0.745464279999965 ], [ 38.01219876600004, -0.745124250999936 ], [ 38.011009216000048, -0.745313087999932 ], [ 38.009892146000027, -0.745491782999977 ], [ 38.009505272000069, -0.744523852999976 ], [ 38.008850098000039, -0.74389845099995 ], [ 38.008195241000067, -0.743129034999924 ], [ 38.007240295000031, -0.743019878999974 ], [ 38.006736755000077, -0.743595639999967 ], [ 38.006134669000062, -0.744888662999927 ], [ 38.005975723000063, -0.745908736999979 ], [ 38.006496429000038, -0.746534168999972 ], [ 38.00698013300007, -0.747248947999935 ], [ 38.006259918000069, -0.747665881999978 ], [ 38.005176544000051, -0.747751511999979 ], [ 38.004480362000038, -0.748544454999944 ], [ 38.003936768000074, -0.749095409999939 ], [ 38.00286356600003, -0.74960675799997 ], [ 38.00185966500004, -0.750365942999963 ], [ 38.000734647000058, -0.749091599999929 ], [ 37.999670029000072, -0.748380571999974 ], [ 37.998737335000044, -0.74811793899994 ], [ 37.997747040000036, -0.747855281999932 ], [ 37.997031212000024, -0.748664631999929 ], [ 37.997101784000051, -0.749672293999936 ], [ 37.996447881000051, -0.750451186999953 ], [ 37.995492935000073, -0.750460117999978 ], [ 37.995002365000062, -0.751598620999971 ], [ 37.994018555000025, -0.751531600999954 ], [ 37.993188858000053, -0.751384257999973 ], [ 37.992050171000074, -0.751103013999966 ], [ 37.990898132000041, -0.751022636999949 ], [ 37.989861488000031, -0.751364200999944 ], [ 37.989089966000051, -0.752120911999953 ], [ 37.988849640000069, -0.752924501999928 ], [ 37.988193512000066, -0.753547295999965 ], [ 37.987875620000068, -0.754549582999971 ], [ 37.987764359000039, -0.755308538999941 ], [ 37.98718886000006, -0.756170778999945 ], [ 37.985614776000034, -0.755691110999976 ], [ 37.984815598000068, -0.755991130999973 ], [ 37.984186172000079, -0.756747394999934 ], [ 37.983044942000049, -0.757383544999925 ], [ 37.98217010500008, -0.757305561999942 ], [ 37.981233597000028, -0.756711378999967 ], [ 37.980422974000078, -0.756405263999966 ], [ 37.980369568000071, -0.755469023999979 ], [ 37.980747223000037, -0.754604756999925 ], [ 37.980926429000078, -0.753743296999971 ], [ 37.97986602800006, -0.754388689999928 ], [ 37.978929520000065, -0.754892795999979 ], [ 37.977626483000051, -0.754778782999949 ], [ 37.977884293000045, -0.753902524999944 ], [ 37.978441238000073, -0.753200351999965 ], [ 37.97860527000006, -0.752336084999968 ], [ 37.978227615000037, -0.751264765999963 ], [ 37.977435430000071, -0.750517526999943 ], [ 37.97721862800006, -0.751309781999964 ], [ 37.977109909000035, -0.752300043999981 ], [ 37.976075172000037, -0.752246036999964 ], [ 37.975418091000051, -0.751417785999934 ], [ 37.97476959200003, -0.750733583999931 ], [ 37.973482132000072, -0.750625550999928 ], [ 37.97367095900006, -0.751741885999934 ], [ 37.973622640000031, -0.752558131999933 ], [ 37.972807566000029, -0.753086288999953 ], [ 37.972356796000042, -0.75410059099994 ], [ 37.971889496000074, -0.754820793999954 ], [ 37.971005440000056, -0.754766791999941 ], [ 37.970428467000033, -0.753836521999972 ], [ 37.969277700000077, -0.754118620999975 ], [ 37.968215942000029, -0.753866523999932 ], [ 37.967136383000025, -0.754316657999937 ], [ 37.966739655000026, -0.755153879999966 ], [ 37.967189789000031, -0.756081222999967 ], [ 37.96844863900003, -0.756639360999941 ], [ 37.969178200000044, -0.757188528999961 ], [ 37.968278885000075, -0.757692679999934 ], [ 37.967011452000065, -0.758299484999952 ], [ 37.966144562000068, -0.75898009499997 ], [ 37.965351105000025, -0.759412168999972 ], [ 37.964344025000059, -0.759664236999924 ], [ 37.963336945000037, -0.759844302999966 ], [ 37.962507884000047, -0.760012348999965 ], [ 37.961463928000057, -0.75943019999994 ], [ 37.960707346000049, -0.759184121999965 ], [ 37.959880829000042, -0.758799910999926 ], [ 37.959375381000029, -0.757692649999967 ], [ 37.958618164000029, -0.756765394999945 ], [ 37.95767307300008, -0.756531312999925 ], [ 37.956926346000046, -0.757269530999963 ], [ 37.956242879000058, -0.757899721999934 ], [ 37.955324173000065, -0.758475928999928 ], [ 37.95438766500007, -0.75885397199994 ], [ 37.953800201000035, -0.758241821999945 ], [ 37.953182220000031, -0.757359563999955 ], [ 37.953109741000048, -0.756549298999971 ], [ 37.95269584700003, -0.755423977999953 ], [ 37.951398849000043, -0.755225911999958 ], [ 37.950463295000077, -0.754226624999944 ], [ 37.949544907000075, -0.752930223999954 ], [ 37.948787689000028, -0.752156018999926 ], [ 37.947978973000033, -0.751687883999978 ], [ 37.946906090000027, -0.751525848999961 ], [ 37.945484161000024, -0.751579835999962 ], [ 37.944142660000068, -0.751945952999961 ], [ 37.943262100000027, -0.752065985999934 ], [ 37.942774773000053, -0.751147731999936 ], [ 37.941820145000065, -0.750661581999964 ], [ 37.941171646000043, -0.751291751999929 ], [ 37.940181732000042, -0.751750885999968 ], [ 37.938837687000046, -0.751681883999936 ], [ 37.938037872000052, -0.751813888999948 ], [ 37.936966896000058, -0.751795917999971 ], [ 37.936183929000038, -0.750679581999975 ], [ 37.935752869000055, -0.749977349999938 ], [ 37.936992645000032, -0.749646007999957 ], [ 37.936527252000076, -0.748867332999964 ], [ 37.935787201000039, -0.748127519999969 ], [ 37.935334524000041, -0.746988375999933 ], [ 37.936126709000064, -0.746255203999965 ], [ 37.935478210000042, -0.745312709999951 ], [ 37.93460845900006, -0.745261787999937 ], [ 37.934814453000058, -0.744459375999952 ], [ 37.934247970000058, -0.74352700999998 ], [ 37.933887482000046, -0.742632925999942 ], [ 37.933872223000037, -0.741761743999973 ], [ 37.933483124000077, -0.740539013999978 ], [ 37.932178497000052, -0.73963725599998 ], [ 37.931213379000042, -0.739285706999965 ], [ 37.930221558000028, -0.73943853399993 ], [ 37.929164886000081, -0.739805399999966 ], [ 37.928249359000063, -0.739255159999971 ], [ 37.927427673000068, -0.738928079999937 ], [ 37.927235921000033, -0.740248620999978 ], [ 37.926239014000032, -0.740760638999973 ], [ 37.925804138000046, -0.741486578999968 ], [ 37.926658630000077, -0.743152617999954 ], [ 37.927270889000056, -0.744069605999925 ], [ 37.927316666000024, -0.744833826999979 ], [ 37.926940918000071, -0.745850204999954 ], [ 37.926536560000045, -0.747424452999951 ], [ 37.925605774000076, -0.747218131999944 ], [ 37.924917221000044, -0.74634696499993 ], [ 37.924182892000033, -0.74520827799995 ], [ 37.922976812000059, -0.744940806999978 ], [ 37.921569824000073, -0.744787990999953 ], [ 37.920684814000026, -0.745307594999929 ], [ 37.919712067000034, -0.74529997999997 ], [ 37.918804169000055, -0.745705008999948 ], [ 37.917871475000027, -0.746025979999956 ], [ 37.916893005000077, -0.745475768999938 ], [ 37.916282654000042, -0.744986652999955 ], [ 37.91519037900008, -0.743988135999928 ], [ 37.914295197000058, -0.74333599199997 ], [ 37.913225174000047, -0.742915674999949 ], [ 37.912353516000053, -0.742327242999977 ], [ 37.912013524000031, -0.741552727999931 ], [ 37.912545522000073, -0.74082304999996 ], [ 37.913187663000031, -0.739948133999974 ], [ 37.91372935000004, -0.739004571999942 ], [ 37.913857778000079, -0.737983802999963 ], [ 37.913433075000057, -0.737276135999934 ], [ 37.912763596000048, -0.736375480999925 ], [ 37.912789345000078, -0.735326855999972 ], [ 37.913444519000052, -0.734329640999931 ], [ 37.913831711000057, -0.733647732999941 ], [ 37.914159139000049, -0.732680757999958 ], [ 37.914596558000028, -0.73172447099995 ], [ 37.915346146000047, -0.730191557999945 ], [ 37.915705363000029, -0.729410766999933 ], [ 37.915917397000044, -0.72821083599996 ], [ 37.915405274000079, -0.727048187999969 ], [ 37.914603233000037, -0.72598035599998 ], [ 37.913967133000028, -0.725024461999965 ], [ 37.913738251000041, -0.724154650999935 ], [ 37.913751602000048, -0.722742318999963 ], [ 37.913707733000024, -0.721596895999937 ], [ 37.913639069000055, -0.720649599999945 ], [ 37.913604736000025, -0.719857394999963 ], [ 37.913501740000072, -0.718858360999945 ], [ 37.913364410000042, -0.717807709999931 ], [ 37.913192749000075, -0.716998159999946 ], [ 37.91302108800005, -0.71562027899995 ], [ 37.912803650000058, -0.714388786999962 ], [ 37.912554741000065, -0.713062538999964 ], [ 37.912252427000055, -0.711529611999936 ], [ 37.912137986000062, -0.710467496999968 ], [ 37.912166596000077, -0.709307789999968 ], [ 37.911960602000079, -0.708369135999931 ], [ 37.911666870000033, -0.707662909999954 ], [ 37.910896301000037, -0.707100311999966 ], [ 37.909996033000027, -0.707529410999939 ], [ 37.909566879000067, -0.708394943999963 ], [ 37.909214020000036, -0.70932501599998 ], [ 37.908678055000053, -0.710013955999955 ], [ 37.908184052000024, -0.71094401199997 ], [ 37.907231649000039, -0.71115932899994 ], [ 37.906518936000055, -0.710263698999938 ], [ 37.905750275000059, -0.709428339999931 ], [ 37.904775620000066, -0.709046551999961 ], [ 37.903770447000056, -0.709359436999932 ], [ 37.902994156000034, -0.709600597999952 ], [ 37.901896477000037, -0.709802939999975 ], [ 37.900465012000041, -0.709711099999936 ], [ 37.899593354000046, -0.708786769999961 ], [ 37.899284363000049, -0.707473426999968 ], [ 37.899103165000042, -0.706302254999969 ], [ 37.898998261000031, -0.705518542999926 ], [ 37.898750305000078, -0.704665987999931 ], [ 37.898620605000076, -0.703908085999956 ], [ 37.899077416000068, -0.702982350999946 ], [ 37.89945220900006, -0.70224891099997 ], [ 37.899675370000068, -0.701294436999945 ], [ 37.899696350000056, -0.700170575999948 ], [ 37.899801254000067, -0.699326604999953 ], [ 37.90017032600008, -0.698185547999969 ], [ 37.900601705000042, -0.697150686999976 ], [ 37.900769234000052, -0.695825889999981 ], [ 37.90103085800007, -0.694389153999964 ], [ 37.901540757000078, -0.693255245999978 ], [ 37.902018229000078, -0.692069669999967 ], [ 37.90237045300006, -0.690942942999925 ], [ 37.902528763000078, -0.689440160999936 ], [ 37.902737935000061, -0.688378055999976 ], [ 37.903274536000026, -0.687591591999933 ], [ 37.903724671000077, -0.686500667999951 ], [ 37.90383625100003, -0.685508869999978 ], [ 37.902625084000078, -0.684962048999978 ], [ 37.901213836000068, -0.684579646999964 ], [ 37.899990082000045, -0.684419482999942 ], [ 37.898895264000032, -0.684514164999939 ], [ 37.897949219000054, -0.684428055999945 ], [ 37.897080994000078, -0.683845912999971 ], [ 37.896579742000029, -0.683058827999957 ], [ 37.896045685000047, -0.682455986999969 ], [ 37.895339012000079, -0.681758388999924 ], [ 37.894957225000041, -0.680469492999976 ], [ 37.895510356000045, -0.679163336999977 ], [ 37.895692825000026, -0.678115575999925 ], [ 37.895910899000057, -0.677314658999933 ], [ 37.895966848000057, -0.67619310799995 ], [ 37.895215353000026, -0.675150215999963 ], [ 37.895231247000027, -0.674016326999947 ], [ 37.895617167000069, -0.672773340999925 ], [ 37.896097184000041, -0.671983896999961 ], [ 37.896572113000047, -0.671217441999943 ], [ 37.897037506000061, -0.670494049999945 ], [ 37.897098541000048, -0.669629430999976 ], [ 37.896278382000048, -0.668814747999932 ], [ 37.895494461000055, -0.668362602999935 ], [ 37.895205180000062, -0.667611936999947 ], [ 37.894954205000033, -0.666534751999961 ], [ 37.89466857900004, -0.665111630999945 ], [ 37.894470215000069, -0.663483976999942 ], [ 37.894245148000039, -0.661864935999972 ], [ 37.894126892000031, -0.661072670999943 ], [ 37.893867493000073, -0.660004793999974 ], [ 37.893548966000026, -0.658566623999945 ], [ 37.893230439000035, -0.657102584999961 ], [ 37.892887497000061, -0.655901902999972 ], [ 37.892902374000073, -0.65482908499996 ], [ 37.892868042000032, -0.65402817699993 ], [ 37.892868042000032, -0.653149723999945 ], [ 37.892807007000044, -0.652348845999938 ], [ 37.893044472000042, -0.651212080999926 ], [ 37.893255234000037, -0.649898766999968 ], [ 37.893245697000054, -0.64858543899993 ], [ 37.893245697000054, -0.647328137999978 ], [ 37.893299103000061, -0.646363615999974 ], [ 37.89375, -0.645361178999963 ], [ 37.894797007000079, -0.645020126999952 ], [ 37.895744324000077, -0.644675671999948 ], [ 37.896915436000029, -0.644348411999943 ], [ 37.897741318000044, -0.64398670199995 ], [ 37.898576737000042, -0.643590568999969 ], [ 37.899456024000074, -0.643177210999966 ], [ 37.900485993000075, -0.642918824999924 ], [ 37.901256561000025, -0.64266049899993 ], [ 37.902006785000026, -0.64227582999996 ], [ 37.902925491000076, -0.641584038999952 ], [ 37.903778076000037, -0.641032843999938 ], [ 37.90476989800004, -0.640464454999972 ], [ 37.906137467000065, -0.639809965999973 ], [ 37.907404581000037, -0.638986090999936 ], [ 37.907922109000026, -0.638314365999975 ], [ 37.908722878000049, -0.637394323999956 ], [ 37.909523010000044, -0.636557538999966 ], [ 37.910229683000068, -0.635986297999978 ], [ 37.910953522000057, -0.635366260999945 ], [ 37.911873818000061, -0.634604080999964 ], [ 37.913238525000054, -0.633793124999954 ], [ 37.914028168000073, -0.633084087999976 ], [ 37.914905549000025, -0.632455407999942 ], [ 37.916033427000059, -0.63171191999993 ], [ 37.916904450000061, -0.63097417299997 ], [ 37.917568207000045, -0.630242168999928 ], [ 37.918205261000026, -0.62981158499997 ], [ 37.918788910000046, -0.629312097999957 ], [ 37.91958999600007, -0.62859728899997 ], [ 37.920459748000042, -0.627736105999929 ], [ 37.92127100600004, -0.626630921999947 ], [ 37.922075272000029, -0.625725219999936 ], [ 37.92260170000003, -0.624446391999925 ], [ 37.921604157000047, -0.623395739999978 ], [ 37.920579910000072, -0.622584342999971 ], [ 37.919778824000048, -0.622146993999934 ], [ 37.919065475000025, -0.621458052999969 ], [ 37.917945862000067, -0.620183526999938 ], [ 37.916809082000043, -0.618960618999949 ], [ 37.916137695000032, -0.618099420999954 ], [ 37.915295283000034, -0.616916715999935 ], [ 37.914413452000076, -0.615791498999954 ], [ 37.913845062000064, -0.615068017999931 ], [ 37.913276672000052, -0.614258527999937 ], [ 37.912683487000038, -0.613561003999962 ], [ 37.911918640000067, -0.612742840999942 ], [ 37.911296844000049, -0.612157284999967 ], [ 37.910633087000065, -0.611356317999935 ], [ 37.909488678000059, -0.609952568999972 ], [ 37.908575058000054, -0.609082787999967 ], [ 37.907955170000037, -0.608402430999945 ], [ 37.907203674000073, -0.607690572999957 ], [ 37.906509399000072, -0.606892505999951 ], [ 37.905872345000034, -0.60632699699994 ], [ 37.90520858800005, -0.605655252999952 ], [ 37.904424668000047, -0.604901730999927 ], [ 37.903573036000068, -0.603945806999945 ], [ 37.902836800000046, -0.602676981999934 ], [ 37.901750565000043, -0.601792856999964 ], [ 37.901088714000025, -0.600950300999955 ], [ 37.901123047000056, -0.599980025999969 ], [ 37.901887258000045, -0.599285343999952 ], [ 37.902268410000033, -0.598455741999942 ], [ 37.902138710000031, -0.597486897999943 ], [ 37.901185989000055, -0.596621408999965 ], [ 37.900367737000067, -0.595811902999969 ], [ 37.899551392000035, -0.59516599799997 ], [ 37.898715973000037, -0.594718216999979 ], [ 37.897958756000037, -0.594339280999975 ], [ 37.89717229200005, -0.593968967999956 ], [ 37.896358490000068, -0.59351539599993 ], [ 37.895631790000039, -0.593124984999974 ], [ 37.894771576000039, -0.592591046999928 ], [ 37.894090653000035, -0.592169075999948 ], [ 37.893597921000037, -0.591511706999938 ], [ 37.893013001000043, -0.590817003999973 ], [ 37.89231681800004, -0.590024738999944 ], [ 37.891420365000045, -0.589232384999946 ], [ 37.890663147000055, -0.588612377999937 ], [ 37.889741898000068, -0.58794063299996 ], [ 37.888217926000038, -0.58692449299997 ], [ 37.887443543000074, -0.58626994499997 ], [ 37.886821747000056, -0.58568435899997 ], [ 37.886219025000059, -0.585115909999956 ], [ 37.88532447800003, -0.584418355999958 ], [ 37.884273529000041, -0.583656235999968 ], [ 37.883242925000047, -0.582787880999945 ], [ 37.883031846000051, -0.581671207999932 ], [ 37.883239746000072, -0.580723940999974 ], [ 37.883506775000058, -0.579888462999975 ], [ 37.883778890000031, -0.578949848999969 ], [ 37.884038290000035, -0.577916462999951 ], [ 37.88418579100005, -0.577072471999941 ], [ 37.884497325000041, -0.576211253999929 ], [ 37.884845734000066, -0.575220897999941 ], [ 37.885138512000026, -0.573860227999944 ], [ 37.885369619000073, -0.572691877999944 ], [ 37.885749817000033, -0.571384310999974 ], [ 37.886026383000058, -0.569933190999961 ], [ 37.886180878000062, -0.568559630999971 ], [ 37.886436463000052, -0.567587871999933 ], [ 37.886520386000029, -0.566738217999955 ], [ 37.886706034000042, -0.565929948999951 ], [ 37.886890411000024, -0.565044223999962 ], [ 37.887020111000027, -0.563961355999936 ], [ 37.887203217000035, -0.563131570999928 ], [ 37.887512207000043, -0.562006442999973 ], [ 37.887722016000055, -0.560895382999945 ], [ 37.887770653000075, -0.559594481999966 ], [ 37.887706757000046, -0.558602988999951 ], [ 37.88758277900007, -0.557646601999977 ], [ 37.887526194000031, -0.556371499999955 ], [ 37.887922923000076, -0.555415152999956 ], [ 37.887735367000062, -0.554411917999971 ], [ 37.887524605000067, -0.55346260999994 ], [ 37.887088776000041, -0.552377362999948 ], [ 37.886709213000074, -0.551064699999927 ], [ 37.88649749800004, -0.550052105999953 ], [ 37.886146546000077, -0.549180149999927 ], [ 37.885906219000049, -0.548392533999959 ], [ 37.885738373000038, -0.547436177999941 ], [ 37.885570527000027, -0.54640960699993 ], [ 37.885374069000079, -0.545593886999939 ], [ 37.885078430000078, -0.544848471999956 ], [ 37.884500504000073, -0.543892144999973 ], [ 37.883731842000032, -0.542720158999941 ], [ 37.883138657000075, -0.541951327999925 ], [ 37.882553101000042, -0.540980919999924 ], [ 37.882461548000038, -0.539968311999928 ], [ 37.882826805000036, -0.538983836999932 ], [ 37.882856369000081, -0.537985294999942 ], [ 37.882491112000025, -0.537014886999941 ], [ 37.882179261000033, -0.536002277999955 ], [ 37.882349014000056, -0.535074069999951 ], [ 37.882997513000078, -0.533780186999934 ], [ 37.883502960000044, -0.532697259999964 ], [ 37.883910179000054, -0.531396343999972 ], [ 37.884136200000057, -0.530278264999936 ], [ 37.884361267000031, -0.529546975999949 ], [ 37.884557724000047, -0.528660922999961 ], [ 37.884992600000032, -0.527817099999936 ], [ 37.885402679000038, -0.527071713999931 ], [ 37.885879517000035, -0.525890349999941 ], [ 37.886384964000058, -0.524786307999932 ], [ 37.886976243000049, -0.523893266999949 ], [ 37.887397766000049, -0.523246407999977 ], [ 37.887975693000044, -0.522304027999951 ], [ 37.888505936000058, -0.520922108999969 ], [ 37.889030457000047, -0.519308447999947 ], [ 37.889652252000076, -0.517968296999925 ], [ 37.890357971000071, -0.516597389999959 ], [ 37.891155243000071, -0.515264182999942 ], [ 37.891590118000067, -0.514091848999954 ], [ 37.891990662000069, -0.513170181999953 ], [ 37.892179490000046, -0.512012004999974 ], [ 37.892227173000038, -0.510664730999963 ], [ 37.892818451000039, -0.509742915999936 ], [ 37.893573761000027, -0.509175717999938 ], [ 37.895133972000053, -0.507970242999932 ], [ 37.895748138000044, -0.506717502999948 ], [ 37.896125793000067, -0.505772053999976 ], [ 37.896505356000034, -0.504732041999944 ], [ 37.897001267000064, -0.503928392999967 ], [ 37.89749908400006, -0.503313898999977 ], [ 37.897827148000033, -0.502557515999968 ], [ 37.899028779000048, -0.499588041999971 ], [ 37.899692535000042, -0.498277753999957 ], [ 37.900211334000062, -0.49721392999993 ], [ 37.900676727000075, -0.496124177999945 ], [ 37.901039124000079, -0.495190113999968 ], [ 37.901544571000045, -0.494256093999979 ], [ 37.901908875000061, -0.493322 ], [ 37.902389527000025, -0.492387934999954 ], [ 37.902969360000043, -0.491453905999947 ], [ 37.90337562600007, -0.490662499999928 ], [ 37.903712273000053, -0.489585742999964 ], [ 37.904048920000037, -0.488560869999958 ], [ 37.904502869000055, -0.487380309999935 ], [ 37.905086517000029, -0.486368447999951 ], [ 37.905605316000049, -0.485538124999948 ], [ 37.906307221000077, -0.483974277999948 ], [ 37.906759262000037, -0.483046933999958 ], [ 37.907247544000029, -0.481899335999969 ], [ 37.907793045000062, -0.480531527999972 ], [ 37.908256531000063, -0.479708551999977 ], [ 37.908555985000078, -0.478769629999931 ], [ 37.909130096000069, -0.477691582999967 ], [ 37.909807841000031, -0.476501523999957 ], [ 37.910480499000073, -0.475164621999966 ], [ 37.910806656000034, -0.474411159999931 ], [ 37.911354065000069, -0.473325400999954 ], [ 37.911629677000064, -0.47225317799996 ], [ 37.912236214000075, -0.47113070599994 ], [ 37.912683487000038, -0.47011067699998 ], [ 37.913078308000024, -0.468939899999953 ], [ 37.913267136000059, -0.46797778499996 ], [ 37.913408279000066, -0.466691106999974 ], [ 37.913837433000026, -0.465578309999955 ], [ 37.914468766000027, -0.464929192999932 ], [ 37.915185928000028, -0.464175715999943 ], [ 37.91590627000005, -0.463310231999969 ], [ 37.916515350000054, -0.462846566999929 ], [ 37.917505900000037, -0.462398329999928 ], [ 37.918409348000068, -0.46166033999998 ], [ 37.919088999000053, -0.460806433999949 ], [ 37.919799805000025, -0.459886818999962 ], [ 37.920403481000051, -0.459063827999955 ], [ 37.92093658400006, -0.458194434999939 ], [ 37.921644211000057, -0.457162811999979 ], [ 37.922328949000075, -0.456247001999941 ], [ 37.923183441000049, -0.455226927999945 ], [ 37.924018860000047, -0.454392373999951 ], [ 37.92446136500007, -0.453720062999935 ], [ 37.925319672000057, -0.452491312999939 ], [ 37.925849915000072, -0.451865374999954 ], [ 37.92652511600005, -0.451262622999934 ], [ 37.92711448700004, -0.45064827799996 ], [ 37.92784977000008, -0.449784672999954 ], [ 37.928671519000034, -0.448671889999957 ], [ 37.929383596000037, -0.44748373799996 ], [ 37.929803848000063, -0.446579559999975 ], [ 37.930221558000028, -0.445895685999972 ], [ 37.930721283000025, -0.445258140999954 ], [ 37.931159973000035, -0.44434240399994 ], [ 37.931602478000059, -0.443333923999944 ], [ 37.931910197000036, -0.442530253999962 ], [ 37.932261467000046, -0.441496677999965 ], [ 37.932876587000067, -0.440691053999956 ], [ 37.933420182000077, -0.439792684999929 ], [ 37.933977127000048, -0.43849445099994 ], [ 37.934452057000044, -0.437422185999935 ], [ 37.935031891000051, -0.435729801999969 ], [ 37.935534159000042, -0.43460156499998 ], [ 37.935634613000047, -0.43365490399998 ], [ 37.935859680000078, -0.432515044999946 ], [ 37.935464223000054, -0.431665002999978 ], [ 37.934858323000071, -0.431162728999936 ], [ 37.93455251000006, -0.430359015999954 ], [ 37.934858322000025, -0.429377600999942 ], [ 37.935479482000062, -0.428535272999966 ], [ 37.93617391600003, -0.427696465999929 ], [ 37.937621253000032, -0.427441570999974 ], [ 37.938587189000032, -0.426760712999965 ], [ 37.939235687000064, -0.425705939999943 ], [ 37.940258344000029, -0.425170239999943 ], [ 37.941467285000044, -0.425814210999931 ], [ 37.942707062000068, -0.426589816999979 ], [ 37.943969727000024, -0.427031754999973 ], [ 37.945315043000051, -0.427467604999947 ], [ 37.946371396000075, -0.426627652999969 ], [ 37.946880341000053, -0.425616591999926 ], [ 37.947394689000078, -0.42476179199997 ], [ 37.949272156000063, -0.425011515999927 ], [ 37.950149536000026, -0.425480335999964 ], [ 37.951891899000032, -0.425789042999952 ], [ 37.953311920000033, -0.424506514999962 ], [ 37.953884125000059, -0.423763960999963 ], [ 37.954433442000038, -0.423047631999964 ], [ 37.955231094000055, -0.422081365999929 ], [ 37.956115723000039, -0.42122861699994 ], [ 37.956861496000045, -0.42030239099995 ], [ 37.957771301000037, -0.419458358999975 ], [ 37.958643595000069, -0.419311413999935 ], [ 37.95940971400006, -0.41866657099996 ], [ 37.959917069000028, -0.41796444299996 ], [ 37.960321427000054, -0.417053162999935 ], [ 37.960455895000052, -0.415632925999944 ], [ 37.960699717000068, -0.414331266999966 ], [ 37.961246490000065, -0.413333246999969 ], [ 37.961869558000046, -0.412649164999948 ], [ 37.962785721000046, -0.412429510999971 ], [ 37.963718414000027, -0.412369787999978 ], [ 37.964656830000024, -0.412070996999944 ], [ 37.965183258000025, -0.410651891999976 ], [ 37.965405782000062, -0.409728407999978 ], [ 37.96553993200007, -0.408874406999928 ], [ 37.965766907000045, -0.407559424999931 ], [ 37.965732575000061, -0.406342587999973 ], [ 37.965077718000032, -0.404853701999969 ], [ 37.964682579000055, -0.403727553999943 ], [ 37.964668274000076, -0.402248605999944 ], [ 37.964809418000073, -0.401060938999933 ], [ 37.965057373000036, -0.400302871999941 ], [ 37.965744019000056, -0.399835988999939 ], [ 37.966560364000031, -0.39945539799993 ], [ 37.967378616000076, -0.399298145999978 ], [ 37.96827621500006, -0.398862963999932 ], [ 37.96913655600008, -0.398216182999931 ], [ 37.969849904000057, -0.397460658999933 ], [ 37.970029195000052, -0.396554360999971 ], [ 37.969584656000052, -0.395729910999933 ], [ 37.969131470000036, -0.394874304999973 ], [ 37.968958537000049, -0.393920113999968 ], [ 37.969013214000029, -0.393061361999969 ], [ 37.969317754000031, -0.392055764999952 ], [ 37.969376246000024, -0.390824173999931 ], [ 37.969268799000076, -0.389460816999929 ], [ 37.969291687000066, -0.38843750999996 ], [ 37.969367981000062, -0.38725461599995 ], [ 37.969478607000042, -0.386286272999939 ], [ 37.969486237000069, -0.38527789699998 ], [ 37.969470978000061, -0.384426369999971 ], [ 37.96970176700006, -0.383612214999971 ], [ 37.969982147000053, -0.382361053999944 ], [ 37.970352173000038, -0.381023004999975 ], [ 37.971591950000061, -0.380053519999933 ], [ 37.972861608000073, -0.379292536999969 ], [ 37.973736763000034, -0.378572448999932 ], [ 37.974295298000072, -0.377735648999931 ], [ 37.974369049000074, -0.376680552999971 ], [ 37.974339803000078, -0.37580946099996 ], [ 37.974227905000077, -0.374812463999945 ], [ 37.974096934000045, -0.374041268999974 ], [ 37.973910014000069, -0.373134831999948 ], [ 37.973682403000055, -0.37232824199998 ], [ 37.97360801700006, -0.371393262999959 ], [ 37.973556519000056, -0.370368762999931 ], [ 37.973548889000028, -0.36924087999995 ], [ 37.973287582000069, -0.368188343999975 ], [ 37.972188950000032, -0.367515324999943 ], [ 37.971036911000056, -0.366895727999974 ], [ 37.969699860000048, -0.36611230699998 ], [ 37.969013214000029, -0.365691854999966 ], [ 37.968183518000046, -0.365060291999953 ], [ 37.967666626000039, -0.364385703999972 ], [ 37.967718125000033, -0.363473176999946 ], [ 37.968341828000064, -0.362706621999962 ], [ 37.969095866000032, -0.361788123999929 ], [ 37.969680786000026, -0.361278384999935 ], [ 37.970502854000074, -0.36065840699996 ], [ 37.971458435000045, -0.359754591999945 ], [ 37.972318650000034, -0.358792669999957 ], [ 37.973144531000059, -0.357961907999936 ], [ 37.973887126000079, -0.357494939999924 ], [ 37.974875132000079, -0.356941202999963 ], [ 37.975654602000077, -0.35652771599996 ], [ 37.976572672000032, -0.35622899699996 ], [ 37.977340698000035, -0.355828433999932 ], [ 37.97817535400003, -0.354879730999926 ], [ 37.978155136000055, -0.353857680999965 ], [ 37.977613449000046, -0.353131085999962 ], [ 37.97666072800007, -0.351777180999932 ], [ 37.975838979000059, -0.350761472999977 ], [ 37.975028992000034, -0.34984260799996 ], [ 37.974163055000076, -0.348968624999941 ], [ 37.973298391000071, -0.348096489999932 ], [ 37.972336451000047, -0.347028955999974 ], [ 37.971689224000045, -0.346107824999933 ], [ 37.971488953000062, -0.345286189999968 ], [ 37.971553803000063, -0.344157479999978 ], [ 37.971832275000054, -0.343097626999963 ], [ 37.972092946000032, -0.342303901999969 ], [ 37.972511292000036, -0.34161865699997 ], [ 37.973072052000077, -0.341021090999959 ], [ 37.973609925000062, -0.340177043999972 ], [ 37.97424570700008, -0.339161028999968 ], [ 37.975009918000069, -0.338008015999947 ], [ 37.975618363000081, -0.336875512999939 ], [ 37.976209641000025, -0.335892497999964 ], [ 37.977064768000048, -0.334358155999951 ], [ 37.977678299000047, -0.332976176999978 ], [ 37.97825431900003, -0.332042767999951 ], [ 37.978567124000051, -0.33121362299994 ], [ 37.978761673000065, -0.330377056999964 ], [ 37.97889963800003, -0.329618781999955 ], [ 37.97917175300006, -0.32871698799994 ], [ 37.979424477000066, -0.327821232999952 ], [ 37.979734421000046, -0.326941072999944 ], [ 37.980162303000043, -0.326191643999948 ], [ 37.980869293000069, -0.325551747999953 ], [ 37.981711388000065, -0.325130916999967 ], [ 37.982648850000032, -0.324918716999946 ], [ 37.983517965000033, -0.324902176999956 ], [ 37.984409333000031, -0.324834673999931 ], [ 37.98521614100008, -0.324614255999961 ], [ 37.98582108800008, -0.323585929999979 ], [ 37.986061096000071, -0.32244443899998 ], [ 37.986240387000066, -0.321107401999939 ], [ 37.986225128000058, -0.319897338999965 ], [ 37.986082077000049, -0.319145335999963 ], [ 37.985783577000063, -0.318325042999959 ], [ 37.985294342000032, -0.317478477999941 ], [ 37.984872818000042, -0.316816836999976 ], [ 37.984127045000037, -0.31614017499993 ], [ 37.983348846000069, -0.31568455699994 ], [ 37.982509613000047, -0.31516675599994 ], [ 37.98158073500008, -0.314651287999936 ], [ 37.980110741000033, -0.31347304999997 ], [ 37.979480743000067, -0.312293419999946 ], [ 37.97953891800006, -0.310942030999968 ], [ 37.980033874000071, -0.309895723999944 ], [ 37.980761210000026, -0.308991362999961 ], [ 37.981561661000057, -0.308244462999937 ], [ 37.982095083000047, -0.307277857999964 ], [ 37.982332230000054, -0.306331313999976 ], [ 37.982578278000062, -0.304958968999927 ], [ 37.982846832000064, -0.303515308999977 ], [ 37.983079910000072, -0.302253536999956 ], [ 37.98330764800005, -0.300932418999935 ], [ 37.983589172000052, -0.300103157999956 ], [ 37.983911133000049, -0.299087315999941 ], [ 37.984439850000058, -0.298096348999934 ], [ 37.985036850000029, -0.297099529999969 ], [ 37.985459646000038, -0.296306768999955 ], [ 37.986151695000046, -0.295066475999931 ], [ 37.986622493000027, -0.294259994999948 ], [ 37.98717625900008, -0.293186246999937 ], [ 37.987930298000038, -0.292115121999927 ], [ 37.988410950000059, -0.29142550399996 ], [ 37.989159584000049, -0.290453060999937 ], [ 37.989967346000071, -0.289556234999964 ], [ 37.990722657000049, -0.288861556999962 ], [ 37.99156761200004, -0.288016888999948 ], [ 37.992253622000078, -0.286962965999976 ], [ 37.992701213000032, -0.285803074999933 ], [ 37.992874146000077, -0.284182324999961 ], [ 37.992871602000037, -0.283028929999944 ], [ 37.992923737000069, -0.281518995999932 ], [ 37.992975235000074, -0.280520036999974 ], [ 37.993045807000044, -0.279293119999977 ], [ 37.993078232000073, -0.278431206999926 ], [ 37.993133545000035, -0.277097105999928 ], [ 37.993087769000056, -0.276230632999955 ], [ 37.99306030300005, -0.275191151999934 ], [ 37.99346605900007, -0.273847504999935 ], [ 37.994022369000049, -0.272585510999932 ], [ 37.994573593000041, -0.271634056999972 ], [ 37.995100022000031, -0.270742877999965 ], [ 37.995454152000036, -0.269816249999963 ], [ 37.996163368000055, -0.268302325999969 ], [ 37.997026444000028, -0.267087950999951 ], [ 37.997758230000045, -0.266302038999925 ], [ 37.998448372000041, -0.265728383999942 ], [ 37.999121857000034, -0.264728456999933 ], [ 37.99994201700008, -0.26409522299997 ], [ 38.001154900000074, -0.264537736999955 ], [ 38.002507845000025, -0.264846103999957 ], [ 38.003726959000062, -0.265157430999977 ], [ 38.004543305000027, -0.265269070999977 ], [ 38.005401612000071, -0.265313654999943 ], [ 38.006214142000033, -0.265317459999949 ], [ 38.007198334000066, -0.265570304999926 ], [ 38.008363724000048, -0.26582801099994 ], [ 38.009382884000047, -0.266054053999937 ], [ 38.010281881000026, -0.265979199999947 ], [ 38.011096955000028, -0.266261413999928 ], [ 38.012038231000076, -0.266680381999947 ], [ 38.013372421000042, -0.26684880199997 ], [ 38.014869690000069, -0.266857474999938 ], [ 38.016242981000062, -0.266797035999957 ], [ 38.017070770000032, -0.266814290999946 ], [ 38.018220902000053, -0.266805677999969 ], [ 38.019334158000049, -0.266883362999977 ], [ 38.020084381000061, -0.267047508999951 ], [ 38.021005948000038, -0.267344153999943 ], [ 38.021977425000046, -0.268006294999964 ], [ 38.022616228000061, -0.267076351999947 ], [ 38.02381420100005, -0.266759586999967 ], [ 38.025114060000078, -0.267324 ], [ 38.02605438300003, -0.267704113999969 ], [ 38.027196884000034, -0.268101497999965 ], [ 38.027989706000028, -0.268639961999952 ], [ 38.028935751000063, -0.269642094999938 ], [ 38.02943420500003, -0.270347624999943 ], [ 38.029891968000072, -0.271099238999966 ], [ 38.030374527000049, -0.27189397799998 ], [ 38.031180064000068, -0.272662847999925 ], [ 38.032534281000039, -0.273310769999966 ], [ 38.033483506000039, -0.273449002999939 ], [ 38.034282684000061, -0.273500799999965 ], [ 38.035444260000077, -0.273492164999936 ], [ 38.036710103000075, -0.273679375999961 ], [ 38.037570954000046, -0.273863657999925 ], [ 38.038341523000042, -0.274183287999961 ], [ 38.03936004600007, -0.274572103999958 ], [ 38.040189743000042, -0.274770750999949 ], [ 38.041259766000053, -0.275021269999968 ], [ 38.042606354000043, -0.275289057999942 ], [ 38.043472290000068, -0.275418608999928 ], [ 38.044343949000051, -0.275686472999951 ], [ 38.045391083000027, -0.276014744999941 ], [ 38.046571096000037, -0.276184637999961 ], [ 38.047556877000034, -0.27601909599997 ], [ 38.048845292000067, -0.275781466999945 ], [ 38.049884796000072, -0.275712370999941 ], [ 38.050737381000033, -0.275712370999941 ], [ 38.051799774000074, -0.27572099799994 ], [ 38.052688599000078, -0.275764211999956 ], [ 38.053718567000033, -0.275919705999968 ], [ 38.054668427000024, -0.276032029999953 ], [ 38.055686951000041, -0.275971560999949 ], [ 38.056447347000073, -0.275862116999974 ], [ 38.05733680700007, -0.275591432999931 ], [ 38.058210373000065, -0.27541004099993 ], [ 38.059020996000072, -0.275254501999939 ], [ 38.060241700000063, -0.275095611999973 ], [ 38.061647415000039, -0.274926214999937 ], [ 38.062658310000074, -0.274718969999924 ], [ 38.06359481800007, -0.274606595999956 ], [ 38.064603806000036, -0.274641140999961 ], [ 38.065439225000034, -0.274667038999951 ], [ 38.066469193000046, -0.274701624999977 ], [ 38.067729950000057, -0.274896024999975 ], [ 38.068765640000038, -0.27490897399997 ], [ 38.069946925000067, -0.274805311999955 ], [ 38.071065267000051, -0.274560530999963 ], [ 38.071803093000028, -0.273958667999977 ], [ 38.072542191000025, -0.273621767999941 ], [ 38.073432922000052, -0.273682205999933 ], [ 38.074207306000062, -0.273777245999952 ], [ 38.075031281000065, -0.273941411999942 ], [ 38.075935364000031, -0.274191945999974 ], [ 38.076948166000079, -0.274425192999956 ], [ 38.077835083000025, -0.274554758999955 ], [ 38.078681946000074, -0.274693011999943 ], [ 38.079643249000071, -0.274865790999968 ], [ 38.08065414400005, -0.274986713999965 ], [ 38.081799825000076, -0.274946410999974 ], [ 38.082969666000054, -0.274857117999943 ], [ 38.084367752000048, -0.274822592999953 ], [ 38.085300446000076, -0.274744808999969 ], [ 38.086217881000039, -0.274658441999975 ], [ 38.087341309000067, -0.274589329999969 ], [ 38.088291168000069, -0.274554758999955 ], [ 38.08919334400008, -0.274501874999942 ], [ 38.090129853000064, -0.274554758999955 ], [ 38.090881348000039, -0.274727552999934 ], [ 38.091581345000066, -0.275271817999965 ], [ 38.092464447000054, -0.275824695999972 ], [ 38.093507767000062, -0.27624799299997 ], [ 38.09429550200008, -0.276325701999951 ], [ 38.095672608000029, -0.276718847999973 ], [ 38.096721649000074, -0.277215539999929 ], [ 38.097778320000032, -0.27775117799996 ], [ 38.099115372000028, -0.278373151999972 ], [ 38.100601196000071, -0.278917430999968 ], [ 38.10150909500004, -0.279306202999976 ], [ 38.102371216000051, -0.27972946999995 ], [ 38.103456879000078, -0.279914331999976 ], [ 38.10428365100006, -0.279300410999952 ], [ 38.104522705000079, -0.278113975999929 ], [ 38.104875565000043, -0.276913195999953 ], [ 38.105845133000059, -0.276011724999933 ], [ 38.106742859000065, -0.276006102999929 ], [ 38.10831642200003, -0.276256605999947 ], [ 38.109724045000064, -0.276360287999978 ], [ 38.111087800000064, -0.276576309999939 ], [ 38.112117767000029, -0.276749073999952 ], [ 38.113101959000062, -0.277025520999928 ], [ 38.114084244000026, -0.277042730999938 ], [ 38.114967346000071, -0.276498525999955 ], [ 38.115310669000053, -0.275660529999925 ], [ 38.115417481000065, -0.274805321999963 ], [ 38.11593914000008, -0.273967310999979 ], [ 38.117173513000068, -0.273204246999967 ], [ 38.118171692000033, -0.272464155999955 ], [ 38.119182587000068, -0.271738439999979 ], [ 38.119865418000074, -0.271289243999945 ], [ 38.12070465100004, -0.270840018999934 ], [ 38.121637345000067, -0.270347609999931 ], [ 38.122543335000046, -0.269820659999937 ], [ 38.123329163000051, -0.269336878999979 ], [ 38.124073029000044, -0.268818526999951 ], [ 38.125091553000061, -0.268162011999948 ], [ 38.125890732000073, -0.267466522999939 ], [ 38.126405716000079, -0.266330524999944 ], [ 38.12713050800005, -0.264490409999951 ], [ 38.127595902000053, -0.263306900999964 ], [ 38.128158570000039, -0.262365251999938 ], [ 38.128953934000037, -0.261484100999951 ], [ 38.129590989000064, -0.260853438999959 ], [ 38.130136490000041, -0.260257347999925 ], [ 38.130949021000049, -0.259669899999949 ], [ 38.13189125100007, -0.258961542999941 ], [ 38.132729848000054, -0.258526662999941 ], [ 38.133705139000028, -0.258322238999938 ], [ 38.134553909000033, -0.257968052999956 ], [ 38.135961533000057, -0.256827711999961 ], [ 38.136790276000056, -0.255670092999935 ], [ 38.137275696000074, -0.254512488999978 ], [ 38.13765335100004, -0.253251194999962 ], [ 38.13792419400005, -0.252310722999937 ], [ 38.138233185000047, -0.251229687999967 ], [ 38.138433457000076, -0.250304906999929 ], [ 38.138553619000049, -0.249035719999938 ], [ 38.138782501000037, -0.247991099999979 ], [ 38.138845444000026, -0.247214018999955 ], [ 38.13930511500007, -0.245940103999942 ], [ 38.139751434000061, -0.244959189999975 ], [ 38.140119553000034, -0.244271277999928 ], [ 38.140693665000072, -0.243557876999944 ], [ 38.141304016000049, -0.242895453999949 ], [ 38.142163277000066, -0.242143835999968 ], [ 38.143112183000028, -0.241162925999959 ], [ 38.144081116000052, -0.240373096999974 ], [ 38.145140648000051, -0.239646967999931 ], [ 38.146188736000056, -0.23904575399996 ], [ 38.14735603400004, -0.239383562999933 ], [ 38.148376465000069, -0.240182250999965 ], [ 38.14926147500006, -0.241025253999965 ], [ 38.150227547000043, -0.24169081399998 ], [ 38.151568095000073, -0.241316792999953 ], [ 38.152535439000076, -0.24030940199998 ], [ 38.153343201000041, -0.239583268999979 ], [ 38.153903961000026, -0.238963484999942 ], [ 38.155220350000036, -0.238700136999967 ], [ 38.156452179000041, -0.238584875999948 ], [ 38.157476425000027, -0.238482164999937 ], [ 38.158472697000036, -0.238230719999933 ], [ 38.159330368000042, -0.238029092999966 ], [ 38.159989675000077, -0.237638423999954 ], [ 38.161031723000065, -0.236646889999975 ], [ 38.162044525000056, -0.235659613999928 ], [ 38.162731171000075, -0.234997182999962 ], [ 38.163293839000062, -0.234347484999944 ], [ 38.163585663000049, -0.233506701999943 ], [ 38.163904191000029, -0.232538520999924 ], [ 38.164108276000036, -0.231295566999961 ], [ 38.164020538000045, -0.229888826999968 ], [ 38.163795471000071, -0.22892883399993 ], [ 38.163669586000026, -0.228076576999968 ], [ 38.163366318000044, -0.22702736399998 ], [ 38.163192749000075, -0.225914574999933 ], [ 38.163240433000055, -0.225040241999977 ], [ 38.163398743000073, -0.22410231799995 ], [ 38.163829803000056, -0.223339259999932 ], [ 38.164472580000051, -0.222345694999944 ], [ 38.164878845000032, -0.221272646999978 ], [ 38.165307999000049, -0.220334715999968 ], [ 38.165672302000075, -0.219651147999969 ], [ 38.166183472000057, -0.21887219599995 ], [ 38.166564941000047, -0.218125029999953 ], [ 38.167137146000073, -0.217044040999951 ], [ 38.167518616000052, -0.216217398999959 ], [ 38.167978287000039, -0.215295366999953 ], [ 38.168519974000048, -0.214357442999926 ], [ 38.169139862000065, -0.213514893999957 ], [ 38.169860840000069, -0.212767730999929 ], [ 38.170791626000039, -0.211639046999949 ], [ 38.171602249000046, -0.210621639999943 ], [ 38.172133446000032, -0.209564487999955 ], [ 38.172637939000026, -0.208650409999962 ], [ 38.173145294000051, -0.20769658699993 ], [ 38.17361545600005, -0.206782500999964 ], [ 38.174289703000056, -0.205757140999935 ], [ 38.174798966000026, -0.204803324999943 ], [ 38.17552948000008, -0.203499763999957 ], [ 38.17616653400006, -0.202355190999924 ], [ 38.176483154000039, -0.201623916999949 ], [ 38.176990509000063, -0.200797274999957 ], [ 38.177467346000071, -0.199907034999967 ], [ 38.178072929000052, -0.198651171999927 ], [ 38.178455353000061, -0.197427108999932 ], [ 38.178962708000029, -0.196107655999924 ], [ 38.179645538000045, -0.195487670999967 ], [ 38.180393219000052, -0.194629236999958 ], [ 38.180934906000061, -0.193897969999966 ], [ 38.181650162000039, -0.19259440899998 ], [ 38.182001114000059, -0.191799550999974 ], [ 38.182285309000065, -0.190543688999981 ], [ 38.182731629000045, -0.189319624999939 ], [ 38.183097839000027, -0.187920689999942 ], [ 38.183319092000033, -0.187125831999936 ], [ 38.18362045300006, -0.18598125099993 ], [ 38.183874131000039, -0.18499563599994 ], [ 38.18393898000005, -0.183946422999952 ], [ 38.184017181000058, -0.182849525999927 ], [ 38.184082031000059, -0.181180342999937 ], [ 38.184146881000061, -0.180226519999962 ], [ 38.184112549000076, -0.179177313999958 ], [ 38.184177399000077, -0.178318872999967 ], [ 38.18441772400007, -0.177235498999949 ], [ 38.184589386000027, -0.176315858999942 ], [ 38.184814453000058, -0.175171270999954 ], [ 38.185050964000027, -0.173931299999936 ], [ 38.185161591000053, -0.173168241999974 ], [ 38.185131073000036, -0.172214418999943 ], [ 38.185035706000065, -0.171133428999951 ], [ 38.184877396000047, -0.17030677899993 ], [ 38.18435192100003, -0.169114499999978 ], [ 38.184177399000077, -0.167858629999955 ], [ 38.184242249000079, -0.166364311999928 ], [ 38.184350967000057, -0.165537669999935 ], [ 38.18452835100004, -0.164679228999944 ], [ 38.184814453000058, -0.162739797999961 ], [ 38.184909821000076, -0.161436229999936 ], [ 38.185035706000065, -0.160164474999931 ], [ 38.185226440000065, -0.158542975999978 ], [ 38.185512543000073, -0.157207622999977 ], [ 38.185829163000051, -0.155204608999952 ], [ 38.185924530000079, -0.15418718799998 ], [ 38.186195374000079, -0.153281062999952 ], [ 38.18680000300003, -0.15237493099994 ], [ 38.187602997000056, -0.151850327999966 ], [ 38.188755035000042, -0.151675462999947 ], [ 38.189567566000051, -0.151595971999939 ], [ 38.190330505000077, -0.15177084499993 ], [ 38.191234589000032, -0.151866226999971 ], [ 38.192253113000049, -0.151961608999954 ], [ 38.193223, -0.151866230999929 ], [ 38.194484075000048, -0.150859417999925 ], [ 38.194828034000068, -0.149465776999932 ], [ 38.195018768000068, -0.148591443999976 ], [ 38.195352554000067, -0.147462751999967 ], [ 38.196464539000033, -0.146771225999942 ], [ 38.197563172000059, -0.146572514999946 ], [ 38.198677063000048, -0.146397649999926 ], [ 38.199596405000079, -0.146206885999959 ], [ 38.200741768000057, -0.146127398999965 ], [ 38.202108383000052, -0.146270468999944 ], [ 38.203601837000065, -0.146167143999946 ], [ 38.204650879000042, -0.145666382999934 ], [ 38.20548057600007, -0.145157679999954 ], [ 38.206211090000068, -0.144394620999947 ], [ 38.206640244000027, -0.143567978999954 ], [ 38.206941605000054, -0.142693645999941 ], [ 38.206981659000064, -0.141811362999931 ], [ 38.206655503000036, -0.140404469999964 ], [ 38.206466675000058, -0.139371156999971 ], [ 38.206306458000029, -0.138162984999951 ], [ 38.206130982000047, -0.136748156999943 ], [ 38.20618057300004, -0.135746642999948 ], [ 38.206275940000069, -0.134792819999973 ], [ 38.206336975000056, -0.133648231999928 ], [ 38.206497192000029, -0.132694407999963 ], [ 38.206720352000048, -0.131581618999974 ], [ 38.206943512000066, -0.130564212999957 ], [ 38.207164764000026, -0.129705771999966 ], [ 38.207290649000072, -0.128926820999936 ], [ 38.207624435000071, -0.12795710599994 ], [ 38.208587647000058, -0.126876100999937 ], [ 38.209516525000026, -0.126907891999963 ], [ 38.210651398000039, -0.126939688999926 ], [ 38.211766243000056, -0.126359443999945 ], [ 38.212473869000064, -0.125191017999953 ], [ 38.212696075000053, -0.123951047999924 ], [ 38.212821960000042, -0.123124405999931 ], [ 38.212886810000043, -0.122075199999927 ], [ 38.213029862000042, -0.120676259999925 ], [ 38.213203430000078, -0.118991173999973 ], [ 38.213268280000079, -0.11806914999994 ], [ 38.21333313000008, -0.117051735999951 ], [ 38.213500023000051, -0.116002536999929 ], [ 38.214000702000078, -0.114873844999977 ], [ 38.214715958000056, -0.114094889999933 ], [ 38.215591431000064, -0.112918510999975 ], [ 38.216289520000032, -0.112123660999941 ], [ 38.216892242000029, -0.111360601999934 ], [ 38.217498779000039, -0.11066113399994 ], [ 38.218196869000053, -0.109770900999933 ], [ 38.218959809000069, -0.108848872999943 ], [ 38.219692230000078, -0.107640698999944 ], [ 38.220502854000074, -0.106496113999924 ], [ 38.221200943000042, -0.10541511699995 ], [ 38.221820832000049, -0.104667953999979 ], [ 38.222488403000057, -0.104206941999962 ], [ 38.223173141000075, -0.103857203999951 ], [ 38.224189759000069, -0.103396191999934 ], [ 38.224985123000067, -0.103014662999954 ], [ 38.226051331000065, -0.102521858999978 ], [ 38.22717857400005, -0.101933664999933 ], [ 38.227924347000055, -0.101504444999932 ], [ 38.228736878000063, -0.101059327999963 ], [ 38.229324341000051, -0.100423447999958 ], [ 38.229976654000041, -0.099835261999942 ], [ 38.230676651000067, -0.098833746999958 ], [ 38.231233597000028, -0.097736853999947 ], [ 38.231987954000033, -0.096663802999956 ], [ 38.232852936000029, -0.095940485999961 ], [ 38.233520508000026, -0.095336399999951 ], [ 38.234285355000054, -0.094732313999941 ], [ 38.23554039000004, -0.094175915999926 ], [ 38.236286163000045, -0.093905671999948 ], [ 38.237335205000079, -0.093492343999969 ], [ 38.238258362000067, -0.093285682999976 ], [ 38.239246368000067, -0.093110814999932 ], [ 38.240165710000042, -0.092824667999935 ], [ 38.241279602000077, -0.092443137999965 ], [ 38.242263794000053, -0.091902642999969 ], [ 38.24312210100004, -0.091616495999972 ], [ 38.243759155000077, -0.090980611999953 ], [ 38.244586945000037, -0.090567290999957 ], [ 38.245410919000051, -0.08967705799995 ], [ 38.24627113400004, -0.08912066399995 ], [ 38.247383117000027, -0.088135044999945 ], [ 38.249099731000058, -0.087896592999925 ], [ 38.25046539300007, -0.087995729999932 ], [ 38.25153350800008, -0.088136024999926 ], [ 38.252319336000028, -0.088304377999975 ], [ 38.253721238000026, -0.088781370999925 ], [ 38.255249024000079, -0.089398651999943 ], [ 38.256526947000054, -0.089987876999942 ], [ 38.257606507000048, -0.090478899999937 ], [ 38.258489609000037, -0.090857687999971 ], [ 38.258968354000046, -0.091474975999972 ], [ 38.259639740000068, -0.092485069999952 ], [ 38.260370255000055, -0.093453090999958 ], [ 38.261184692000029, -0.093944109999939 ], [ 38.261970520000034, -0.094252749999953 ], [ 38.263315201000069, -0.094673629999932 ], [ 38.264648438000052, -0.094968243999972 ], [ 38.26612949400004, -0.095017345999963 ], [ 38.267496109000035, -0.09527688299994 ], [ 38.268548966000026, -0.095880135999948 ], [ 38.269601186000045, -0.096338423999953 ], [ 38.270701726000027, -0.096637327999929 ], [ 38.271820068000068, -0.096441305999974 ], [ 38.272603989000061, -0.096146690999944 ], [ 38.273221970000066, -0.095445233999953 ], [ 38.273715973000037, -0.094748555999956 ], [ 38.27405357400005, -0.094004507999955 ], [ 38.274322510000047, -0.093103348999932 ], [ 38.274541855000052, -0.091815966999945 ], [ 38.274765015000071, -0.090614420999941 ], [ 38.275042534000079, -0.089389265999955 ], [ 38.276137352000035, -0.088494542999968 ], [ 38.277356466000072, -0.087988172999928 ], [ 38.278520584000034, -0.087490386999946 ], [ 38.279563904000042, -0.086898192999968 ], [ 38.280233383000052, -0.08637037099993 ], [ 38.281303406000063, -0.08596270299995 ], [ 38.282329560000051, -0.086074273999941 ], [ 38.283384323000064, -0.086550603999967 ], [ 38.284400940000069, -0.08691106699996 ], [ 38.285509110000078, -0.087271532999978 ], [ 38.286359787000038, -0.087387393999961 ], [ 38.287130991000026, -0.086941107999962 ], [ 38.287261963000049, -0.086151517999951 ], [ 38.287479401000041, -0.085314723999943 ], [ 38.287650426000027, -0.084190414999966 ], [ 38.287994385000047, -0.08317767799997 ], [ 38.288066864000029, -0.082358049999925 ], [ 38.288278580000053, -0.081516957999952 ], [ 38.288574219000054, -0.080808906999948 ], [ 38.288966179000056, -0.079875558999959 ], [ 38.289810181000064, -0.079045201999975 ], [ 38.290736199000037, -0.078433693999955 ], [ 38.291852315000028, -0.078195529999959 ], [ 38.293247223000037, -0.077332987999966 ], [ 38.29430198700004, -0.076380330999939 ], [ 38.295269012000063, -0.075492038999926 ], [ 38.295860291000054, -0.075002841999947 ], [ 38.296504974000072, -0.074487886999975 ], [ 38.297275543000069, -0.073715462999928 ], [ 38.297893524000074, -0.073200515999929 ], [ 38.298538208000025, -0.072634070999925 ], [ 38.299400330000026, -0.071900262999975 ], [ 38.300159454000038, -0.071217953999962 ], [ 38.300725301000057, -0.070505603999948 ], [ 38.301059723000037, -0.069595857999957 ], [ 38.301267624000047, -0.068630325999948 ], [ 38.301498413000047, -0.067716292999933 ], [ 38.301677704000042, -0.066866620999974 ], [ 38.301860809000061, -0.065939709999952 ], [ 38.302040100000056, -0.065038546999972 ], [ 38.302272797000057, -0.064266122999925 ], [ 38.302810669000053, -0.06321047199998 ], [ 38.303352356000062, -0.062335058999963 ], [ 38.304086686000062, -0.061266533999969 ], [ 38.30484771700003, -0.060017778999963 ], [ 38.305412292000028, -0.059219605999942 ], [ 38.306043625000029, -0.05830556899997 ], [ 38.306751251000037, -0.057417280999971 ], [ 38.307601929000043, -0.056876584999941 ], [ 38.308629990000043, -0.056129903999931 ], [ 38.30936050400004, -0.055507392999971 ], [ 38.307781219000049, -0.054598203999944 ], [ 38.308197021000069, -0.053739066999924 ], [ 38.309412003000034, -0.05327965999993 ], [ 38.310417176000044, -0.053206601999932 ], [ 38.311836243000073, -0.053206625999962 ], [ 38.312900543000069, -0.053739048999944 ], [ 38.314535141000079, -0.054975877999937 ], [ 38.316093445000035, -0.056090659999938 ], [ 38.316726685000049, -0.056605644999934 ], [ 38.317516327000078, -0.057244315999981 ], [ 38.318481445000032, -0.058049041999936 ], [ 38.319110870000031, -0.058575391999966 ], [ 38.321126938000077, -0.060374199999956 ], [ 38.321952820000035, -0.061281937999979 ], [ 38.322574615000065, -0.062258127999939 ], [ 38.323194504000071, -0.063174082999979 ], [ 38.324302673000034, -0.064698464999935 ], [ 38.325244904000044, -0.065759065999941 ], [ 38.326831818000073, -0.067227564999939 ], [ 38.328250885000045, -0.068070589999934 ], [ 38.329761505000079, -0.068381107999926 ] ] ] ] } },
{ "type": "Feature", "properties": { "Shape_Area": 0.09592895675, "name": "Mwingi West", "ADM1_EN": "Kitui", "ADM0_EN": "Kenya" }, "geometry": { "type": "MultiPolygon", "coordinates": [ [ [ [ 37.928249359000063, -0.739255159999971 ], [ 37.929164886000081, -0.739805399999966 ], [ 37.930221558000028, -0.73943853399993 ], [ 37.931213379000042, -0.739285706999965 ], [ 37.932178497000052, -0.73963725599998 ], [ 37.933483124000077, -0.740539013999978 ], [ 37.933872223000037, -0.741761743999973 ], [ 37.933887482000046, -0.742632925999942 ], [ 37.934247970000058, -0.74352700999998 ], [ 37.934814453000058, -0.744459375999952 ], [ 37.93460845900006, -0.745261787999937 ], [ 37.935478210000042, -0.745312709999951 ], [ 37.936126709000064, -0.746255203999965 ], [ 37.935334524000041, -0.746988375999933 ], [ 37.935787201000039, -0.748127519999969 ], [ 37.936527252000076, -0.748867332999964 ], [ 37.936992645000032, -0.749646007999957 ], [ 37.935752869000055, -0.749977349999938 ], [ 37.936183929000038, -0.750679581999975 ], [ 37.936966896000058, -0.751795917999971 ], [ 37.938037872000052, -0.751813888999948 ], [ 37.938837687000046, -0.751681883999936 ], [ 37.940181732000042, -0.751750885999968 ], [ 37.941171646000043, -0.751291751999929 ], [ 37.941820145000065, -0.750661581999964 ], [ 37.942774773000053, -0.751147731999936 ], [ 37.943262100000027, -0.752065985999934 ], [ 37.944142660000068, -0.751945952999961 ], [ 37.945484161000024, -0.751579835999962 ], [ 37.946906090000027, -0.751525848999961 ], [ 37.947978973000033, -0.751687883999978 ], [ 37.948787689000028, -0.752156018999926 ], [ 37.949544907000075, -0.752930223999954 ], [ 37.950463295000077, -0.754226624999944 ], [ 37.951398849000043, -0.755225911999958 ], [ 37.95269584700003, -0.755423977999953 ], [ 37.953109741000048, -0.756549298999971 ], [ 37.953182220000031, -0.757359563999955 ], [ 37.953800201000035, -0.758241821999945 ], [ 37.95438766500007, -0.75885397199994 ], [ 37.955324173000065, -0.758475928999928 ], [ 37.956242879000058, -0.757899721999934 ], [ 37.956926346000046, -0.757269530999963 ], [ 37.95767307300008, -0.756531312999925 ], [ 37.958618164000029, -0.756765394999945 ], [ 37.959375381000029, -0.757692649999967 ], [ 37.959880829000042, -0.758799910999926 ], [ 37.960707346000049, -0.759184121999965 ], [ 37.961463928000057, -0.75943019999994 ], [ 37.962507884000047, -0.760012348999965 ], [ 37.963336945000037, -0.759844302999966 ], [ 37.964344025000059, -0.759664236999924 ], [ 37.965351105000025, -0.759412168999972 ], [ 37.966144562000068, -0.75898009499997 ], [ 37.967011452000065, -0.758299484999952 ], [ 37.968278885000075, -0.757692679999934 ], [ 37.969178200000044, -0.757188528999961 ], [ 37.96844863900003, -0.756639360999941 ], [ 37.967189789000031, -0.756081222999967 ], [ 37.966739655000026, -0.755153879999966 ], [ 37.967136383000025, -0.754316657999937 ], [ 37.968215942000029, -0.753866523999932 ], [ 37.969277700000077, -0.754118620999975 ], [ 37.970428467000033, -0.753836521999972 ], [ 37.971005440000056, -0.754766791999941 ], [ 37.971889496000074, -0.754820793999954 ], [ 37.972356796000042, -0.75410059099994 ], [ 37.972807566000029, -0.753086288999953 ], [ 37.973622640000031, -0.752558131999933 ], [ 37.97367095900006, -0.751741885999934 ], [ 37.973482132000072, -0.750625550999928 ], [ 37.97476959200003, -0.750733583999931 ], [ 37.975418091000051, -0.751417785999934 ], [ 37.976075172000037, -0.752246036999964 ], [ 37.977109909000035, -0.752300043999981 ], [ 37.97721862800006, -0.751309781999964 ], [ 37.977435430000071, -0.750517526999943 ], [ 37.978227615000037, -0.751264765999963 ], [ 37.97860527000006, -0.752336084999968 ], [ 37.978441238000073, -0.753200351999965 ], [ 37.977884293000045, -0.753902524999944 ], [ 37.977626483000051, -0.754778782999949 ], [ 37.978929520000065, -0.754892795999979 ], [ 37.97986602800006, -0.754388689999928 ], [ 37.980926429000078, -0.753743296999971 ], [ 37.980747223000037, -0.754604756999925 ], [ 37.980369568000071, -0.755469023999979 ], [ 37.980422974000078, -0.756405263999966 ], [ 37.981233597000028, -0.756711378999967 ], [ 37.98217010500008, -0.757305561999942 ], [ 37.983044942000049, -0.757383544999925 ], [ 37.984186172000079, -0.756747394999934 ], [ 37.984815598000068, -0.755991130999973 ], [ 37.985614776000034, -0.755691110999976 ], [ 37.98718886000006, -0.756170778999945 ], [ 37.988201141000047, -0.756351261999953 ], [ 37.989263535000077, -0.756747394999934 ], [ 37.989759445000061, -0.757890715999963 ], [ 37.989819209000075, -0.759238118999974 ], [ 37.98957570400006, -0.76046850299997 ], [ 37.989713669000025, -0.761608808999938 ], [ 37.990037918000041, -0.76256307999995 ], [ 37.990992228000039, -0.763385354999969 ], [ 37.991821289000029, -0.762887209999974 ], [ 37.992747307000059, -0.762752174999946 ], [ 37.993225098000039, -0.763769447999948 ], [ 37.993423462000067, -0.764543711999977 ], [ 37.993764877000046, -0.765407978999974 ], [ 37.994062424000049, -0.766650333999962 ], [ 37.993567467000048, -0.767739638999956 ], [ 37.994269053000039, -0.76841483499993 ], [ 37.995006561000025, -0.767802684999936 ], [ 37.995799065000028, -0.767676621999954 ], [ 37.996376038000051, -0.768702923999967 ], [ 37.996717453000031, -0.77003532599997 ], [ 37.996889114000055, -0.771286695999947 ], [ 37.997636795000062, -0.772267966999948 ], [ 37.998302460000048, -0.772952198999974 ], [ 37.999076843000068, -0.773402332999979 ], [ 38.000356674000045, -0.77405409499994 ], [ 38.00081539200005, -0.775328829999978 ], [ 38.001226425000027, -0.776790141999925 ], [ 38.001794815000039, -0.777816146999953 ], [ 38.001674970000067, -0.779476960999943 ], [ 38.002488454000058, -0.780505597999934 ], [ 38.003203074000055, -0.781106690999934 ], [ 38.003807068000071, -0.781687080999973 ], [ 38.004208883000047, -0.782764931999964 ], [ 38.004219055000078, -0.783583700999941 ], [ 38.004390717000035, -0.784547507999946 ], [ 38.004758199000037, -0.785480260999975 ], [ 38.005071259000033, -0.786444103999941 ], [ 38.005523682000046, -0.787480512999934 ], [ 38.006270409000024, -0.788115277999964 ], [ 38.00712076800005, -0.788558343999966 ], [ 38.008176804000072, -0.788908123999931 ], [ 38.009328206000077, -0.789314905999959 ], [ 38.010164261000057, -0.789934142999925 ], [ 38.010934830000053, -0.791107862999979 ], [ 38.011680603000059, -0.791574239999932 ], [ 38.012637138000059, -0.791698574999941 ], [ 38.013577779000059, -0.791750430999969 ], [ 38.014541626000039, -0.792444824999961 ], [ 38.015552521000075, -0.793175428999973 ], [ 38.016396840000027, -0.794092694999961 ], [ 38.017059326000037, -0.794823348999955 ], [ 38.018091202000051, -0.795170495999969 ], [ 38.019158363000031, -0.794727444999978 ], [ 38.019280243000026, -0.793582736999952 ], [ 38.019453430000056, -0.792668675999948 ], [ 38.019780159000049, -0.791675269999928 ], [ 38.020410538000078, -0.791224464999971 ], [ 38.02090581300007, -0.791895508999971 ], [ 38.021825518000071, -0.792400393999969 ], [ 38.022270203000062, -0.793644952999955 ], [ 38.023052216000053, -0.79357966799995 ], [ 38.024016380000035, -0.793354220999959 ], [ 38.024768829000038, -0.793688475999943 ], [ 38.024258614000075, -0.794395803999976 ], [ 38.02345689100008, -0.795307819999948 ], [ 38.023138046000042, -0.796875372999978 ], [ 38.023558299000058, -0.798165698999981 ], [ 38.024156570000059, -0.798647611999968 ], [ 38.024949074000062, -0.798422187999961 ], [ 38.025590515000033, -0.797749030999967 ], [ 38.026094818000047, -0.798607193999942 ], [ 38.02669220000007, -0.799502622999967 ], [ 38.025652568000055, -0.800300637999953 ], [ 38.025424957000041, -0.801305919999947 ], [ 38.025964419000047, -0.802202432999934 ], [ 38.026554108000028, -0.80321294099997 ], [ 38.027341207000063, -0.803192167999953 ], [ 38.028036118000045, -0.803979843999969 ], [ 38.028634071000056, -0.80459390599998 ], [ 38.029153824000048, -0.80552664399994 ], [ 38.030075836000037, -0.805571746999931 ], [ 38.030992031000039, -0.805822021999973 ], [ 38.031370163000076, -0.806638180999926 ], [ 38.03251266500007, -0.807166724999945 ], [ 38.033432770000047, -0.807524263999937 ], [ 38.033849716000077, -0.808480351999947 ], [ 38.03427505500008, -0.809431254999936 ], [ 38.034689903000071, -0.810174859999961 ], [ 38.035760880000055, -0.810104876999958 ], [ 38.036592484000039, -0.810104906999925 ], [ 38.037160873000062, -0.810726761999945 ], [ 38.037601471000073, -0.811358948999953 ], [ 38.037892342000077, -0.812452315999963 ], [ 38.038327026000047, -0.813251387999969 ], [ 38.038016001000074, -0.814291913999966 ], [ 38.038031896000064, -0.815347992999932 ], [ 38.037339211000074, -0.816696345999958 ], [ 38.037626266000075, -0.81754359599995 ], [ 38.03847408300004, -0.817053913999928 ], [ 38.039435069000035, -0.816976189999934 ], [ 38.040176392000035, -0.817597984999964 ], [ 38.040549278000071, -0.818911626999977 ], [ 38.041459560000078, -0.819024346999925 ], [ 38.041587353000068, -0.817940011999951 ], [ 38.042904854000028, -0.816867336999962 ], [ 38.04415130600006, -0.816375056999959 ], [ 38.045218150000039, -0.815670330999978 ], [ 38.045725505000064, -0.816364705999945 ], [ 38.045656204000068, -0.817388161999929 ], [ 38.045983315000058, -0.818142100999978 ], [ 38.046960831000035, -0.818282022999938 ], [ 38.047521591000077, -0.819098144999941 ], [ 38.047855377000076, -0.819883256999958 ], [ 38.048094432000028, -0.820624251999959 ], [ 38.048454285000048, -0.821632146999946 ], [ 38.048614025000063, -0.822941883999931 ], [ 38.048954010000045, -0.824324180999952 ], [ 38.049208641000064, -0.825386478999974 ], [ 38.050219059000028, -0.825751780999951 ], [ 38.051125844000069, -0.825484930999949 ], [ 38.051948547000052, -0.824718012999938 ], [ 38.05321273800007, -0.824848603999953 ], [ 38.053934733000062, -0.825889119999943 ], [ 38.054712296000048, -0.826645701999951 ], [ 38.055356979000067, -0.827182039999968 ], [ 38.055727005000051, -0.828086266999946 ], [ 38.056212425000069, -0.829063087999941 ], [ 38.056478882000079, -0.83034560699997 ], [ 38.057597351000027, -0.83084927799996 ], [ 38.057913971000062, -0.831893991999948 ], [ 38.057571411000026, -0.832615285999964 ], [ 38.05818710300008, -0.833349048999935 ], [ 38.058940125000049, -0.833921145999966 ], [ 38.058801015000029, -0.834961721999946 ], [ 38.059309642000073, -0.836269877999939 ], [ 38.060246468000059, -0.836975901999949 ], [ 38.061179352000067, -0.837129818999927 ], [ 38.061917305000065, -0.837745427999948 ], [ 38.062473297000054, -0.838346520999949 ], [ 38.063258648000044, -0.838856949999979 ], [ 38.063876152000034, -0.839486568999973 ], [ 38.064340591000075, -0.840263862999961 ], [ 38.065251923000062, -0.840904366999951 ], [ 38.066089948000069, -0.84165519499993 ], [ 38.066303889000039, -0.843176106999977 ], [ 38.065637589000062, -0.843747853999957 ], [ 38.064931870000066, -0.844205021999926 ], [ 38.064020157000073, -0.844592183999964 ], [ 38.063007355000025, -0.845229118999953 ], [ 38.062257767000062, -0.846428036999953 ], [ 38.061695099000076, -0.84806406499996 ], [ 38.060798645000034, -0.851460992999932 ], [ 38.060560226000064, -0.852497547999974 ], [ 38.060072899000033, -0.853708952999966 ], [ 38.060218811000027, -0.855082729999936 ], [ 38.060398102000079, -0.856306611999969 ], [ 38.060371780000025, -0.85765788599997 ], [ 38.059002399000065, -0.858457803999954 ], [ 38.057884216000048, -0.85824652499997 ], [ 38.057151794000049, -0.858504682999978 ], [ 38.056127548000063, -0.858829318999938 ], [ 38.054903030000048, -0.859041690999959 ], [ 38.053878784000062, -0.859278916999926 ], [ 38.052766800000029, -0.859803467999939 ], [ 38.052268982000044, -0.860402911999927 ], [ 38.051542282000071, -0.860864996999965 ], [ 38.050537109000061, -0.861022918999936 ], [ 38.049640656000065, -0.861238598999932 ], [ 38.048622131000059, -0.861625849999939 ], [ 38.047702789000027, -0.862206756999967 ], [ 38.046541214000058, -0.862957149999943 ], [ 38.045379639000032, -0.863513826999963 ], [ 38.044555664000029, -0.864094733999934 ], [ 38.043269157000054, -0.864481314999978 ], [ 38.042137146000073, -0.864869296999927 ], [ 38.040878296000074, -0.865208148999955 ], [ 38.039520264000032, -0.865450202999966 ], [ 38.038358688000073, -0.865425943999981 ], [ 38.037441254000044, -0.865256547999934 ], [ 38.035987854000041, -0.865208148999955 ], [ 38.034584045000031, -0.865208148999955 ], [ 38.032936096000071, -0.86540180399993 ], [ 38.03201675400004, -0.86530494699997 ], [ 38.030832291000024, -0.865329116999931 ], [ 38.028678894000052, -0.865692257999967 ], [ 38.027225494000049, -0.865837454999962 ], [ 38.025314331000061, -0.866103678999934 ], [ 38.024177551000037, -0.866273164999939 ], [ 38.022964478000063, -0.866321563999975 ], [ 38.020591736000029, -0.86656361799993 ], [ 38.019384384000034, -0.867289751999976 ], [ 38.017865499000038, -0.868026494999924 ], [ 38.017280579000044, -0.868544756999938 ], [ 38.016571045000035, -0.868885665999926 ], [ 38.015821457000072, -0.869090228999937 ], [ 38.015465736000067, -0.870031117999929 ], [ 38.015699387000041, -0.870944797999925 ], [ 38.015711784000075, -0.871810748999962 ], [ 38.016574860000048, -0.872544864999952 ], [ 38.017729759000076, -0.873331278999956 ], [ 38.018501282000045, -0.874122186999955 ], [ 38.017948151000041, -0.875117659999944 ], [ 38.017491341000039, -0.876072242999953 ], [ 38.018424988000049, -0.87652908299998 ], [ 38.01955795300006, -0.876508652999973 ], [ 38.020566940000037, -0.87657681099995 ], [ 38.021446228000059, -0.877395018999948 ], [ 38.021795273000066, -0.878622352999969 ], [ 38.022176743000045, -0.879536032999965 ], [ 38.022544861000029, -0.880367874999934 ], [ 38.02270698500007, -0.881158798999934 ], [ 38.023039500000039, -0.882063388999939 ], [ 38.023798943000031, -0.882699772999956 ], [ 38.024684906000061, -0.88336114599997 ], [ 38.024294535000024, -0.88422709699995 ], [ 38.024385452000047, -0.885113462999925 ], [ 38.025353432000031, -0.885788499999933 ], [ 38.024916649000033, -0.88672943399996 ], [ 38.024894079000035, -0.887984036999967 ], [ 38.025379817000044, -0.889327277999939 ], [ 38.02666187300008, -0.889640897999925 ], [ 38.027289391000068, -0.890697761999945 ], [ 38.028392792000034, -0.891563713999972 ], [ 38.029093424000052, -0.892361471999948 ], [ 38.028299332000074, -0.892872869999962 ], [ 38.027376811000067, -0.893072862999929 ], [ 38.02615737900004, -0.893318294999972 ], [ 38.025742340000079, -0.894307434999973 ], [ 38.024864960000059, -0.895032929999957 ], [ 38.025367737000067, -0.895900248999965 ], [ 38.02582454700007, -0.896691172999965 ], [ 38.025946617000045, -0.897638916999938 ], [ 38.026792049000051, -0.898307978999981 ], [ 38.026801300000045, -0.899216687999967 ], [ 38.02733039900005, -0.899827628999958 ], [ 38.027913411000043, -0.90043671899997 ], [ 38.027465820000032, -0.90128675099993 ], [ 38.026853561000053, -0.901954948999958 ], [ 38.026794434000067, -0.902964094999959 ], [ 38.027166367000063, -0.903659551999965 ], [ 38.027303696000047, -0.904477834999966 ], [ 38.02765846300008, -0.905357360999972 ], [ 38.028523445000076, -0.904941454999971 ], [ 38.028543472000024, -0.903823226999975 ], [ 38.028408051000042, -0.902957304999973 ], [ 38.028830528000071, -0.902152686999955 ], [ 38.029425049000054, -0.901125859999979 ], [ 38.029907862000073, -0.900359471999934 ], [ 38.030632019000052, -0.901109516999952 ], [ 38.031217575000028, -0.901886790999924 ], [ 38.031612396000071, -0.902827739999964 ], [ 38.031707764000032, -0.903741418999971 ], [ 38.031694412000036, -0.904641448999939 ], [ 38.031612396000071, -0.905418753999925 ], [ 38.031503042000054, -0.906264225999962 ], [ 38.031824112000038, -0.907723351999948 ], [ 38.032873154000072, -0.907852917999946 ], [ 38.033903503000033, -0.90756790599994 ], [ 38.03393840800004, -0.908712028999958 ], [ 38.034551620000059, -0.909782528999926 ], [ 38.03558158900006, -0.910273462999953 ], [ 38.036397934000036, -0.910818904999928 ], [ 38.036691284000028, -0.911642574999973 ], [ 38.036180496000043, -0.912305354999944 ], [ 38.035799026000063, -0.913164466999945 ], [ 38.035404205000077, -0.914159953999956 ], [ 38.035681915000055, -0.915128182999979 ], [ 38.03681659700004, -0.91529861999993 ], [ 38.036890030000052, -0.916314601999943 ], [ 38.036733627000046, -0.917364611999972 ], [ 38.036740621000035, -0.918464660999973 ], [ 38.037046432000068, -0.919491946999926 ], [ 38.036357880000025, -0.919982879999964 ], [ 38.03558158900006, -0.920337438999979 ], [ 38.034844398000075, -0.921046539999963 ], [ 38.034084320000034, -0.921692033999932 ], [ 38.034013112000025, -0.922528425999928 ], [ 38.034421921000046, -0.923651188999941 ], [ 38.034483910000063, -0.925008058999936 ], [ 38.03504816700007, -0.925919472999965 ], [ 38.03520456900003, -0.926755845999935 ], [ 38.035027504000027, -0.927953600999956 ], [ 38.034938812000064, -0.928846805999967 ], [ 38.034965515000067, -0.929678678999949 ], [ 38.03520584100005, -0.93075598799993 ], [ 38.035558065000032, -0.931846936999932 ], [ 38.036589622000065, -0.931860550999943 ], [ 38.037612915000068, -0.932269662999943 ], [ 38.038238525000054, -0.932819663999965 ], [ 38.03878657000007, -0.933647016999942 ], [ 38.039139748000025, -0.934983401999943 ], [ 38.039975484000024, -0.935637950999933 ], [ 38.041070264000041, -0.93517535999996 ], [ 38.041725159000066, -0.936766787999943 ], [ 38.042338689000076, -0.936041444999944 ], [ 38.043256760000077, -0.934758081999973 ], [ 38.044187546000046, -0.933929562999936 ], [ 38.044967651000036, -0.933416246999968 ], [ 38.04577636700003, -0.932938932999946 ], [ 38.046834946000047, -0.932394116999944 ], [ 38.04757881200004, -0.932135223999978 ], [ 38.048517227000048, -0.931813269999964 ], [ 38.049415588000045, -0.931489049999925 ], [ 38.050247192000029, -0.931281983999952 ], [ 38.051134109000031, -0.931209921999937 ], [ 38.052510579000057, -0.931323964999933 ], [ 38.053662618000033, -0.93167217599995 ], [ 38.05459499400007, -0.932144209999933 ], [ 38.055679321000071, -0.932479679999972 ], [ 38.056629181000062, -0.932349085999931 ], [ 38.057756424000047, -0.931844785999942 ], [ 38.058912754000062, -0.93188532399995 ], [ 38.060080719000041, -0.93205282699995 ], [ 38.06112289400005, -0.933083056999976 ], [ 38.061866760000044, -0.933839519999935 ], [ 38.062952995000046, -0.934338564999962 ], [ 38.064144135000049, -0.934688284999936 ], [ 38.065420423000035, -0.935223783999959 ], [ 38.066872597000042, -0.93504399099993 ], [ 38.068234921000055, -0.934741198999973 ], [ 38.069083214000045, -0.934368609999979 ], [ 38.06997203800006, -0.933713435999948 ], [ 38.071052551000037, -0.933164104999946 ], [ 38.072071075000053, -0.93297049399996 ], [ 38.07300949100005, -0.93292543299998 ], [ 38.074027061000038, -0.932839899999976 ], [ 38.07507324200003, -0.932655274999945 ], [ 38.075813293000067, -0.932443648999936 ], [ 38.076559703000044, -0.932178318999945 ], [ 38.077587128000062, -0.931883394999943 ], [ 38.078384399000072, -0.931971609999948 ], [ 38.079610825000032, -0.932317420999937 ], [ 38.080390930000078, -0.932454466999957 ], [ 38.081272125000055, -0.932621880999932 ], [ 38.08227462800005, -0.932795989999931 ], [ 38.083704631000046, -0.932998169999962 ], [ 38.085044861000029, -0.933246890999953 ], [ 38.085926056000062, -0.933439790999955 ], [ 38.086741447000065, -0.933678984999972 ], [ 38.087668419000067, -0.933877244999962 ], [ 38.088671684000076, -0.934420093999961 ], [ 38.089376450000032, -0.935299366999971 ], [ 38.089488983000024, -0.936201273999927 ], [ 38.08954238900003, -0.937422647999938 ], [ 38.089576721000071, -0.938553541999966 ], [ 38.089672089000032, -0.939548750999961 ], [ 38.089651108000055, -0.940549641999951 ], [ 38.089593887000035, -0.941700309999931 ], [ 38.089970589000075, -0.942875064999953 ], [ 38.091057460000059, -0.943604026999935 ], [ 38.092151642000033, -0.943917830999965 ], [ 38.093255361000047, -0.944077143999948 ], [ 38.094436646000077, -0.94428350499993 ], [ 38.09757232700008, -0.944488596999975 ], [ 38.098290443000053, -0.94501674199995 ], [ 38.098959605000061, -0.945670763999942 ], [ 38.099878311000055, -0.94634556799997 ], [ 38.10071182300004, -0.946922301999962 ], [ 38.101371765000067, -0.947306811999965 ], [ 38.102260590000071, -0.947694137999974 ], [ 38.103345871000045, -0.947866588999943 ], [ 38.104428609000024, -0.948002323999958 ], [ 38.105792046000033, -0.948463171999947 ], [ 38.106975555000076, -0.948788299999933 ], [ 38.107845306000058, -0.949065327999961 ], [ 38.108709335000071, -0.949486627999931 ], [ 38.109571457000072, -0.950436606999972 ], [ 38.109998322000024, -0.951350926999964 ], [ 38.109956106000027, -0.952667315999975 ], [ 38.109779358000026, -0.953639904999932 ], [ 38.109655380000049, -0.954748182999936 ], [ 38.109603882000044, -0.955681204999962 ], [ 38.109653473000037, -0.956779111999936 ], [ 38.109929085000033, -0.958310558999926 ], [ 38.110249837000026, -0.959452747999933 ], [ 38.110492706000059, -0.960397064999938 ], [ 38.110810280000067, -0.961544960999959 ], [ 38.11106681800004, -0.962616204999961 ], [ 38.111412048000034, -0.963611036999964 ], [ 38.112005234000037, -0.964740007999978 ], [ 38.112572098000044, -0.965902292999942 ], [ 38.113530731000026, -0.966779624999958 ], [ 38.114458211000056, -0.967701394999949 ], [ 38.115145365000046, -0.968753625999966 ], [ 38.115570068000068, -0.96961818099993 ], [ 38.116622925000058, -0.970922857999938 ], [ 38.117362976000038, -0.971568911999952 ], [ 38.118137360000048, -0.972166259999938 ], [ 38.119066238000073, -0.972834303999946 ], [ 38.12005233800005, -0.973382889999925 ], [ 38.121246338000049, -0.973884433999956 ], [ 38.122253418000071, -0.974219142999971 ], [ 38.12315368700007, -0.974124053999958 ], [ 38.123415375000036, -0.973287343999971 ], [ 38.123953501000074, -0.972233821999964 ], [ 38.124889374000077, -0.971328436999954 ], [ 38.125652313000046, -0.970806538999966 ], [ 38.126370430000065, -0.970496847999925 ], [ 38.127391815000067, -0.97048254799995 ], [ 38.128378868000027, -0.970907866999937 ], [ 38.129057884000076, -0.971775933999936 ], [ 38.129344940000067, -0.972736060999978 ], [ 38.129456520000076, -0.97357651599998 ], [ 38.129682541000079, -0.974374055999931 ], [ 38.130081177000079, -0.975067277999926 ], [ 38.130797068000049, -0.975774804999958 ], [ 38.131742859000042, -0.97638993299995 ], [ 38.132667542000036, -0.97719974499995 ], [ 38.13357925400004, -0.977579473999924 ], [ 38.134227753000062, -0.978069225999946 ], [ 38.134852409000075, -0.978735848999975 ], [ 38.135577393000062, -0.979378795999935 ], [ 38.136383057000046, -0.979758341999968 ], [ 38.137176514000032, -0.98024503399995 ], [ 38.137894948000053, -0.98069492999997 ], [ 38.138912201000039, -0.981057881999959 ], [ 38.140149117000078, -0.981324761999929 ], [ 38.141164144000072, -0.981598774999952 ], [ 38.141996384000038, -0.981898366999928 ], [ 38.142923628000062, -0.98256977099993 ], [ 38.143505096000069, -0.98380209499993 ], [ 38.143774033000057, -0.985023989999945 ], [ 38.143947601000036, -0.985886066999967 ], [ 38.144115448000036, -0.986708938999925 ], [ 38.14427948000008, -0.987479348999955 ], [ 38.144431114000042, -0.988232075999974 ], [ 38.145099322000078, -0.989037180999958 ], [ 38.146057129000042, -0.989510267999947 ], [ 38.146919250000053, -0.989914714999941 ], [ 38.147816467000041, -0.990664028999959 ], [ 38.148188909000055, -0.991750657999944 ], [ 38.148469448000071, -0.99282693899994 ], [ 38.148700714000029, -0.993804618999945 ], [ 38.149037170000042, -0.994670903999975 ], [ 38.14950943000008, -0.995516518999978 ], [ 38.151207924000062, -0.997731521999924 ], [ 38.151729584000066, -0.99870920199993 ], [ 38.152187920000074, -0.999671628999977 ], [ 38.155186462000074, -1.002359199999944 ], [ 38.155782223000074, -1.003307505999942 ], [ 38.155906677000075, -1.005645393999941 ], [ 38.156119029000024, -1.00708997199996 ], [ 38.156606293000038, -1.008324193999954 ], [ 38.156835556000033, -1.009193241999981 ], [ 38.156922340000051, -1.010131656999931 ], [ 38.157071686000052, -1.011092209999958 ], [ 38.15746383700008, -1.011968707999927 ], [ 38.157785034000028, -1.012882089999948 ], [ 38.158030192000069, -1.013615528999935 ], [ 38.158212662000039, -1.01436591099997 ], [ 38.158365250000031, -1.01526501799998 ], [ 38.158493042000032, -1.01607626699996 ], [ 38.158642769000039, -1.016922234999925 ], [ 38.158841133000067, -1.017779737999945 ], [ 38.159101486000054, -1.018673856999953 ], [ 38.159453074000055, -1.019553422999934 ], [ 38.159890747000077, -1.020308660999945 ], [ 38.15611648600003, -1.026157378999926 ], [ 38.132720947000053, -1.058511137999972 ], [ 38.142211914000029, -1.087269663999962 ], [ 38.145839691000049, -1.103956818999961 ], [ 38.156070709000062, -1.151015281999946 ], [ 38.137039185000049, -1.152630686999942 ], [ 38.127101898000035, -1.153474330999927 ], [ 38.06772486400007, -1.159080253999946 ], [ 38.067637761000071, -1.160160382999948 ], [ 38.067626953000058, -1.161169800999971 ], [ 38.067590714000062, -1.162358492999942 ], [ 38.067966461000026, -1.163301795999928 ], [ 38.068013668000049, -1.164097249999941 ], [ 38.068226284000048, -1.165181636999932 ], [ 38.068545447000076, -1.166287169999976 ], [ 38.068384933000061, -1.167296754999938 ], [ 38.068290647000026, -1.168448575999946 ], [ 38.067322220000051, -1.168476014999953 ], [ 38.066234222000048, -1.168511899999942 ], [ 38.065127019000045, -1.168413025999939 ], [ 38.064027134000071, -1.168355555999938 ], [ 38.062877530000037, -1.168276232999972 ], [ 38.061715334000041, -1.16776017799998 ], [ 38.060457062000069, -1.167324893999933 ], [ 38.059335551000061, -1.167033690999972 ], [ 38.05848566700007, -1.167137542999967 ], [ 38.057704926000042, -1.166957884999931 ], [ 38.05728085800007, -1.166292289999944 ], [ 38.057121729000073, -1.165357823999955 ], [ 38.055247260000044, -1.165208224999958 ], [ 38.05350270200006, -1.164677882999968 ], [ 38.052661896000075, -1.16459885699993 ], [ 38.05179144300007, -1.164488803999973 ], [ 38.051137652000079, -1.16371316599998 ], [ 38.050314426000057, -1.164189055999941 ], [ 38.04939981800004, -1.165063414999963 ], [ 38.048769714000059, -1.165930810999953 ], [ 38.047781944000064, -1.166301190999945 ], [ 38.046980771000051, -1.166198437999981 ], [ 38.047560754000074, -1.165000920999944 ], [ 38.047304471000075, -1.163894776999939 ], [ 38.046123156000078, -1.163756040999942 ], [ 38.044926567000061, -1.163627987999973 ], [ 38.043510278000042, -1.163579205999952 ], [ 38.042366791000063, -1.163981294999928 ], [ 38.041545868000071, -1.164349987999969 ], [ 38.040817261000029, -1.164700507999953 ], [ 38.040124251000066, -1.165309263999973 ], [ 38.03910879600005, -1.165543901999968 ], [ 38.037827415000038, -1.165292079999972 ], [ 38.036872364000033, -1.165509649999933 ], [ 38.036022822000064, -1.16632352299996 ], [ 38.035073598000054, -1.166540850999979 ], [ 38.033856528000058, -1.165975944999957 ], [ 38.032654858000058, -1.165452706999929 ], [ 38.031581243000062, -1.165709177999929 ], [ 38.03043772400008, -1.165677582999933 ], [ 38.029232025000056, -1.165036811999926 ], [ 38.028402328000027, -1.164822786999935 ], [ 38.02759049000008, -1.164491606999945 ], [ 38.026668735000044, -1.164511943999969 ], [ 38.025616908000075, -1.164144164999925 ], [ 38.024782830000049, -1.163708542999927 ], [ 38.023975078000035, -1.163467881999964 ], [ 38.022798141000067, -1.163757275999956 ], [ 38.021488915000077, -1.163096225999936 ], [ 38.019980019000059, -1.162519538999959 ], [ 38.018054858000028, -1.161806595999963 ], [ 38.016678178000063, -1.161462463999953 ], [ 38.015613402000042, -1.161196299999972 ], [ 38.013599587000044, -1.159766117999936 ], [ 38.012819350000029, -1.158176644999969 ], [ 38.012280627000052, -1.157190365999952 ], [ 38.012029837000057, -1.156136385999957 ], [ 38.011067612000033, -1.155583173999958 ], [ 38.009763544000066, -1.155201580999972 ], [ 38.008243429000061, -1.154944704999934 ], [ 38.007753635000029, -1.15675297599995 ], [ 38.006586522000077, -1.158344319999969 ], [ 38.004999106000071, -1.158508296999969 ], [ 38.005751038000028, -1.157365941999956 ], [ 38.006153107000046, -1.15642388699996 ], [ 38.006031036000024, -1.155599201999962 ], [ 38.005068970000025, -1.155332922999946 ], [ 38.004089355000076, -1.155007685999976 ], [ 38.002974510000058, -1.154445960999965 ], [ 38.001979192000078, -1.153905430999941 ], [ 38.001028878000056, -1.153847847999941 ], [ 38.000126648000048, -1.153959202999943 ], [ 37.999116898000068, -1.153822918999936 ], [ 37.998431524000068, -1.15322333599994 ], [ 37.998099899000067, -1.152106642999968 ], [ 37.997849358000053, -1.150748411999928 ], [ 37.997294835000048, -1.149766274999934 ], [ 37.996583666000049, -1.149001853999948 ], [ 37.995905399000037, -1.148250847999975 ], [ 37.995046139000067, -1.147662937999939 ], [ 37.994175502000076, -1.14736660899996 ], [ 37.993287520000024, -1.146882663999975 ], [ 37.992268699000078, -1.147168874999977 ], [ 37.991427739000073, -1.146779874999936 ], [ 37.99056371100005, -1.146871619999956 ], [ 37.989451090000045, -1.147250413999927 ], [ 37.988576253000076, -1.147590775999959 ], [ 37.987552166000057, -1.147681131999946 ], [ 37.986361610000074, -1.148216366999975 ], [ 37.985213280000039, -1.148722177999957 ], [ 37.984157085000049, -1.148791893999942 ], [ 37.982921696000062, -1.149059617999967 ], [ 37.981645266000044, -1.14906680799993 ], [ 37.980367872000045, -1.148650804999932 ], [ 37.97951936700008, -1.148467033999964 ], [ 37.979043325000077, -1.147614637999936 ], [ 37.978426797000054, -1.146911824999961 ], [ 37.977918625000029, -1.146019267999975 ], [ 37.97725868200007, -1.145284294999954 ], [ 37.976502466000056, -1.144336553999949 ], [ 37.975596428000074, -1.143755197999951 ], [ 37.974793752000039, -1.143192701999965 ], [ 37.973747253000056, -1.142605347999961 ], [ 37.97279357900004, -1.141759563999926 ], [ 37.971813549000046, -1.141921617999969 ], [ 37.971234150000043, -1.142750269999965 ], [ 37.969996452000032, -1.142692505999946 ], [ 37.968930244000035, -1.142772554999965 ], [ 37.968151728000066, -1.142523188999974 ], [ 37.967451096000048, -1.142130702999964 ], [ 37.966929844000049, -1.141498769999941 ], [ 37.966088613000068, -1.140860768999971 ], [ 37.965627193000046, -1.139848023999946 ], [ 37.964835576000041, -1.139737792999938 ], [ 37.963816961000077, -1.139160970999967 ], [ 37.962698936000038, -1.138381883999955 ], [ 37.961499623000066, -1.138025655999968 ], [ 37.960116577000065, -1.137428130999979 ], [ 37.958908929000074, -1.137488563999966 ], [ 37.957891782000047, -1.137526799999932 ], [ 37.957009792000065, -1.136832639999966 ], [ 37.956365967000067, -1.136002623999957 ], [ 37.955578613000057, -1.135364770999956 ], [ 37.955038283000079, -1.134791413999949 ], [ 37.95431582100008, -1.135459084999979 ], [ 37.953377724000063, -1.135614275999956 ], [ 37.952588081000044, -1.135962932999973 ], [ 37.95150613800007, -1.136671103999959 ], [ 37.950267792000034, -1.13698633499996 ], [ 37.949117088000037, -1.137014495999949 ], [ 37.948082924000062, -1.136212825999962 ], [ 37.94710159300007, -1.135027725999976 ], [ 37.946529198000064, -1.134257357999957 ], [ 37.94382476800007, -1.134295522999935 ], [ 37.942929077000031, -1.134949182999947 ], [ 37.94218158700005, -1.135337858999947 ], [ 37.941448212000068, -1.13560539499997 ], [ 37.940693665000026, -1.135938572999976 ], [ 37.939894540000068, -1.135769571999958 ], [ 37.939147313000035, -1.135313967999934 ], [ 37.938406808000025, -1.134867974999963 ], [ 37.937190755000074, -1.134288503999926 ], [ 37.936127345000045, -1.134456634999935 ], [ 37.934799921000035, -1.134834479999938 ], [ 37.93375396700003, -1.13512280599997 ], [ 37.932768141000054, -1.135013477999962 ], [ 37.931749662000072, -1.134791840999981 ], [ 37.930508423000049, -1.134313022999947 ], [ 37.929509481000025, -1.134123682999927 ], [ 37.928843689000075, -1.133740615999955 ], [ 37.928240204000076, -1.13326673499995 ], [ 37.927080154000066, -1.133369504999962 ], [ 37.925992966000024, -1.133505701999979 ], [ 37.924785614000029, -1.133739172999981 ], [ 37.923637390000067, -1.13414794199997 ], [ 37.922683716000051, -1.134323119999976 ], [ 37.921749115000068, -1.134264647999942 ], [ 37.92068862900004, -1.134001969999929 ], [ 37.919551849000072, -1.133525192999969 ], [ 37.918525696000074, -1.133363047999978 ], [ 37.917195320000076, -1.133106767999948 ], [ 37.915697098000066, -1.132999717999951 ], [ 37.914569855000025, -1.132805108999946 ], [ 37.913555145000032, -1.132610558999943 ], [ 37.912738800000056, -1.132415890999937 ], [ 37.911552429000039, -1.132240771999932 ], [ 37.910345078000034, -1.13198775099994 ], [ 37.90927505500008, -1.131890475999967 ], [ 37.908399582000072, -1.13200724099994 ], [ 37.907562256000062, -1.132474302999981 ], [ 37.906629562000035, -1.132688343999973 ], [ 37.905597687000068, -1.132279693999976 ], [ 37.90462493900003, -1.131608247999964 ], [ 37.903282166000054, -1.131092667999951 ], [ 37.902347565000071, -1.130625545999976 ], [ 37.901607513000044, -1.130112647999965 ], [ 37.888792038000076, -1.130110442999978 ], [ 37.888529460000029, -1.129055459999961 ], [ 37.888288498000065, -1.127635677999933 ], [ 37.888059616000078, -1.126645802999974 ], [ 37.887711334000073, -1.125745176999942 ], [ 37.886601448000079, -1.125258683999959 ], [ 37.885587692000058, -1.124985157999959 ], [ 37.88468043000006, -1.12468886399995 ], [ 37.883408864000046, -1.124364872999934 ], [ 37.882299423000063, -1.124247669999932 ], [ 37.881359100000054, -1.124128778999932 ], [ 37.88020038600007, -1.123986333999937 ], [ 37.879135132000044, -1.123881339999969 ], [ 37.878240585000071, -1.123808025999949 ], [ 37.876176993000058, -1.123989541999947 ], [ 37.875308990000065, -1.124655484999948 ], [ 37.874614716000053, -1.12513172599995 ], [ 37.873653412000067, -1.125219583999979 ], [ 37.872833252000078, -1.125307559999953 ], [ 37.87173398300007, -1.125480472999925 ], [ 37.866944631000024, -1.127977291999969 ], [ 37.86600112900004, -1.127346197999941 ], [ 37.865121841000075, -1.126756280999928 ], [ 37.864056905000041, -1.126148526999941 ], [ 37.863048553000056, -1.125432073999946 ], [ 37.862123871000051, -1.124653458999944 ], [ 37.86152267500006, -1.123977183999955 ], [ 37.860717773000033, -1.123004793999939 ], [ 37.860084534000066, -1.122327029999951 ], [ 37.859594345000062, -1.121741353999937 ], [ 37.858912677000035, -1.120871912999974 ], [ 37.858371735000048, -1.120175957999948 ], [ 37.855731201000026, -1.120407270999976 ], [ 37.854877472000055, -1.120603242999948 ], [ 37.853855133000025, -1.120849996999937 ], [ 37.851957321000043, -1.120938419999959 ], [ 37.851075490000028, -1.120922406999966 ], [ 37.850025177000077, -1.120789229999957 ], [ 37.849115372000028, -1.120658456999934 ], [ 37.848085403000027, -1.120442985999944 ], [ 37.84701347400005, -1.120164900999953 ], [ 37.84606552200006, -1.120122551999941 ], [ 37.845134735000045, -1.120198487999971 ], [ 37.844211578000056, -1.120234488999927 ], [ 37.843306405000078, -1.120127388999947 ], [ 37.842485428000032, -1.120687960999931 ], [ 37.841691971000046, -1.121274008999933 ], [ 37.840107727000031, -1.121325039999931 ], [ 37.838718414000027, -1.121031254999934 ], [ 37.815612793000071, -1.12119817699994 ], [ 37.814298630000053, -1.121203958999956 ], [ 37.808582306000062, -1.121142148999979 ], [ 37.799892426000042, -1.123787402999938 ], [ 37.793742923000025, -1.125181779999934 ], [ 37.794533412000078, -1.124080637999953 ], [ 37.795092583000041, -1.123410284999977 ], [ 37.79585811100003, -1.122883183999932 ], [ 37.796699524000076, -1.121931582999935 ], [ 37.797458649000077, -1.121087789999933 ], [ 37.797898865000036, -1.120338677999939 ], [ 37.797965622000049, -1.118822502999933 ], [ 37.798874537000074, -1.117751160999944 ], [ 37.799890518000041, -1.117911278999941 ], [ 37.800739288000045, -1.117937167999969 ], [ 37.801586151000038, -1.117000460999975 ], [ 37.80193201700007, -1.115829705999943 ], [ 37.801980337000032, -1.114571690999981 ], [ 37.80216312400006, -1.113183944999946 ], [ 37.802392578000024, -1.111885213999926 ], [ 37.80262908900005, -1.110882639999943 ], [ 37.803776169000059, -1.109971176999977 ], [ 37.804512978000048, -1.108993887999929 ], [ 37.804739952000034, -1.108051210999975 ], [ 37.805138588000034, -1.107014730999936 ], [ 37.805813313000044, -1.106010958999946 ], [ 37.806300481000051, -1.104825694999931 ], [ 37.806281408000075, -1.103754321999929 ], [ 37.806570434000037, -1.102636885999971 ], [ 37.807060242000034, -1.101671278999959 ], [ 37.807228088000045, -1.100384711999936 ], [ 37.80774307300004, -1.099537878999968 ], [ 37.807838440000069, -1.098591029999966 ], [ 37.80776596100003, -1.097451618999969 ], [ 37.807930120000037, -1.095978498999955 ], [ 37.808346430000029, -1.094791709999924 ], [ 37.80826187100007, -1.093786000999955 ], [ 37.808143616000052, -1.092979311999954 ], [ 37.808202108000046, -1.092056532999948 ], [ 37.809088230000043, -1.091441019999934 ], [ 37.810295423000071, -1.090630232999956 ], [ 37.810589790000051, -1.08945012099997 ], [ 37.811366272000043, -1.088862490999929 ], [ 37.81178665200008, -1.087836312999968 ], [ 37.812679291000052, -1.087171434999959 ], [ 37.813677788000064, -1.086715101999971 ], [ 37.814420064000046, -1.086082934999979 ], [ 37.81487846400006, -1.085212885999965 ], [ 37.815166473000033, -1.084472417999962 ], [ 37.815687561000061, -1.083538007999948 ], [ 37.816230774000076, -1.082880496999962 ], [ 37.816795349000074, -1.082249839999974 ], [ 37.817505836000066, -1.081321447999926 ], [ 37.818312327000058, -1.080553252999948 ], [ 37.818902969000078, -1.079853892999949 ], [ 37.818851471000073, -1.078800598999976 ], [ 37.818537903000049, -1.077874183999938 ], [ 37.818940735000069, -1.076898359999973 ], [ 37.820101420000071, -1.076304837999942 ], [ 37.820223236000061, -1.075046610999948 ], [ 37.820378113000061, -1.07370831999998 ], [ 37.820373535000044, -1.072497772999952 ], [ 37.820828756000026, -1.071652352999934 ], [ 37.820575714000029, -1.07088515199996 ], [ 37.821153259000027, -1.070360326999946 ], [ 37.822276115000079, -1.070102154999972 ], [ 37.823602676000064, -1.070171832999961 ], [ 37.824795723000079, -1.070711939999967 ], [ 37.825810115000024, -1.070213198999966 ], [ 37.826620738000031, -1.070565620999957 ], [ 37.827669462000074, -1.070930321999924 ], [ 37.828715324000029, -1.070024370999931 ], [ 37.829792023000039, -1.069081524999945 ], [ 37.831070900000043, -1.068267404999972 ], [ 37.831951141000047, -1.067286562999925 ], [ 37.831788381000024, -1.066012978999936 ], [ 37.833314641000072, -1.063775860999954 ], [ 37.834602865000079, -1.063174191999963 ], [ 37.834932327000047, -1.061810969999954 ], [ 37.835266113000046, -1.060991763999937 ], [ 37.83573341400006, -1.05995053099997 ], [ 37.835838318000071, -1.059155225999973 ], [ 37.836376190000067, -1.058077165999975 ], [ 37.837391853000042, -1.057028859999946 ], [ 37.838047028000062, -1.055905699999926 ], [ 37.838775635000047, -1.055335640999942 ], [ 37.839696566000043, -1.054578542999934 ], [ 37.839984894000054, -1.052736639999978 ], [ 37.840363503000049, -1.052058249999959 ], [ 37.84114646900008, -1.052009224999949 ], [ 37.841963959000054, -1.051804470999969 ], [ 37.842662811000025, -1.051492690999964 ], [ 37.843446732000075, -1.05128610099996 ], [ 37.844019890000027, -1.050481765999962 ], [ 37.844378471000027, -1.049549042999956 ], [ 37.844564165000065, -1.048547250999945 ], [ 37.845221201000072, -1.048071860999926 ], [ 37.845928955000034, -1.047344332999955 ], [ 37.845800127000075, -1.045923573999971 ], [ 37.846080144000041, -1.044865051999977 ], [ 37.84654007000006, -1.044232058999967 ], [ 37.847233772000038, -1.043207048999932 ], [ 37.848075867000034, -1.04217725999996 ], [ 37.848229599000035, -1.041257059999964 ], [ 37.848045349000074, -1.040194510999925 ], [ 37.847973506000073, -1.03896535399997 ], [ 37.847789764000026, -1.037896573999944 ], [ 37.847736359000066, -1.036843656999963 ], [ 37.84757105500006, -1.03558413199994 ], [ 37.847407023000073, -1.034697929999936 ], [ 37.84713236500005, -1.033872087999953 ], [ 37.84739494300004, -1.033127039999954 ], [ 37.84736442600007, -1.032045766999943 ], [ 37.846694946000071, -1.030642384999965 ], [ 37.846332550000056, -1.029400586999941 ], [ 37.846794128000056, -1.028436064999937 ], [ 37.84774589500006, -1.027529268999956 ], [ 37.848740896000038, -1.026355981999927 ], [ 37.848834991000047, -1.02512377499994 ], [ 37.849037806000069, -1.023686468999927 ], [ 37.849089050000032, -1.022173141999929 ], [ 37.84900665300006, -1.021019875999968 ], [ 37.849304199000073, -1.019817143999944 ], [ 37.849364281000078, -1.017370581999955 ], [ 37.849739075000059, -1.016492366999955 ], [ 37.849623362000045, -1.015728870999965 ], [ 37.849232992000054, -1.014979580999977 ], [ 37.849075317000029, -1.014064788999974 ], [ 37.849156697000069, -1.013291120999952 ], [ 37.849435171000039, -1.012553055999945 ], [ 37.849893188000067, -1.011612486999979 ], [ 37.850059509000062, -1.010471939999945 ], [ 37.850178719000041, -1.009341239999969 ], [ 37.85038909900004, -1.008356189999972 ], [ 37.850140572000043, -1.006956725999942 ], [ 37.85007476800007, -1.005995273999929 ], [ 37.850329590000058, -1.005175447999932 ], [ 37.850727081000059, -1.004266142999938 ], [ 37.851048787000025, -1.003324845999941 ], [ 37.849949519000063, -1.002826769999956 ], [ 37.849057770000059, -1.002334618999953 ], [ 37.84894943200004, -1.001489936999974 ], [ 37.848908742000049, -1.000622669999927 ], [ 37.847862244000055, -1.000114321999945 ], [ 37.846872330000053, -0.999133780999955 ], [ 37.84666315700008, -0.997890481999946 ], [ 37.846101379000061, -0.996871304999956 ], [ 37.846134186000029, -0.995944928999961 ], [ 37.846172333000027, -0.995076179999955 ], [ 37.84675661700004, -0.994116951999956 ], [ 37.84790547700004, -0.993826478999949 ], [ 37.849409739000066, -0.994420527999978 ], [ 37.850255694000055, -0.994185583999979 ], [ 37.850412369000026, -0.993160843999931 ], [ 37.84975496900006, -0.992543607999949 ], [ 37.849500656000032, -0.991582591999929 ], [ 37.84982554100003, -0.990859150999938 ], [ 37.850479762000077, -0.990118830999961 ], [ 37.851147652000066, -0.98913009499995 ], [ 37.852210045000049, -0.988614335999955 ], [ 37.853271484000061, -0.987444042999925 ], [ 37.853928884000027, -0.986716786999978 ], [ 37.855190277000077, -0.986503615999936 ], [ 37.855637868000031, -0.985789258999944 ], [ 37.856502533000025, -0.985739667999951 ], [ 37.857467651000036, -0.985792338999943 ], [ 37.85847663900006, -0.985691626999937 ], [ 37.858810425000058, -0.984667270999978 ], [ 37.859138489000031, -0.983923434999951 ], [ 37.860137939000026, -0.983137756999952 ], [ 37.861112595000066, -0.982617049999931 ], [ 37.862451553000028, -0.982500850999941 ], [ 37.863670349000074, -0.982666164999955 ], [ 37.86454391500007, -0.98283091199994 ], [ 37.865520477000075, -0.982572912999956 ], [ 37.865374883000072, -0.981674024999961 ], [ 37.864560604000076, -0.980858593999926 ], [ 37.864034653000033, -0.980218171999979 ], [ 37.863258362000067, -0.980213542999934 ], [ 37.86232452400003, -0.980032073999951 ], [ 37.862576008000076, -0.978460847999941 ], [ 37.863784790000068, -0.978160281999976 ], [ 37.864692688000048, -0.977740267999934 ], [ 37.865729523000027, -0.977407121999931 ], [ 37.866820335000057, -0.977849527999979 ], [ 37.867948532000071, -0.977763697999933 ], [ 37.868040562000033, -0.974180519999948 ], [ 37.867109680000056, -0.973215710999966 ], [ 37.866001892000043, -0.972825037999939 ], [ 37.864447276000078, -0.973246216999939 ], [ 37.863413811000044, -0.973832800999958 ], [ 37.862472534000062, -0.97394666699995 ], [ 37.862159729000041, -0.972922861999962 ], [ 37.862500763000071, -0.972081505999938 ], [ 37.863379796000061, -0.971347351999952 ], [ 37.863417308000066, -0.970518826999978 ], [ 37.863699849000056, -0.969011312999953 ], [ 37.862522125000055, -0.968777012999965 ], [ 37.861517588000027, -0.968532144999926 ], [ 37.860460917000069, -0.968139285999939 ], [ 37.859350840000047, -0.967794298999934 ], [ 37.858257294000055, -0.966931372999966 ], [ 37.857531547000065, -0.965888107999945 ], [ 37.856201172000056, -0.965890919999936 ], [ 37.855134010000029, -0.966036438999936 ], [ 37.854326248000064, -0.966127067999935 ], [ 37.853588104000039, -0.966625690999933 ], [ 37.852813721000075, -0.966615219999937 ], [ 37.852142334000064, -0.966224133999958 ], [ 37.851082802000064, -0.965979814999969 ], [ 37.850058238000031, -0.965705890999971 ], [ 37.849254608000024, -0.965900122999926 ], [ 37.84847895300004, -0.965820451999946 ], [ 37.848189354000056, -0.964641481999934 ], [ 37.847070058000043, -0.964697400999967 ], [ 37.846054077000076, -0.965329825999959 ], [ 37.845095634000074, -0.964839428999937 ], [ 37.84450683600005, -0.96382700199996 ], [ 37.845509529000026, -0.963077306999935 ], [ 37.846786499000075, -0.962976425999955 ], [ 37.847735087000046, -0.962170878999927 ], [ 37.848901749000049, -0.961459785999978 ], [ 37.849992752000048, -0.961302905999958 ], [ 37.850694021000038, -0.960907240999973 ], [ 37.850692749000075, -0.959701284999937 ], [ 37.851312637000035, -0.959251217999963 ], [ 37.851814270000034, -0.960152327999936 ], [ 37.851906776000078, -0.961074336999957 ], [ 37.852361679000069, -0.962137817999974 ], [ 37.853204727000048, -0.962853147999965 ], [ 37.854059601000074, -0.962312018999967 ], [ 37.853851319000057, -0.960921743999961 ], [ 37.853785833000074, -0.959484844999963 ], [ 37.853818893000039, -0.958396642999958 ], [ 37.853145599000072, -0.957646866999937 ], [ 37.852054596000073, -0.956745504999958 ], [ 37.85068130500008, -0.955236315999969 ], [ 37.850060781000025, -0.954470236999953 ], [ 37.849447886000064, -0.953481495999938 ], [ 37.849122047000037, -0.952572553999971 ], [ 37.849491119000049, -0.951777278999941 ], [ 37.850238800000056, -0.951246767999976 ], [ 37.851283482000042, -0.950496213999941 ], [ 37.850643158000025, -0.949565767999957 ], [ 37.850128174000076, -0.948960601999943 ], [ 37.84945964800005, -0.948182507999945 ], [ 37.84849611900006, -0.947825014999978 ], [ 37.847143809000045, -0.947800099999938 ], [ 37.846316020000074, -0.947282095999981 ], [ 37.846338272000025, -0.946256070999937 ], [ 37.846892357000058, -0.945280864999972 ], [ 37.847648621000076, -0.944447993999972 ], [ 37.848310471000048, -0.943860500999961 ], [ 37.848264503000053, -0.943007254999941 ], [ 37.847019196000076, -0.94281187699994 ], [ 37.84619665200006, -0.942286967999962 ], [ 37.846316020000074, -0.941113074999976 ], [ 37.847006162000071, -0.940218135999942 ], [ 37.848072052000077, -0.940555601999961 ], [ 37.849920273000066, -0.941649212999948 ], [ 37.850830078000058, -0.94083201899997 ], [ 37.851579666000077, -0.939919292999946 ], [ 37.852237224000078, -0.938939026999947 ], [ 37.852245331000063, -0.93782770599995 ], [ 37.852001190000067, -0.937044172999947 ], [ 37.851725578000071, -0.935796498999935 ], [ 37.850996017000057, -0.935218676999966 ], [ 37.850460053000063, -0.936065464999956 ], [ 37.849465688000066, -0.936822552999956 ], [ 37.848780823000027, -0.936186444999976 ], [ 37.848976771000025, -0.93494259299996 ], [ 37.850203196000052, -0.934272904999943 ], [ 37.851017761000037, -0.933762573999957 ], [ 37.850874583000063, -0.932857672999944 ], [ 37.849905014000058, -0.931752562999975 ], [ 37.848962784000037, -0.930688926999949 ], [ 37.847550392000073, -0.929651498999931 ], [ 37.847134590000053, -0.928812354999934 ], [ 37.846223450000025, -0.928176021999946 ], [ 37.844938278000029, -0.928030237999963 ], [ 37.843687057000068, -0.927892028999963 ], [ 37.842475891000049, -0.927752160999944 ], [ 37.841680527000051, -0.927469923999979 ], [ 37.84397602100006, -0.925245239999924 ], [ 37.84429550200008, -0.924066821999929 ], [ 37.84366607700008, -0.923566221999977 ], [ 37.842747370000041, -0.923673132999966 ], [ 37.841373444000055, -0.923984646999941 ], [ 37.840526581000063, -0.923687383999948 ], [ 37.841086388000065, -0.922804250999945 ], [ 37.841981252000039, -0.921729782999932 ], [ 37.842519379000066, -0.92073073399996 ], [ 37.842695872000036, -0.919912893999935 ], [ 37.841516495000064, -0.91961809999998 ], [ 37.840343475000054, -0.920011817999978 ], [ 37.83924102800006, -0.92036116099996 ], [ 37.837861252000039, -0.920207982999955 ], [ 37.838214874000073, -0.919176995999976 ], [ 37.83827463800003, -0.917400096999927 ], [ 37.838295937000055, -0.91613949799995 ], [ 37.838172913000051, -0.915153830999941 ], [ 37.838167191000025, -0.914290725999933 ], [ 37.838514710000027, -0.913396643999931 ], [ 37.838550568000073, -0.912283936999927 ], [ 37.838470459000064, -0.911440610999932 ], [ 37.838621140000043, -0.910663663999969 ], [ 37.838460541000074, -0.909848963999934 ], [ 37.837163925000027, -0.909921615999963 ], [ 37.836175919000027, -0.910566657999937 ], [ 37.835578919000056, -0.911061703999962 ], [ 37.83464050300006, -0.912068217999945 ], [ 37.834142049000036, -0.912730216999933 ], [ 37.833237648000079, -0.912576220999938 ], [ 37.833728790000066, -0.911519065999926 ], [ 37.833686193000062, -0.910371819999966 ], [ 37.832813263000048, -0.909911532999956 ], [ 37.832804362000047, -0.908985137999935 ], [ 37.833242416000076, -0.907783537999933 ], [ 37.834438324000075, -0.907533257999944 ], [ 37.835823695000045, -0.907577047999951 ], [ 37.836920166000027, -0.907004689999951 ], [ 37.836931864000064, -0.905553539999971 ], [ 37.835901260000071, -0.905112593999945 ], [ 37.834766388000048, -0.905299365999952 ], [ 37.833824158000027, -0.905568360999951 ], [ 37.832979202000047, -0.905747651999945 ], [ 37.831813812000064, -0.90561315399998 ], [ 37.830619812000066, -0.90517985799994 ], [ 37.830210368000053, -0.904497463999974 ], [ 37.83029683400008, -0.903505831999951 ], [ 37.829893748000075, -0.902509510999948 ], [ 37.829193115000066, -0.901927828999931 ], [ 37.828384399000072, -0.901414393999971 ], [ 37.827661514000056, -0.901160105999963 ], [ 37.826726913000073, -0.900913834999926 ], [ 37.825746536000054, -0.900484248999931 ], [ 37.824718475000054, -0.900054692999959 ], [ 37.823911667000061, -0.899994909999975 ], [ 37.82308960000006, -0.900189041999965 ], [ 37.822034836000057, -0.900368391999962 ], [ 37.820703506000029, -0.900380014999939 ], [ 37.819795609000039, -0.900293707999936 ], [ 37.818681717000061, -0.900095760999932 ], [ 37.818216324000048, -0.898950308999929 ], [ 37.818182945000046, -0.897090166999931 ], [ 37.818599701000039, -0.89598289099996 ], [ 37.819452286000057, -0.895325451999952 ], [ 37.820728302000077, -0.895258187999957 ], [ 37.821826935000047, -0.895422577999966 ], [ 37.822519938000028, -0.895082214999945 ], [ 37.822647095000036, -0.894167392999975 ], [ 37.823066711000024, -0.893211264999934 ], [ 37.823797862000049, -0.892116526999928 ], [ 37.824164391000068, -0.890985063999949 ], [ 37.823242505000053, -0.890955561999931 ], [ 37.822233836000066, -0.89084324199996 ], [ 37.822410584000068, -0.889549016999979 ], [ 37.821978251000075, -0.888414620999924 ], [ 37.821409225000025, -0.887689947999945 ], [ 37.821132660000046, -0.886853187999975 ], [ 37.821352641000033, -0.885844965999979 ], [ 37.821603139000047, -0.885056375999966 ], [ 37.82094081200006, -0.884177187999967 ], [ 37.819905281000047, -0.883240870999941 ], [ 37.820200920000048, -0.882396667999956 ], [ 37.821411896000029, -0.882799022999961 ], [ 37.822019577000049, -0.882079123999972 ], [ 37.821407954000051, -0.88124824099998 ], [ 37.821635246000028, -0.87973320499998 ], [ 37.822448731000065, -0.878579953999974 ], [ 37.823521932000062, -0.877001900999971 ], [ 37.824247360000072, -0.876416027999937 ], [ 37.825180054000043, -0.87630397099997 ], [ 37.825691986000038, -0.875372239999933 ], [ 37.824671745000046, -0.874628915999949 ], [ 37.823788643000057, -0.873621865999951 ], [ 37.824180603000059, -0.872604558999967 ], [ 37.825535202000026, -0.87264442399993 ], [ 37.826484680000078, -0.873013396999966 ], [ 37.827238719000036, -0.872423509999976 ], [ 37.827436447000025, -0.87141279399998 ], [ 37.827159882000046, -0.870439111999929 ], [ 37.826736450000055, -0.86968815299997 ], [ 37.826396942000031, -0.868979056999933 ], [ 37.825942358000077, -0.867787996999937 ], [ 37.826033274000054, -0.86679855999995 ], [ 37.826665242000047, -0.866040884999961 ], [ 37.827428818000044, -0.865694969999936 ], [ 37.828563690000067, -0.865747272999954 ], [ 37.829574585000046, -0.865620254999953 ], [ 37.830416362000051, -0.865071912999952 ], [ 37.831507683000041, -0.864439829999981 ], [ 37.831741969000063, -0.863164772999937 ], [ 37.831001282000045, -0.86226570599996 ], [ 37.830299377000074, -0.861780106999959 ], [ 37.829366048000054, -0.861370622999971 ], [ 37.828446388000032, -0.860823839999966 ], [ 37.828627269000037, -0.860047836999968 ], [ 37.828937531000065, -0.859336971999937 ], [ 37.829132080000079, -0.858440517999952 ], [ 37.829619884000067, -0.857480160999955 ], [ 37.831039429000043, -0.857499256999972 ], [ 37.832642364000037, -0.85757954099995 ], [ 37.832950020000055, -0.856117371999972 ], [ 37.832941437000045, -0.854943310999943 ], [ 37.831912994000049, -0.854615310999975 ], [ 37.83100414300003, -0.854021339999974 ], [ 37.831579208000051, -0.853227594999964 ], [ 37.832625071000052, -0.852716028999964 ], [ 37.833526611000025, -0.85237395799993 ], [ 37.834527969000078, -0.852164744999925 ], [ 37.836279551000075, -0.851574748999951 ], [ 37.836916606000045, -0.850071638999964 ], [ 37.837930679000067, -0.849101617999963 ], [ 37.838172913000051, -0.848354517999951 ], [ 37.837604523000039, -0.847779213999956 ], [ 37.836611748000053, -0.846506796999961 ], [ 37.837014198000077, -0.845301120999977 ], [ 37.837934494000081, -0.84472346299998 ], [ 37.838891983000053, -0.844678699999974 ], [ 37.839714050000055, -0.84482812899995 ], [ 37.84073829700003, -0.844979032999959 ], [ 37.841738383000063, -0.844619631999933 ], [ 37.842147827000076, -0.843931614999974 ], [ 37.842723846000069, -0.842967837999936 ], [ 37.843723297000054, -0.84255692399995 ], [ 37.844631672000048, -0.84190242699998 ], [ 37.844039917000032, -0.841354041999978 ], [ 37.84317016600005, -0.841294258999937 ], [ 37.84207153300008, -0.84098591399993 ], [ 37.841486613000029, -0.840116341999931 ], [ 37.841491699000073, -0.839209854999979 ], [ 37.841721853000024, -0.83817974699997 ], [ 37.841873169000053, -0.83710797599997 ], [ 37.841157913000075, -0.836480900999959 ], [ 37.840496063000046, -0.835927525999978 ], [ 37.84099451700007, -0.834972827999934 ], [ 37.842168808000054, -0.834532916999933 ], [ 37.843340874000035, -0.834285437999938 ], [ 37.844697952000047, -0.834009855999966 ], [ 37.84580993700007, -0.833815693999952 ], [ 37.846525192000058, -0.833539276999943 ], [ 37.847362518000068, -0.833352505999926 ], [ 37.84831237800006, -0.833098440999947 ], [ 37.848970413000075, -0.832702487999939 ], [ 37.848774910000031, -0.831683784999939 ], [ 37.848003387000063, -0.830766438999945 ], [ 37.847467422000079, -0.829973051999957 ], [ 37.847161293000056, -0.828813775999947 ], [ 37.845967865000034, -0.828545283999972 ], [ 37.845621109000035, -0.827633350999974 ], [ 37.845956802000046, -0.826710640999977 ], [ 37.846492767000029, -0.826125895999951 ], [ 37.847307841000031, -0.825681129999964 ], [ 37.847601573000077, -0.824707527999976 ], [ 37.847669601000064, -0.823724269999957 ], [ 37.847579956000061, -0.821935156999928 ], [ 37.847188677000076, -0.820835964999958 ], [ 37.846107483000026, -0.820081382999945 ], [ 37.84517097500003, -0.819738238999946 ], [ 37.844500542000048, -0.819320827999945 ], [ 37.843377431000079, -0.818678845999955 ], [ 37.843709310000065, -0.817443608999952 ], [ 37.844154358000026, -0.816603004999934 ], [ 37.844428380000068, -0.815677513999958 ], [ 37.845146942000042, -0.81464865199996 ], [ 37.845902443000057, -0.813770442999953 ], [ 37.845418930000051, -0.812563031999957 ], [ 37.844915830000048, -0.811426547999929 ], [ 37.845445633000054, -0.810783564999952 ], [ 37.84631919900005, -0.810526221999964 ], [ 37.847476959000062, -0.810487597999952 ], [ 37.848316193000073, -0.810577690999935 ], [ 37.849111557000072, -0.810835003999955 ], [ 37.85028266900008, -0.810835003999955 ], [ 37.85147857700008, -0.810551940999972 ], [ 37.85232925400004, -0.810217439999974 ], [ 37.853653908000069, -0.809927924999954 ], [ 37.854799271000047, -0.809857159999979 ], [ 37.855879466000033, -0.809908647999976 ], [ 37.856664658000057, -0.810281753999959 ], [ 37.857450485000072, -0.810963689999937 ], [ 37.858375549000073, -0.811536237999974 ], [ 37.859624863000079, -0.811709939999957 ], [ 37.861033440000028, -0.811690627999951 ], [ 37.862379074000046, -0.811516940999979 ], [ 37.863380432000042, -0.811272471999928 ], [ 37.864680290000024, -0.810648440999955 ], [ 37.865530014000058, -0.810114532999933 ], [ 37.866277695000065, -0.80975422299997 ], [ 37.867202759000065, -0.810011624999959 ], [ 37.868179321000071, -0.810243129999947 ], [ 37.86958313000008, -0.81070634699995 ], [ 37.870802561000062, -0.810586829999977 ], [ 37.871898651000038, -0.810217380999973 ], [ 37.872863770000038, -0.809882878999929 ], [ 37.873956680000049, -0.809381067999936 ], [ 37.87501080800007, -0.808598353999969 ], [ 37.875987053000074, -0.807352418999926 ], [ 37.877058029000068, -0.806421726999929 ], [ 37.877830505000077, -0.806203066999956 ], [ 37.878705978000028, -0.806466757999942 ], [ 37.879639626000028, -0.807322412999952 ], [ 37.880571365000037, -0.807618349999927 ], [ 37.881561279000039, -0.807592629999931 ], [ 37.882373810000047, -0.807592629999931 ], [ 37.883420944000079, -0.807444631999942 ], [ 37.884288788000049, -0.807026475999976 ], [ 37.884662628000058, -0.806305914999939 ], [ 37.884622574000048, -0.805533915999945 ], [ 37.88440195700008, -0.80472763399996 ], [ 37.884354591000033, -0.803558907999957 ], [ 37.883813858000053, -0.802150010999981 ], [ 37.883518219000052, -0.801365136999948 ], [ 37.883068085000048, -0.80068319999998 ], [ 37.882386525000072, -0.799941221999973 ], [ 37.881677628000034, -0.799370765999925 ], [ 37.880970001000037, -0.798971890999951 ], [ 37.880214691000049, -0.798277119999966 ], [ 37.879825592000032, -0.797595172999934 ], [ 37.879703522000057, -0.796655922999946 ], [ 37.879644394000024, -0.795600860999969 ], [ 37.879594803000032, -0.794146894999926 ], [ 37.87945175200008, -0.792718708999928 ], [ 37.879675547000033, -0.791809498999953 ], [ 37.880674362000036, -0.790795146999926 ], [ 37.881902695000065, -0.79018397599998 ], [ 37.882861455000068, -0.789270450999936 ], [ 37.883351326000025, -0.788163914999927 ], [ 37.883350372000052, -0.787276118999955 ], [ 37.883323669000049, -0.786504089999937 ], [ 37.883415222000053, -0.785127371999977 ], [ 37.883499146000077, -0.783885731999931 ], [ 37.883522669000058, -0.782558242999926 ], [ 37.884296099000039, -0.781764859999953 ], [ 37.885452906000069, -0.781237283999928 ], [ 37.886734645000047, -0.780960678999975 ], [ 37.887826920000066, -0.780521064999959 ], [ 37.889019012000063, -0.780199408999977 ], [ 37.890174866000052, -0.779888629999959 ], [ 37.891057968000041, -0.779723345999969 ], [ 37.892061869000031, -0.779697596999938 ], [ 37.892910004000044, -0.779401689999929 ], [ 37.892969131000029, -0.778269439999974 ], [ 37.892704010000045, -0.776764034999928 ], [ 37.892551422000054, -0.77547734999996 ], [ 37.892574310000043, -0.774036347999925 ], [ 37.892292023000039, -0.772646724999959 ], [ 37.89216613800005, -0.77159160399998 ], [ 37.891984940000043, -0.770755290999944 ], [ 37.891571045000035, -0.769893198999966 ], [ 37.89109039300007, -0.768786653999939 ], [ 37.890757243000053, -0.767482856999948 ], [ 37.891353607000042, -0.766432061999978 ], [ 37.892257690000065, -0.765904525999929 ], [ 37.893053055000053, -0.765402733999963 ], [ 37.893848419000051, -0.764810859999955 ], [ 37.894625346000055, -0.764369090999935 ], [ 37.89554061900003, -0.763717209999925 ], [ 37.896436691000076, -0.763163893999945 ], [ 37.897352854000076, -0.762705007999955 ], [ 37.89818573000008, -0.762198894999926 ], [ 37.89898300200008, -0.761684238999976 ], [ 37.900026321000041, -0.761028050999926 ], [ 37.900888443000042, -0.760268896999946 ], [ 37.901710510000044, -0.759359657999937 ], [ 37.902406693000046, -0.758467584999948 ], [ 37.902954102000024, -0.75745111699996 ], [ 37.903080750000072, -0.755966901999955 ], [ 37.90343030300005, -0.754599004999932 ], [ 37.903988838000032, -0.753475293999941 ], [ 37.904811859000063, -0.752934902999925 ], [ 37.905416489000061, -0.752381622999962 ], [ 37.90608596800007, -0.751673966999931 ], [ 37.906974792000028, -0.750889092999955 ], [ 37.907778422000035, -0.749722529999929 ], [ 37.908504486000027, -0.748791813999958 ], [ 37.909084320000034, -0.74822568899998 ], [ 37.909507751000035, -0.747556626999938 ], [ 37.91002273600003, -0.746604501999968 ], [ 37.910305023000035, -0.745858251999948 ], [ 37.91046142600004, -0.745086192999963 ], [ 37.910793304000038, -0.744031130999929 ], [ 37.911026001000039, -0.743181943999957 ], [ 37.911193848000039, -0.742397099999948 ], [ 37.912013524000031, -0.741552727999931 ], [ 37.912353516000053, -0.742327242999977 ], [ 37.913225174000047, -0.742915674999949 ], [ 37.914295197000058, -0.74333599199997 ], [ 37.91519037900008, -0.743988135999928 ], [ 37.916282654000042, -0.744986652999955 ], [ 37.916893005000077, -0.745475768999938 ], [ 37.917871475000027, -0.746025979999956 ], [ 37.918804169000055, -0.745705008999948 ], [ 37.919712067000034, -0.74529997999997 ], [ 37.920684814000026, -0.745307594999929 ], [ 37.921569824000073, -0.744787990999953 ], [ 37.922976812000059, -0.744940806999978 ], [ 37.924182892000033, -0.74520827799995 ], [ 37.924917221000044, -0.74634696499993 ], [ 37.925605774000076, -0.747218131999944 ], [ 37.926536560000045, -0.747424452999951 ], [ 37.926940918000071, -0.745850204999954 ], [ 37.927316666000024, -0.744833826999979 ], [ 37.927270889000056, -0.744069605999925 ], [ 37.926658630000077, -0.743152617999954 ], [ 37.925804138000046, -0.741486578999968 ], [ 37.926239014000032, -0.740760638999973 ], [ 37.927235921000033, -0.740248620999978 ], [ 37.927427673000068, -0.738928079999937 ], [ 37.928249359000063, -0.739255159999971 ] ] ] ] } }
]
}
